,Description,ConduitType
4,"""1""""CONDUIT-EMT""",CONDUIT - EMT
12,EMT COND 1,CONDUIT - EMT
13,EMT COND 3/4,CONDUIT - EMT
17,GRC 1-1/4,CONDUIT - GRC
22,LT STR FLEX 1-1/4,CONDUIT - FLEX
23,LT STR FLEX 3/4,CONDUIT - FLEX
28,GRC 1,CONDUIT - GRC
47,EMT 3/4,CONDUIT - EMT
50,EMT 1,CONDUIT - EMT
61,SQZ FLEX 2,CONDUIT - FLEX
62,EMT 15D EL 2-1/2,CONDUIT - EMT
67,EMT 2-1/2,CONDUIT - EMT
112,STL FLEX 3/4,CONDUIT - FLEX
113,SQZ FLEX 3/4,CONDUIT - FLEX
116,PVC COND 2,CONDUIT - PVC
124,LT STR FLEX 2,CONDUIT - FLEX
131,STL FLEX 1/2,CONDUIT - FLEX
143,EMT 2,CONDUIT - EMT
153,SQZ FLEX 1/2,CONDUIT - FLEX
163,FLEX 1/2,CONDUIT - FLEX
164,FLEX 3/4,CONDUIT - FLEX
170,FLEXCON 1,CONDUIT - FLEX
180,M4 EMT 3/4,CONDUIT - EMT
185,LT STR FLEXCON 1,CONDUIT - FLEX
213,SQZ FLEX 1-1/2,CONDUIT - FLEX
232,"3/4"" RED EMT",CONDUIT - EMT
247,"FLEXIBLE STEEL CONDUIT, 1/2"", ",CONDUIT - FLEX
262,APPLETON TWCC75 EMT COMBINATI,CONDUIT - EMT
264,"FLEXIBLE STEEL CONDUIT, 3/4"", ",CONDUIT - FLEX
281,"1/2"" steel flex",CONDUIT - FLEX
286,"1"" steel flex",CONDUIT - FLEX
294,"1"" EMT",CONDUIT - EMT
301,"1 1/4"" Liquid tight flex (meta",CONDUIT - FLEX
308,EMT 1-1/4,CONDUIT - EMT
444,"EMT Conduit, 3/4"", Galvanized ",CONDUIT - EMT
466,"1 1/2"" EMT conduit",CONDUIT - EMT
472,"1"" seal tight flex (metal insi",CONDUIT - FLEX
611,PVC COND 3/4,CONDUIT - PVC
628,PVC COND 1-1/2,CONDUIT - PVC
629,PVC COND 1,CONDUIT - PVC
639,PVC COND 1-1/4,CONDUIT - PVC
648,PVC COND 4,CONDUIT - PVC
669,EMT 1/2,CONDUIT - EMT
676,GRC 3/4,CONDUIT - GRC
678,GRC 1-1/2,CONDUIT - GRC
679,GRC 2,CONDUIT - GRC
701,2” Pvc Scd 40,CONDUIT - PVC
702,1-1/4 Pvc Scd 40,CONDUIT - PVC
712,1” Pvc Ma,CONDUIT - PVC
723,"3"" PVC Conduit, 10', Schedule ",CONDUIT - PVC
725,"Rigid Conduit, 2"", Galvanized ",CONDUIT - GRC
755,1-1/4 Scd Pvc,CONDUIT - PVC
759,"Rigid Conduit, 3/4"", Galvanize",CONDUIT - GRC
769,1-1/2 Rigid Metal Conduit,CONDUIT - GRC
770,2-1/2 Rigid Metal Conduit,CONDUIT - GRC
786,1” Scd 40 Pvc,CONDUIT - PVC
880,"3/4"" EMT ",CONDUIT - EMT
882,"foot 1/2"" steel flex",CONDUIT - FLEX
895,3/4” EMT,CONDUIT - EMT
929,3/4 Emt,CONDUIT - EMT
934,3” PVC MA’s,CONDUIT - PVC
974,1”emt,CONDUIT - EMT
981,1” Emt,CONDUIT - EMT
986,3/4 Steel Flex,CONDUIT - FLEX
992,"Flexible Steel Conduit, 1/2"", ",CONDUIT - FLEX
998,"[EMT] 1"" Conduit",CONDUIT - EMT
999,"[EMT] 3/4"" Conduit",CONDUIT - EMT
1016,[Metallic Flexible Conduit] Al,CONDUIT - FLEX
1050,3/4 emt,CONDUIT - EMT
1051,1” emt,CONDUIT - EMT
1055,[Metallic Flexible Conduit] St,CONDUIT - FLEX
1109,"EMT Conduit, 1"", Galvanized St",CONDUIT - EMT
1143,2” Metal Flex,CONDUIT - FLEX
1144,1-1/2” Metal Flex,CONDUIT - FLEX
1145,2-1/2 Metal Flex,CONDUIT - FLEX
1169,3/4 Flex Metal Flex Conduit,CONDUIT - FLEX
1173,"EMT Conduit, 1-1/2"", Galvanize",CONDUIT - EMT
1183,1/2 Metal Flex,CONDUIT - FLEX
1187,1” Metal Flex,CONDUIT - FLEX
1196,3” Sealtight,CONDUIT - FLEX
1199,3/4”:sealtight,CONDUIT - FLEX
1211,"[EMT] 3 1/2"" Conduit",CONDUIT - EMT
1232,1/2” Steel Metal Flex,CONDUIT - FLEX
1347,PVC COND 3,CONDUIT - PVC
1415,GRC 4,CONDUIT - GRC
1416,GRC 3,CONDUIT - GRC
1454,"[PVC] 3/4"", Schedule 40, 10' S",CONDUIT - PVC
1467,Panduit ST35-075-66YL PVC Elec,CONDUIT - PVC
1500,"3/4"" PVC Conduit, 10', Schedul",CONDUIT - PVC
1501,"[PVC] 1 1/2"", Schedule 40, 10'",CONDUIT - PVC
1508,"[GRC/RMC] 2"", 10' Sticks",CONDUIT - GRC
1512,"Carlon E986L 3"" LB PVC Conduit",CONDUIT - PVC
1524,"2"" GRC ",CONDUIT - GRC
1525,"3"" GRC ",CONDUIT - GRC
1543,"3/4"" x 10' Sticks of GRC ",CONDUIT - GRC
1602,"[PVC] 6"", Schedule 40, 20' Sti",CONDUIT - PVC
1609,"6"" PVC SCHED 40 - 20' LENGTHS",CONDUIT - PVC
1612,"[PVC] 4"", Schedule 40, 20' Sti",CONDUIT - PVC
1613,"[PVC] 3"", Schedule 40, 10' Sti",CONDUIT - PVC
1635,"[PVC] 4"", Schedule 40, 10' Sti",CONDUIT - PVC
1643,"[PVC] 1/2"", Schedule 40, 10' S",CONDUIT - PVC
1672,"[PVC] 1"", Schedule 40, 10' Sti",CONDUIT - PVC
1694,"[PVC] 1 1/4"", Schedule 40, 10'",CONDUIT - PVC
1714,GRC 5,CONDUIT - GRC
1729,LT FLEX 1/2,CONDUIT - FLEX
1743,"[EMT] 3/4"", 10' Sticks",CONDUIT - EMT
1747,"[EMT] 1"", 10' Sticks",CONDUIT - EMT
1754,"[EMT] 4"", 10' Sticks",CONDUIT - EMT
1755,"[EMT] 3"", 10' Sticks",CONDUIT - EMT
1774,781 through thestudconduit sup,UNK
1779,"[EMT] 3 1/2"", 10' Sticks",CONDUIT - EMT
1884,"[EMT] 2"" Conduit",CONDUIT - EMT
1885,"[EMT] 1 1/2"" Conduit",CONDUIT - EMT
1886,"[EMT] 3"" Conduit",CONDUIT - EMT
1905,[Metallic Flexible Conduit Con,CONDUIT - FLEX
1922,"[EMT] 4"" Conduit",CONDUIT - EMT
2073,"[EMT] 1 1/4"" Conduit",CONDUIT - EMT
2079,TPZ ELB2CG 3/4 AL EMT LB COND ,CONDUIT - EMT
2083,"[ENT] 3/4"", 200'",CONDUIT - ENT
2086,3/4 L/T FLEX PVC,CONDUIT - FLEX
2126,1-STEEL THINWALL CONDUIT,CONDUIT - GRC
2307,"[EMT] 1 1/4"", 10' Sticks",CONDUIT - EMT
2391,"[EMT] 2"", 10' Sticks",CONDUIT - EMT
2471,[Metallic Flexible Conduit Co,CONDUIT - FLEX
2947,"[PVC] 4"", Schedule 40, 20' St",CONDUIT - PVC
2950,"[PVC] 2"", Schedule 40, 20' St",CONDUIT - PVC
2973,"3/4"" PVC SCH 40",CONDUIT - PVC
2976,"1"" PVC Conduit, 10', Schedule ",CONDUIT - PVC
2988,"4"" PVC CONDUIT, 10', SCHEDULE ",CONDUIT - PVC
2989,"2"" PVC CONDUIT, 10', SCHEDULE ",CONDUIT - PVC
3011,"1-1/2"" PVC Conduit, 10', Sched",CONDUIT - PVC
3023,"1 ""  PVC SCH 40",CONDUIT - PVC
3042,"2 1/2"" pvc conduit-10' sticks",CONDUIT - PVC
3046,"2"" PVC Conduit, 10', Schedule ",CONDUIT - PVC
3058,"4"" PVC Conduit, 10', Schedule ",CONDUIT - PVC
3059,"2 1/2""  PVC SCH 40",CONDUIT - PVC
3062,"1-1/2"" PVC Conduit, 10', Sche",CONDUIT - PVC
3063,"3"" PVC Conduit, 10', Schedule",CONDUIT - PVC
3109,GRC 6,CONDUIT - GRC
3117,"[EMT] 1/2"" Conduit",CONDUIT - EMT
3121,3/4 ent correctors,CONDUIT - ENT
3125,"1-1/2"" PVC Utility Duct, 20', ",CONDUIT - PVC
3207,"3/4"" ENT",CONDUIT - ENT
3258,"1"" ENT",CONDUIT - ENT
3265,"[EMT] 3/4"" Conduit, Gray",CONDUIT - EMT
3266,"[EMT] 1"" Conduit, Gray",CONDUIT - EMT
3283,ENT COND 3/4,CONDUIT - ENT
3416,"[PVC] 2"", Schedule 40, 10' Sti",CONDUIT - PVC
3429,"1-1/4"" EMT Conduit, 10'",CONDUIT - EMT
3443,"REEL, 3/4"" CARFLEX LIQUIDTIGHT",CONDUIT - FLEX
3450,"Gray ENT w/ Blue Stripe, 1-1/4",CONDUIT - ENT
3464,198 KTA25 1-1/4 PVC CON 189680,CONDUIT - PVC
3466,193WA 15007-CUT REEL3/4LT FLEX,CONDUIT - FLEX
3467,"4"" PVC Conduit, 10', Schedule",CONDUIT - PVC
3472,"Flexible Steel Conduit, 3"", 25",CONDUIT - FLEX
3521,2” pvc conduit,CONDUIT - PVC
3573,1/2” emt to flex,CONDUIT - FLEX
3579,carflex 3/4”,CONDUIT - FLEX
3622,"EMT CONDUIT, 1/2"", GALVANIZED ",CONDUIT - EMT
3632,"EMT Conduit, 1/2"", Galvanized ",CONDUIT - EMT
3669,"Aluminum Flex, 1-1/2""",CONDUIT - FLEX
3999,BLU ENT 3/4,CONDUIT - ENT
4024,"2 ""  PVC SCH 40",CONDUIT - PVC
4048,"3""  PVC SCH 40",CONDUIT - PVC
4049,"2""  PVC SCH 40",CONDUIT - PVC
4059,ENT BLU 1 REPL,CONDUIT - ENT
4090,ENT 3/4,CONDUIT - ENT
4112,4” PVC Conduit,CONDUIT - PVC
4113,1” PVC Conduit,CONDUIT - PVC
4140,2IN HDPE TO PVC TRANSITION FI,CONDUIT - PVC
4150,3in pvc pipe,CONDUIT - PVC
4169,1” PVC LB CONDULETS WITH GASK,CONDUIT - PVC
4170,1” PVC LB CONDULETS WITH GASKE,CONDUIT - PVC
4188,6IN HDPE TO PVC TRANSITION FI,CONDUIT - PVC
4191,4” PVC CONDUIT,CONDUIT - PVC
4198,4” Pvc Conduit,CONDUIT - PVC
4201,3” Pvc Conduit,CONDUIT - PVC
4203,2” Pvc Conduit,CONDUIT - PVC
4209,"3"" PVC Schedule 40",CONDUIT - PVC
4231,"2"" PVC sched 40",CONDUIT - PVC
4239,"[PVC] 2"", Schedule 40, 10' St",CONDUIT - PVC
4240,"[PVC] 4"", Schedule 40, 10' St",CONDUIT - PVC
4241,"3/4"" PVC Shed 40",CONDUIT - PVC
4246,"4"" PVC SCH 40",CONDUIT - PVC
4257,"2"" pvc sched 40",CONDUIT - PVC
4262,"4"" PVC Sched 40",CONDUIT - PVC
4274,PVC-4 GENERIC VENDOR-PVCPA 4 S,CONDUIT - PVC
4276,PVC-3/4 GENERIC VENDOR-PVCPA 3,CONDUIT - PVC
4298,"1 1/2"" PVC Conduit Schedule 40",CONDUIT - PVC
4317,"6"" PVC Schedule 40",CONDUIT - PVC
4345,"2-1/2"" PVC Conduit, 10', Sched",CONDUIT - PVC
4357,"1 1/2"" pvc sch 40",CONDUIT - PVC
4362,pvc 1 1/2 ,CONDUIT - PVC
4383,15005-CUT 1/2 L/T FLEX PVC,CONDUIT - FLEX
4392,"1/2"" pvc",CONDUIT - PVC
4401,"1 1/2"" PVC Conduit Sch 40",CONDUIT - PVC
4404,"1/2"" PVC Schedule 40",CONDUIT - PVC
4454,BLU ENT 1,CONDUIT - ENT
4494,LT FLEX 2,CONDUIT - FLEX
4522,1” ENT,CONDUIT - ENT
4550,kwikon esu-10-35 ipex ENT chai,CONDUIT - ENT
4598,LQT FLEX 1/2,CONDUIT - FLEX
4602,10-35 ENT KWIKON,CONDUIT - ENT
4626,1” EMT,CONDUIT - EMT
4688,1in blue ent,CONDUIT - ENT
4697,3” PVC,CONDUIT - PVC
4714,1 1/2” EMT,CONDUIT - EMT
4771,1 1/2” EMT CONDUIT,CONDUIT - EMT
4775,PVC OOUP 3/4,CONDUIT - PVC
4777,PVC COOUP 1,CONDUIT - PVC
4782,3/4” EMT CONDUIT,CONDUIT - EMT
4792,PVC 22-1/2D EL 4,CONDUIT - PVC
4798,1/2” Carflex,CONDUIT - FLEX
4867,"3/4"" EMT",CONDUIT - EMT
4937,"4"" emt",CONDUIT - EMT
4958,1 1/2 emt,CONDUIT - EMT
4959,"3"" EMT",CONDUIT - EMT
5022,"EMT Conduit, 4"", Galvanized St",CONDUIT - EMT
5023,"EMT Conduit, 3"", Galvanized St",CONDUIT - EMT
5069,"1 1/2"" Flex",CONDUIT - FLEX
5148,"2"" EMT",CONDUIT - EMT
5163,"4""liquidtight flexable metal ",CONDUIT - FLEX
5166,"4"" liquidtight flexable condui",CONDUIT - FLEX
5178,3/4 EMT,CONDUIT - EMT
5229,3/4-STEEL THINWALL CONDUIT,CONDUIT - GRC
5235,"Flexible Steel Conduit, 2"",",CONDUIT - FLEX
5239,"3"" flexible metal conduit",CONDUIT - FLEX
5268,LB65 MT LB65-MT 2 EMT LB COND ,CONDUIT - EMT
5272,"Aluminum Flex, 1-1/2"", 25' Coi",CONDUIT - FLEX
5305,CONDUIT 3/4-EMT,CONDUIT - EMT
5338,CONDUIT 3-30D-EMT-EL,CONDUIT - EMT
5368,4IN METAL FLEX,CONDUIT - FLEX
5372,emt conduit 1 1/2,CONDUIT - EMT
5382,2IN ALUM METAL FLEX,CONDUIT - FLEX
5387,3/4 EMT PIPE,CONDUIT - EMT
5388,1IN EMT PIPE,CONDUIT - EMT
5401,CONDUIT 1-1/2-EMT,CONDUIT - EMT
5403,1 1/2 EMT SS,CONDUIT - EMT
5408,4in metal flex,CONDUIT - FLEX
5449,"EMT 1 1/2"" CONDUIT",CONDUIT - EMT
5490,EMT EL 1-1/2,CONDUIT - EMT
5505,"2"" greenfield flex",CONDUIT - FLEX
5533,pvc 1 1/2,CONDUIT - PVC
5564,"3/4"" non metalic flex",CONDUIT - FLEX
5572,"EMT Conduit, 1"", Steel, 10'",CONDUIT - EMT
5573,"EMT Conduit, 3/4"", Steel, 10'",CONDUIT - EMT
5586,"4"" PVC Schedule 80",CONDUIT - PVC
5603,"1/2"" metal flex",CONDUIT - FLEX
5604,"3/4"" metal flex",CONDUIT - FLEX
5691,"3/4"" non metalic flex 1000' re",CONDUIT - FLEX
5712,"4"" EMT 100'",CONDUIT - EMT
5724,"1"" Aluminum metal flex 250'",CONDUIT - FLEX
5729,"2"" metalic flex",CONDUIT - FLEX
5765,EMT 1-1/2,CONDUIT - EMT
5772,FLEX 4,CONDUIT - FLEX
5777,3/4 EMT STEEL THINWALL CONDUIT,CONDUIT - EMT
5783,1/2 L/T FLEX PVC,CONDUIT - FLEX
5806,"Liquidtight Flexible Conduit, ",CONDUIT - FLEX
5807,"1-1/2"" Flexible Steel Conduit,",CONDUIT - FLEX
5851,"Aluminum Flex, 1/2"", 50' Reel",CONDUIT - FLEX
5857,FLEX ALUM 1/2 CUT REEL CONDUIT,CONDUIT - FLEX
5858,2'' FLEX,CONDUIT - FLEX
5870,1/2 carflex,CONDUIT - FLEX
5922,1/2 car flex,CONDUIT - FLEX
5936,1/2'' STL FLEX,CONDUIT - FLEX
5941,"REEL, 1"" CARFLEX LIQUIDTIGHT 5",CONDUIT - FLEX
5959,3/4 EMT Steel Thinwall,CONDUIT - EMT
5968,"1/2""X 25' LIQUIDTITE NON-FLEX ",CONDUIT - FLEX
5989,"1 1/2"" EMT",CONDUIT - EMT
6011,528WC PVC ROW 4 ADJ,CONDUIT - PVC
6051,1/2 in. Flexible Metal Conduit,CONDUIT - FLEX
6076,Halex 3/8 in. Flexible Metal C,CONDUIT - FLEX
6095,3/8 in. Flexible Metal Conduit,CONDUIT - FLEX
6102,1/2 in. x 10 ft. PVC Schedule ,CONDUIT - PVC
6133,"2"" Carflex",CONDUIT - FLEX
6195,"EMT Conduit, 2-1/2"", Galvanize",CONDUIT - EMT
6196,"EMT Conduit, 2"", Galvanized St",CONDUIT - EMT
6197,"Carlon 12008-750 Blue ENT, 1"",",CONDUIT - ENT
6267,1 1/2” EMT MINERALACS,CONDUIT - EMT
6270,1 1/2 EMT MINERALACS,CONDUIT - EMT
6456,Calbrite S61000MH00 Conduit Ha,UNK
6473,Calbrite S61000MH00 Conduit H,UNK
7176,"1"" pvc pipe",CONDUIT - PVC
7177,"3"" pvc pipe",CONDUIT - PVC
7313,"[PVC] 1"", Schedule 40, 10' St",CONDUIT - PVC
7324,"[PVC] 3/4"", Schedule 40, 10' ",CONDUIT - PVC
7369,"1/2"" CARFLEX LT",CONDUIT - FLEX
7373,"[PVC] 2"", Schedule 80, 10' Sti",CONDUIT - PVC
7402,1/2 fmc flex conduit,CONDUIT - FLEX
7420,"[EMT] 1/2"", 10' Sticks",CONDUIT - EMT
7530,"Flexible Conduit] Alum 3/4"", ",CONDUIT - FLEX
7684,"[ENT] 2"", 500'",CONDUIT - ENT
7703,"1/2"" EMT Conduit, 10'",CONDUIT - EMT
7704,"3/4"" EMT Conduit, 10'",CONDUIT - EMT
7735,LT FLEX NM 3/4,CONDUIT - FLEX
7739,"EMT Conduit, 1/2"", Steel, 10'",CONDUIT - EMT
7749,"[GRC/RMC] 1 1/2"", 10' Sticks",CONDUIT - GRC
7794,"2"" Rigid (GRC)",CONDUIT - GRC
7799,"1/2"" metallic flex (FMC)",CONDUIT - FLEX
8431,"1-1/4"" PVC Conduit, 10', Sched",CONDUIT - PVC
8438,"1"" PVC Schedule 40 ",CONDUIT - PVC
8439,"1-1/4"" PVC ",CONDUIT - PVC
8442,"3/4"" PVC  Schedule  40",CONDUIT - PVC
8475,"2"" PVC CONDUIT SCHEDULE 40",CONDUIT - PVC
8521,"3/4"" PVC CONDUIT SCH 40",CONDUIT - PVC
8533,"1 1/4""  PVC SCH 40",CONDUIT - PVC
8537,Appleton CL100MN Rigid Conduit,CONDUIT - GRC
8542,"Rigid Conduit, 6"", Galvanized",CONDUIT - GRC
8544,"Rigid Conduit, 4"", Galvanized ",CONDUIT - GRC
8554,"PVC
034P
3/4IN SCH40 PVC PIPE
",CONDUIT - PVC
8557,"MUD RNG SQUR 2G PVC 5/8"" CARL",CONDUIT - PVC
8604,"6"" PVC Conduit, 10', Schedule ",CONDUIT - PVC
8626,"IMC Conduit, 3"", Galvanized St",CONDUIT - GRC
8665,"1/2"" PVC Conduit, 10', Schedul",CONDUIT - PVC
8703,"1/2"" Carflex",CONDUIT - FLEX
8758,"4"" EMT Pipe",CONDUIT - EMT
8788,"2"" EMT Pipe",CONDUIT - EMT
8789,"3"" EMT Pipe",CONDUIT - EMT
8790,3/4 Carflex,CONDUIT - FLEX
8799,"3/4"" PVC Pipe",CONDUIT - PVC
8800,"1"" PVC Pipe",CONDUIT - PVC
8802,"4"" PVC Conduit, 20', Schedule ",CONDUIT - PVC
8803,"3"" PVC Pipe",CONDUIT - PVC
8816,"4"" PVC SCH 40 PIPE",CONDUIT - PVC
8857,"3/4"" CONDUIT",UNK
8885,"2"" PVC Pipe",CONDUIT - PVC
8973,"1-1/2"" EMT Pipe",CONDUIT - EMT
8974,"1"" EMT Pipe",CONDUIT - EMT
8980,"1-1/2"" Liquidtight Conduit",CONDUIT - FLEX
8983,"3/4"" EMT Pipe",CONDUIT - EMT
8995,LQT NM150-CUT 1-1/2-FLEX-NM-LI,CONDUIT - FLEX
9006,carflex,CONDUIT - FLEX
9033,EMT 075 3/4X10FT-EMT,CONDUIT - EMT
9242,14-2C SOL BC LSPVC UNSHLD LSPV,CONDUIT - PVC
9477,KLEIN TOOLS 15FT. MID-FLEX GLO,CONDUIT - FLEX
9481,4'' - 2'' PVC TRANSFER FROM JA,CONDUIT - PVC
9482,4'' PVC PIPE TRANSFER FROM ACE,CONDUIT - PVC
9535,PIPE STA TO MCA2,UNK
9542,4” Rigid PIPE,CONDUIT - GRC
9543,1” Rigid PIPE,CONDUIT - GRC
9547,Schedule 80 1” PVC,CONDUIT - PVC
9548,4in rigid pipe,CONDUIT - GRC
9559,2” PVC,CONDUIT - PVC
9563,4” PVC LB /Rubber Gasket,CONDUIT - PVC
9565,2” PVC LB,CONDUIT - PVC
9566,2” PVC Sch 40,CONDUIT - PVC
9567,4”PVC Sch 40,CONDUIT - PVC
9569,4” PVC LB,CONDUIT - PVC
9577,"3/4"" PVC COnduit",CONDUIT - PVC
9585,"2"" PVC Conduit, 10', Schedule",CONDUIT - PVC
9589,"Rigid Conduit, 1/2"", Galvanize",CONDUIT - GRC
9599,"3"" PVC SCH 40 (10' Lenghts )",CONDUIT - PVC
9600,"2"" PVC SCH40 ( 10' Lengths )",CONDUIT - PVC
9666,"1"" pvc pipe sch. 40",CONDUIT - PVC
9668,"2"" PVC",CONDUIT - PVC
9696,SQZ FLEX 4,CONDUIT - FLEX
9714,FLEX STL 4,CONDUIT - FLEX
9743,"3"" car flex",CONDUIT - FLEX
9746,"4"" car flex",CONDUIT - FLEX
9767,EMT CMP CON 1/2,CONDUIT - EMT
9806,"[EMT] 3/4"" Conduit, Red",CONDUIT - EMT
9823,3/4 emt pipe,CONDUIT - EMT
9852,"3/4"" EMT CONDUIT",CONDUIT - EMT
9875,"3/4"" EMT CONDUIT MASTER BUNDLE",CONDUIT - EMT
9895,"master bundle 1"" emt conduit",CONDUIT - EMT
9935,"3/4"" RED EMT CONDUIT",CONDUIT - EMT
9941,5620 TB 5620 2 INCH T&B EMT CO,CONDUIT - EMT
9949,"3/4"" emt conduit",CONDUIT - EMT
9950,"1"" emt conduit",CONDUIT - EMT
9958,"3/4"" red emt conduit",CONDUIT - EMT
9982,"MASTER BUNDLE 3/4"" EMT CONDUIT",CONDUIT - EMT
9992,"master bundle of 1"" emt condui",CONDUIT - EMT
10015,"1 1/4"" emt conduit",CONDUIT - EMT
10022,"3/4"" EMT CODUIT",CONDUIT - EMT
10036,"1 "" EMT CONDUIT",CONDUIT - EMT
10105,"1 1/4"" SEAL TIGHT FLEX",CONDUIT - FLEX
10106,"2"" SEAL TIGHT FLEX",CONDUIT - FLEX
10116,"master bundle 2"" emt conduit",CONDUIT - EMT
10123,"1"" EMT PIPE",CONDUIT - EMT
10124,"3/4"" emt coduit",CONDUIT - EMT
10129,"WEATHERPROOF 3/4""EMT CONDULET ",CONDUIT - EMT
10138,"1 1/2"" SEAL TIGHT FLEX NOT CA",CONDUIT - FLEX
10169,"Red EMT Conduit, 3/4""",CONDUIT - EMT
10170,STREMT 75,CONDUIT - EMT
10175,"3/4 "" SEAL TIGHT FLEX/ PVC COA",CONDUIT - FLEX
10176,"1""SEAL TIGHT FLEX/ PVC COATED ",CONDUIT - FLEX
10179,"1 1/4"" EMT CONDUIT",CONDUIT - EMT
10182,2 1/2 emt conduit,CONDUIT - EMT
10207,"2"" SEAL TIGHT FLEX PVC COATED ",CONDUIT - FLEX
10210,"1 1/2"" emt coduit",CONDUIT - EMT
10220,EMT 1  223  1071872,CONDUIT - EMT
10221,EMT 3/4  223  1071872,CONDUIT - EMT
10231,"EMT LB 2 1/2"" Thread",CONDUIT - EMT
10237,"2 1/2"" EMT STEEL CMPRESSION C",CONDUIT - EMT
10241,"2 1/2"" EMT STEEL CMPRESSION CO",CONDUIT - EMT
10252,STREMT 75 EMT TO LT FLEX,CONDUIT - FLEX
10253,STREMT 200 EMT TO LT FLEX,CONDUIT - FLEX
10297,"1"" emt  pipe",CONDUIT - EMT
10306,"2 1/2"" steel greenfield flex c",CONDUIT - FLEX
10311,"1/2"" emt conduit",CONDUIT - EMT
10318,"2 1/2"" greenfield flex",CONDUIT - FLEX
10332,"2 1/2""steel flex greenfield co",CONDUIT - FLEX
10333,"1 1/2"" greenfield flex",CONDUIT - FLEX
10335,"3"" greenfield flex",CONDUIT - FLEX
10340,"1 1/4 ""SEAL TIGHT FEX TO EMT C",CONDUIT - FLEX
10346,"50' 1 1/2"" emt pipe",CONDUIT - EMT
10361,"1 1/2"" EMT CONDUIT",CONDUIT - EMT
10369,"STREMT150 1 1/2 "" EMT TO SEAL ",CONDUIT - EMT
10382,"1 1/2"" EMT PIPE",CONDUIT - EMT
10396,1/2 flex,CONDUIT - FLEX
10417,"3/4""emt",CONDUIT - EMT
10425,"4"" greenfield flex",CONDUIT - FLEX
10431,1-1/2-STEEL THINWALL CONDUIT,CONDUIT - GRC
10435,"3/4"" sealtight",CONDUIT - FLEX
10439,2-STEEL THINWALL CONDUIT,CONDUIT - GRC
10467,"3/4"" EMT & Rigid LB Type Combi",CONDUIT - EMT
10470,"1"" LiquidTight Conduit",CONDUIT - FLEX
10479,"3/4"" Flexible Steel Conduit",CONDUIT - FLEX
10481,"1/2"" Flex Meatal conduit",CONDUIT - FLEX
10513,1/2-STEEL THINWALL CONDUIT,CONDUIT - GRC
10522,FLEXSTEEL CONDUIT,CONDUIT - FLEX
10533,"EMT CONDUIT, 3/4"", GALVANIZED ",CONDUIT - EMT
10572,"EMT Conduit, 3/4"", Galvanized",CONDUIT - EMT
10583,"EMT Conduit, 1"", Galvanized S",CONDUIT - EMT
10606,"3/4"" x 2"" Galvanized Conduit ",CONDUIT - GRC
10821,"bridgeport 4365-DC2""/EMT TO CA",CONDUIT - EMT
11033,"4"" EMT CODUIT 10' LONG",CONDUIT - EMT
11034,"SPEC-FLX-50B 1/2"" FLEX METAL C",CONDUIT - FLEX
11096,2 1/2 pvc pipe,CONDUIT - PVC
11105,"[PVC] 5"", Schedule 40, 10' St",CONDUIT - PVC
11114,"[PVC] 3"", Schedule 40, 10' St",CONDUIT - PVC
11115,"[PVC] 2 1/2"", Schedule 40, 10",CONDUIT - PVC
11117,"[PVC] 1 1/2"", Schedule 40, 10",CONDUIT - PVC
11118,"[PVC] 1 1/4"", Schedule 40, 10",CONDUIT - PVC
11172,"[PVC] 2 1/2"", Schedule 40, 10'",CONDUIT - PVC
11192,"3/4"" PVC MA's",CONDUIT - PVC
11193,"110' 3/4"" PVC",CONDUIT - PVC
11230,"2-1/2"" GRC ",CONDUIT - GRC
11245,"[PVC] 3 1/2"", Schedule 40, 10'",CONDUIT - PVC
11256,"[GRC/RMC] 4"", 10' Sticks",CONDUIT - GRC
11300,3/4 pvc conduit,CONDUIT - PVC
11396,"[EMT] 2 1/2"" Conduit",CONDUIT - EMT
11436,1/2 steel greenfield flex,CONDUIT - FLEX
11487,"1/2"" EMT ",CONDUIT - EMT
11490,"1"" EMT Minni ",CONDUIT - EMT
11504,1/2 emt pipe,CONDUIT - EMT
11524,1/2 EMT CMPCON OQY 21015-088PR,CONDUIT - EMT
11525,1 EMT CMOCON OQY 21015-088PR,CONDUIT - EMT
11582,EMT CMP CON 2,CONDUIT - EMT
11656,3/4 ENT,CONDUIT - ENT
11686,3/8 EMT,CONDUIT - EMT
11698,1 1/4 Inch Greenfield Flex Con,CONDUIT - FLEX
11699,2 Inch Greenfield Flex Steel,CONDUIT - FLEX
11727,1 1/4 Inch Greenfield Flex St,CONDUIT - FLEX
11729,2 Inch Ridgid Steel Conduit,CONDUIT - GRC
11749,1/2 ALUM FLEX,CONDUIT - FLEX
11758,"1/2"" EMT",CONDUIT - EMT
11767,1/2 Greenfield Flex AL,CONDUIT - FLEX
11769,1/2 EMT To 1/2 Greenfield Flex,CONDUIT - FLEX
11777,3/4 Green Field Flex,CONDUIT - FLEX
11805,[Metallic Flexible Conduit] A,CONDUIT - FLEX
11829,1 1/2 ( C ) Treaded Conduit Bo,UNK
11866,3'' EMT BSHG,CONDUIT - EMT
11882,3/4 Nonmatalic Conduit (smurf ,CONDUIT - ENT
11893,"[GRC/RMC] 1"", 10' Sticks",CONDUIT - GRC
11894,"[GRC/RMC] 3/4"", 10' Sticks",CONDUIT - GRC
11896,2 Inch Seal Tight Flex With Me,CONDUIT - FLEX
11901,1 Inch Seal Tight Flex With Me,CONDUIT - FLEX
11920,CONDUIT - GALV-STEEL 1IN,CONDUIT - GRC
11957,FLEX LIQ TIGHT CONDUIT,CONDUIT - FLEX
11977,2 Inch ( C ) Treaded Conduit B,UNK
11999,NIP-SQZ FLEX 257,CONDUIT - FLEX
12032,21015-257 NIP=FLEX,CONDUIT - FLEX
12195,1/2'' emt,CONDUIT - EMT
12196,3/4'' emt,CONDUIT - EMT
12198,2'' emt,CONDUIT - EMT
12227,"1/2"" mini's EMT",CONDUIT - EMT
12228,"3/4"" mini's EMT",CONDUIT - EMT
12238,"4"" EMT conduit",CONDUIT - EMT
12239,2' EMT conduit,CONDUIT - EMT
12240,"1/2"" EMT conduit",CONDUIT - EMT
12284,1 inch Greenfield flex STEEL,CONDUIT - FLEX
12285,3/4 inch Greenfield flex STEEL,CONDUIT - FLEX
12287,2 inch EMT,CONDUIT - EMT
12291,11/2 Greenfield flex,CONDUIT - FLEX
12295,11/2 EMT Conduit,CONDUIT - EMT
12331,3/4'' EMT,CONDUIT - EMT
12348,1 Inch Greenfield Flex Steel,CONDUIT - FLEX
12349,3/4 Inch Greenfield Flex Steel,CONDUIT - FLEX
12378,3/4 Rigid Conduit,CONDUIT - GRC
12425,1/2-RIGID CONDUIT,CONDUIT - GRC
12454,1/2-ALUMINUM FLEXIBLE CONDUIT,CONDUIT - FLEX
12473,"4"" emt conduit",CONDUIT - EMT
12541,1/2” emt,CONDUIT - EMT
12555,"4"" EMT",CONDUIT - EMT
12567,1/2 greenfield flex steel,CONDUIT - FLEX
12625,[Steel Metallic Flexible Condu,CONDUIT - FLEX
12661,"EMT Conduit, 1/2"", Galvanized",CONDUIT - EMT
13220,TRANSFER PVC FROM JXLTG TO FT ,CONDUIT - PVC
13221,TRANSFER PVC FROM JXLTG TO FT,CONDUIT - PVC
13307,"3/4"" Rigid Metal Conduit",CONDUIT - GRC
13308,"1"" Rigid Metal Conduit",CONDUIT - GRC
13309,"1-1/4"" Rigid Metal Conduit",CONDUIT - GRC
13310,"2"" Rigid Metal Conduit",CONDUIT - GRC
13311,"2-1/2"" Rigid Metal Conduit",CONDUIT - GRC
13312,"4"" Rigid Metal Conduit",CONDUIT - GRC
13328,1-IN D/C SQZ FLEX CON,CONDUIT - FLEX
13329,3/4IN STEEL FLEX UL COND 100FT,CONDUIT - FLEX
13360,1 1/2 “ Pvc  Conduit,CONDUIT - PVC
13375,1in pvc pipe,CONDUIT - PVC
13380,2in pvc pipe,CONDUIT - PVC
13411,2” Pvc Lbs,CONDUIT - PVC
13419,2IN UNIVERSAL RIGID/CONDUIT C,CONDUIT - GRC
13420,PVC 200P 2IN SCH40 PVC CONDUIT,CONDUIT - PVC
13421,PVC 212P 2-1/2IN SCH40 PVC PIP,CONDUIT - PVC
13422,PVC 100P 1IN SCH40 PVC PIPE,CONDUIT - PVC
13431,3/4IN NM FLEX PVC CONDUIT 100,CONDUIT - FLEX
13440,1 1/4 “  Pvc,CONDUIT - PVC
13451,1” Pvc,CONDUIT - PVC
13462,2” Pvc,CONDUIT - PVC
13464,2 1/2”pvc Conduit,CONDUIT - PVC
13468,3” Pvc  Conduit,CONDUIT - PVC
13476,PVC 034P 3/4IN SCH40,CONDUIT - PVC
13477,PVC 114P 1-1/4IN SCH40,CONDUIT - PVC
13478,PVC 112P 1-1/2 SCH40,CONDUIT - PVC
13479,3/4 pvc pipe,CONDUIT - PVC
13485,2”pvc,CONDUIT - PVC
13486,2 1/2 “ Pvc,CONDUIT - PVC
13487,1 1/4” Pvc,CONDUIT - PVC
13488,1 1/2” Pvc,CONDUIT - PVC
13494,"3/4"" PVC ",CONDUIT - PVC
13521,3/4” Pvc Conduit,CONDUIT - PVC
13524,3/4” Rigid Conduit,CONDUIT - GRC
13527,2” PVC Conduit,CONDUIT - PVC
13539,1 1/2” Pvc Conduit,CONDUIT - PVC
13540,1 1/4”Pvc Conduit,CONDUIT - PVC
13557,"3/4"" PVC pipe schedule 40",CONDUIT - PVC
13573,"1 1/2"" PVC pipe",CONDUIT - PVC
13574,"2 1/2"" PVC conduit",CONDUIT - PVC
13585,1 1/4” Pvc Conduit,CONDUIT - PVC
13591,"3"" rigid conduit",CONDUIT - GRC
13592,"2 1/2"" rigid conduit",CONDUIT - GRC
13593,"4"" rigid conduit",CONDUIT - GRC
13597,"4"" SCH 80 PVC",CONDUIT - PVC
13598,"2 1/2"" sch 40 PVC",CONDUIT - PVC
13601,"3"" sch 40 PVC",CONDUIT - PVC
13602,"2"" sch 40 PVC",CONDUIT - PVC
13603,"1 1/4"" sch 40 PVC",CONDUIT - PVC
13604,"1"" sch 40 PVC",CONDUIT - PVC
13605,"3/4"" sch 40 PVC",CONDUIT - PVC
13625,"3/4"" PVC",CONDUIT - PVC
13632,"2 1/2"" Rigid conduit",CONDUIT - GRC
13671,"3/4"" EMT Conduit",CONDUIT - EMT
13674,"1"" EMT Conduit",CONDUIT - EMT
13675,"2"" EMT Conduit",CONDUIT - EMT
13676,"2-1/2"" EMT Conduit",CONDUIT - EMT
13698,"1-1/4"" EMT Conduit",CONDUIT - EMT
13701,"3"" EMT Conduit",CONDUIT - EMT
13702,"4"" EMT Conduit",CONDUIT - EMT
13725,Flex Cnnectors,CONDUIT - FLEX
13740,3/4 Emt Red In Color,CONDUIT - EMT
13765,4” Seal Tight Flex,CONDUIT - FLEX
13791,3/4 flex,CONDUIT - FLEX
13803,3/4 steel flex,CONDUIT - FLEX
13811,3/4IN STEEL FLEX UL COND 100F,CONDUIT - FLEX
13833,"1"" FLEX",CONDUIT - FLEX
13834,"3/4"" FLEX",CONDUIT - FLEX
13866,STL FLEX 1-1/2,CONDUIT - FLEX
13867,STL FLEX 2-1/2,CONDUIT - FLEX
13878,FLEX 1,CONDUIT - FLEX
13883,SQZ FLEX 2-1/2,CONDUIT - FLEX
13910,3/8 FLEX,CONDUIT - FLEX
13987,LT STR FLEXCON 2-1/2,CONDUIT - FLEX
14089,1/2” Emt,CONDUIT - EMT
14128,"3/4"" emt ",CONDUIT - EMT
14129,"1"" emt ",CONDUIT - EMT
14149,"1/2"" carflex",CONDUIT - FLEX
14177,"3/4"" GRC CONDUIT",CONDUIT - GRC
14193,"3/4"" Red EMT",CONDUIT - EMT
14194,"2"" rigid conduit",CONDUIT - GRC
14198,3'' seal tight flex,CONDUIT - FLEX
14222,3/4'' rigid conduit,CONDUIT - GRC
14230,"3/4"" LL conduit outlet w/ cove",UNK
14232,"3/4"" LB conduit outlet w/ cove",UNK
14236,"TC 1277 3/4"" RIGID IRON PIPE S",CONDUIT - GRC
14243,MIDWEST 511 3/4 RGD 3/4 EMT C,CONDUIT - EMT
14280,"3/4"" Carlon Carflex",CONDUIT - FLEX
14283,"3/4"" sealtight flex",CONDUIT - FLEX
14328,"1 1/2"" metal flex",CONDUIT - FLEX
14329,"1 1/4"" metal flex",CONDUIT - FLEX
14330,"1 1/2"" rigid conduit",CONDUIT - GRC
14331,"1 1/4"" rigid conduit",CONDUIT - GRC
14350,"1"" metal flex",CONDUIT - FLEX
14384,"3/8"" FLEXSTEEL CONDUIT",CONDUIT - FLEX
14433,"4"" steel flex",CONDUIT - FLEX
14434,"3"" steel flex",CONDUIT - FLEX
14435,"2 1/2"" steel flex",CONDUIT - FLEX
14436,"2"" steel flex",CONDUIT - FLEX
14437,"1 1/4"" steel flex",CONDUIT - FLEX
14445,"3/4"" sealtight flex (metal in",CONDUIT - FLEX
14476,"1 1/4"" EMT",CONDUIT - EMT
14488,"3/4"" Rigid conduit",CONDUIT - GRC
14491,"2"" Rigid conduit",CONDUIT - GRC
14549,"3/4"" steel flex",CONDUIT - FLEX
14631,"2"" Sealtight",CONDUIT - FLEX
14636,3-STEEL THINWALL CONDUIT,CONDUIT - GRC
14652,EMT PY26-100E 1 IN. EMT CONDUI,CONDUIT - EMT
14669,"Master bundle 3/4"" EMT",CONDUIT - EMT
14672,"Master bundle red 3/4"" EMT",CONDUIT - EMT
14694,"Master bundle of 1"" EMT",CONDUIT - EMT
14750,"1/2"" Metal-Flex Conduit-Steel",CONDUIT - FLEX
14752,"3/4"" Metal-Flex Conduit-Steel",CONDUIT - FLEX
14753,"1"" Metal-Flex Conduit-Steel",CONDUIT - FLEX
14754,"1-1/4"" Metal-Flex Conduit-Stee",CONDUIT - FLEX
14780,3/4 galv pipe,UNK
14792,1/2” Seal Tight Flex,CONDUIT - FLEX
14798,2” steal flex,CONDUIT - FLEX
14825,3/4” Seal Tight Flex,CONDUIT - FLEX
14828,1/2” Sealtight Flex,CONDUIT - FLEX
14829,1/2” Sealtight Conectors,CONDUIT - FLEX
14847,"2"" sealtight",CONDUIT - FLEX
15180,"2"" PVC Conduit, 20', Schedule ",CONDUIT - PVC
15181,"1-1/2"" PVC Conduit, 20', Sched",CONDUIT - PVC
15182,"1-1/4"" PVC Conduit, 20'",CONDUIT - PVC
15204,PIPE FRT,UNK
15246,1 Inch Pvc Pipe ,CONDUIT - PVC
15247,1 1/2 pvc pipe,CONDUIT - PVC
15248,1 1/4 pvc pipe,CONDUIT - PVC
15282,1” pvc conduit,CONDUIT - PVC
15289,1” PVC CONDUIT,CONDUIT - PVC
15312,"1 1/2"" PVC CONDUIT",CONDUIT - PVC
15329,1”carflex,CONDUIT - FLEX
15350,1” Carflex,CONDUIT - FLEX
15517,"1"" PVC Conduit, 10', Schedule",CONDUIT - PVC
15518,"3/4"" PVC Conduit, 10', Schedu",CONDUIT - PVC
15676,LT FLEX 1-1/2,CONDUIT - FLEX
15771,"5"" PVC Conduit, 10', Schedule",CONDUIT - PVC
15774,"3"" x 3"" PVC Conduit Base Duct",CONDUIT - PVC
15775,"4"" x 3"" PVC Conduit Base Duct",CONDUIT - PVC
15780,"5"" PVC Conduit, 10', Schedule ",CONDUIT - PVC
15793,"Rigid Conduit, 1"", Galvanized ",CONDUIT - GRC
15830,4 GRC,CONDUIT - GRC
15863,"5"" PVC Sweep",CONDUIT - PVC
15882,"Rigid Conduit, 1-1/2"", Galvani",CONDUIT - GRC
15891,"Rigid Conduit, 2-1/2"", Galvani",CONDUIT - GRC
15896,"2-1/2"" PVC schedule 40",CONDUIT - PVC
15899,"3-1/2"" PVC schedule 40",CONDUIT - PVC
15900,"4"" GRC ",CONDUIT - GRC
15936,"[GRC/RMC] 3"", 10' Sticks",CONDUIT - GRC
15993,Thomas & Betts 371 Conduit Hu,UNK
16001,"5"" PVC SCH 40",CONDUIT - PVC
16059,"[PVC] 5"", Schedule 40, 10' Sti",CONDUIT - PVC
16073,6x6x6 pvc weatherproof junctio,CONDUIT - PVC
16393,"4"" x 6"" Galvanized Conduit Nip",CONDUIT - GRC
16404,"4"" x 8"" Galvanized Conduit Nip",CONDUIT - GRC
16414,1 1/2” Carflex/liquid tight no,CONDUIT - FLEX
16469,"1"" x 1-1/2"" Galvanized Conduit",CONDUIT - GRC
16488,"3/4"" x 2"" Galvanized Conduit N",CONDUIT - GRC
16639,"3"" PVC",CONDUIT - PVC
16646,"Rigid Conduit, 3"", Galvanized ",CONDUIT - GRC
16745,6x6x6 Sch 40 PVC WP Junction B,CONDUIT - PVC
16798,"4"" PVC SCHEDULE 40",CONDUIT - PVC
16803,"3"" PVC SCHEDULE 40 CONDUIT",CONDUIT - PVC
16808,"2"" PVC SCHEDULE 40",CONDUIT - PVC
16814,"1 1/2"" PVC SCHEDULE 40 CONDUIT",CONDUIT - PVC
16844,"1"" PVC Conduit schedule 40",CONDUIT - PVC
16845,"1 1/4"" PVC Conduit Sch 40",CONDUIT - PVC
16847,"4"" Sch 40 PVC",CONDUIT - PVC
16933,"2” Ridgid Conduit, 10’ Long.",UNK
16953,2 1/2 IN Conduit Liquid Tight,CONDUIT - FLEX
16964,3/4 IN Conduit Liquid Tight No,CONDUIT - FLEX
17072,"2"" Liquid tight conduit",CONDUIT - FLEX
17077,"3/4"" PVC Conduit (10 FT stick)",CONDUIT - PVC
17078,"1 1/4"" PVC Conduit (10 FT stic",CONDUIT - PVC
17079,"1 1/2"" PVC conduit (10 FT stic",CONDUIT - PVC
17098,"3/4"" PVC Conduit (10 FT stick",CONDUIT - PVC
17099,"1 1/4"" PVC Conduit (10 FT sti",CONDUIT - PVC
17100,"1 1/2"" PVC conduit (10 FT sti",CONDUIT - PVC
17134,"2"" PVC MA",CONDUIT - PVC
17161,"1 1/2"" LTFNMC (Car Flex)",CONDUIT - FLEX
17178,EMT 100 1X10FT-EMT,CONDUIT - EMT
17186,"JM eagle 2"" X 10' PVC SCH 40 c",CONDUIT - PVC
17574,"3/4"" EMT CONDUIT 10FT STICK",CONDUIT - EMT
17653,2” Rigid Conduit 10 FT,CONDUIT - GRC
17843,"1/2 "" Metal Flex",CONDUIT - FLEX
17913,3/4 EMT Conduit,CONDUIT - EMT
17923,"1"" Metal Flex conduit",CONDUIT - FLEX
17937,2 IN PVC Conduit 10 FT stick S,CONDUIT - PVC
17951,"3/4 "" PVC 10 FT Conduit",CONDUIT - PVC
17969,"1/2 "" EMT conduit 10FT",CONDUIT - EMT
17972,"1"" NM Conduit (Liquid Tight)",CONDUIT - FLEX
18008,3/4 Metal liquid tight conduit,CONDUIT - FLEX
18061,PVC COND 2-1/2,CONDUIT - PVC
18065,"1 1/2""  PVC SCH 40",CONDUIT - PVC
18079,"1-1/4"" PVC Conduit, 10', Sche",CONDUIT - PVC
18106,2 in. x 10 ft. PVC Schedule 40,CONDUIT - PVC
18114,"1-1/2"" PVC Sweep",CONDUIT - PVC
18152,"[PVC] 2 1/2"", Schedule 80, 10'",CONDUIT - PVC
18262,"3/4"" Smurf Conduit",CONDUIT - ENT
18367,"EMT 3/4"" CONDUIT",CONDUIT - EMT
18400,"1/2"" EMT Conduit",CONDUIT - EMT
18424,Liquidtight Flexible Steel Con,CONDUIT - FLEX
18567,"2 1/2""  PVC SCH 40 (20' LENGT",CONDUIT - PVC
18862,4in pvc pipe,CONDUIT - PVC
18864,"4"" PVC SCHED 40",CONDUIT - PVC
18865,"3"" PVC SCHED 40",CONDUIT - PVC
19038,"1"" pvc conduit schedule 40",CONDUIT - PVC
19071,"1"" PVC",CONDUIT - PVC
19074,"1/2"" pvc pipe X 10' length",CONDUIT - PVC
19075,"1/2"" pvc T.A'S",CONDUIT - PVC
19076,"3/4"" pvc pipe X 10' length",CONDUIT - PVC
19081,1/2-GALV; CONDUIT,UNK
19088,10' STICK PVC PIPE,CONDUIT - PVC
19089,"3/4"" PVC T.A.'S",CONDUIT - PVC
19091,"3/4"" PVC L.B.",CONDUIT - PVC
19118,PVC PIPE 1/2,CONDUIT - PVC
19119,PVC PIPE 3/4,CONDUIT - PVC
19160,"2"" ENT",CONDUIT - ENT
19233,2-1/2 PVC,CONDUIT - PVC
19247,3/4 MET LT FLEX,CONDUIT - FLEX
19273,"1"" PVC schedule 40",CONDUIT - PVC
19288,1'' PVC COND,CONDUIT - PVC
19303,"4"" pvc schedule 40",CONDUIT - PVC
19322,"4"" PVC TA",CONDUIT - PVC
19332,"1"" pvc schedule 40",CONDUIT - PVC
19347,"1"" emt",CONDUIT - EMT
19361,"3"" pvc LB",CONDUIT - PVC
19451,"4"" metal flex",CONDUIT - FLEX
19509,3/4 PVC LB,CONDUIT - PVC
19523,3/4 pvc,CONDUIT - PVC
19585,"2"" STICK EMT",CONDUIT - EMT
19589,"EMT 3/4"" PULLING L",CONDUIT - EMT
19599,"Conduit 1-1/2"" NM",UNK
19620,"3/4"" Liquid tight conduit",CONDUIT - FLEX
19976,"3/4"" pvc",CONDUIT - PVC
19993,1in pvc pipe 10' total,CONDUIT - PVC
19995,"20' total 2 1/2"" PVC",CONDUIT - PVC
20000,"1"" PVC ",CONDUIT - PVC
20016,"300' 3/4"" EMT",CONDUIT - EMT
20020,"200' 1/2"" EMT",CONDUIT - EMT
20058,"4"" PVC Sch 40",CONDUIT - PVC
20059,"3.5"" PVC Sch 40",CONDUIT - PVC
20095,2-1/2” Pvc,CONDUIT - PVC
20108,"2-1/2"" PVC Weather good for 25",CONDUIT - PVC
20146, 3/4 ENT,CONDUIT - ENT
20160,"3/4"" Metal Flex",CONDUIT - FLEX
20261,1/2 aluminum flex,CONDUIT - FLEX
20300,1/2 liquidtight conduit non me,CONDUIT - FLEX
20329,"3"" metal flex",CONDUIT - FLEX
20332,"2 1/2"" emt",CONDUIT - EMT
20336,"1"" car flex",CONDUIT - FLEX
20340,3/4  EMT,CONDUIT - EMT
20412,"EMT 3/4"" Conduit",CONDUIT - EMT
20415,1/2 ALUMINUM flex,CONDUIT - FLEX
20425,1/2 sealtight carflex 2000 ft.,CONDUIT - FLEX
20434,"1/2 "" carflex",CONDUIT - FLEX
20436,3/4 EMT conduit,CONDUIT - EMT
20482,3/4 pvc lb,CONDUIT - PVC
20483,"6' total 2 1/2"" Flex Non Metal",CONDUIT - FLEX
20771,"100' total 1-1/2"" pvc sch 40",CONDUIT - PVC
20779,"400' total 3"" PVC Sch 40 10' ",CONDUIT - PVC
20788,"40 foot 3"" PVC Conduit Sch 40",CONDUIT - PVC
20789,"3"" PVC LB's",CONDUIT - PVC
20796,"4"" PVC SCH 40 by 10' Long",CONDUIT - PVC
20797,"3"" PVC SCH 40 by 10' Long",CONDUIT - PVC
20806,"100' 3"" PVC Sch 40 10 foot lon",CONDUIT - PVC
20813,"2000' Total 1-1/4"" pvc",CONDUIT - PVC
20820,"100' Total 3"" PVC SCH 40",CONDUIT - PVC
20821,"100' Total 1-1/2"" PVC SCH 40",CONDUIT - PVC
20834,"50' - 2"" PVC Sch 40",CONDUIT - PVC
20842,PVC-F LB20,CONDUIT - PVC
20845,"250' 2"" PVC Conduit",CONDUIT - PVC
20857,"200' 2"" PVC Sch 40",CONDUIT - PVC
20858,"200' 1-1/2"" PVC Sch 40",CONDUIT - PVC
20859,"200' 1-1/4"" PVC Sch 40",CONDUIT - PVC
20860,"200' 1"" PVC Sch 40",CONDUIT - PVC
20866,"3/4"" GRC x 10' ",CONDUIT - GRC
20889,"Link Seals 4"" PVC EATON LSA30",CONDUIT - PVC
20898,24” x 9” X 6” PVC Junction Bo,CONDUIT - PVC
20918,"3-1/2"" PVC Conduit, 10', Sched",CONDUIT - PVC
20974,RACO 509 3X2 OLD WORK CONDUIT ,UNK
20995,"1/2"" Carflex ",CONDUIT - FLEX
21022,"20' total - 3"" GRC",CONDUIT - GRC
21042,"3/4"" ENT ( smurf Tube )",CONDUIT - ENT
21061,"3/4"" & 1"" KO's PVC ENT Slab Bo",CONDUIT - ENT
21108,"1000' 1-1/4"" smurf tube",CONDUIT - ENT
21109,"1000' 1"" smurf tube",CONDUIT - ENT
21110,"3/4"" smurf tube",CONDUIT - ENT
21114,"200' 2"" EMT",CONDUIT - EMT
21118,"4"" EMT ",CONDUIT - EMT
21149,"[ENT] 1"", 100'",CONDUIT - ENT
21168,2” Ridgid Conduit,UNK
21169,3/4” Ridgid Conduit,UNK
21235,"sticks of 3/4"" PVC",CONDUIT - PVC
21316,"[ENT] 3/4"", 100'",CONDUIT - ENT
21325,"4,310' 3"" EMT 10' Sections",CONDUIT - EMT
21330,"3,400' 2-1/2"" EMT 10' Sections",CONDUIT - EMT
21346,"[ENT] 1 1/4"", 1000'",CONDUIT - ENT
21399,"2-1/2"" EMT",CONDUIT - EMT
21400,"1-1/2"" EMT ",CONDUIT - EMT
21430,3/4-ALUMINUM FLEXIBLE CONDUIT,CONDUIT - FLEX
21435,233A 3-30D-EMT-ELL STD RAD,CONDUIT - EMT
21473,Liquid Tight Flexible Conduit ,CONDUIT - FLEX
21483,233 15007-CUT REEL 3/4 LT FLEX,CONDUIT - FLEX
21484,233 3-30D-EMT-ELL,CONDUIT - EMT
21485,233 4-30D-EMT-ELL,CONDUIT - EMT
21492,3/4- STEEL THINWALL CONDUIT,CONDUIT - GRC
21496,GENERIC VENDOR-PVCPA JUNCTION ,CONDUIT - PVC
21532,1-1/4” smurf ENT 500’,CONDUIT - ENT
21570,3-30D-EMT-ELL,CONDUIT - EMT
21571,4-30D-EMT-ELL,CONDUIT - EMT
21601,"200' 1"" EMT",CONDUIT - EMT
21660,[Metallic Flexible Conduit] S,CONDUIT - FLEX
21700,"[PVC] 1/2"", Schedule 40, 10' ",CONDUIT - PVC
21846,"3/4"" carflex",CONDUIT - FLEX
21856,3/4 CARFLEX,CONDUIT - FLEX
21864,1/2'' EMT PIPE,CONDUIT - EMT
21866,"EMT 3/4"" Pipe",CONDUIT - EMT
21915,carflex 3/4,CONDUIT - FLEX
21921,3/4 carflex,CONDUIT - FLEX
22002,"200' 1/2"" non metallic flex",CONDUIT - FLEX
22007,"300' 1"" EMT",CONDUIT - EMT
22008,"500' 4"" EMT",CONDUIT - EMT
22043,"[ENT] 1"", 500'",CONDUIT - ENT
22057,"[ENT] 3/4"", 300'",CONDUIT - ENT
22078,"[ENT] 3/4"", 500'",CONDUIT - ENT
22103,"Calbrite S60500MH00 1/2"" Pipe ",UNK
22447,Klein Tool 50350 13” Flexible ,CONDUIT - FLEX
22554,CAT 6 - PVC JACKET - BLUE,CONDUIT - PVC
22613,Liquid-Tight Flexible Nonmetal,CONDUIT - FLEX
22650,"Blue ENT, 3/4"", 1000 Ft Roll ",CONDUIT - ENT
22673,KYL 012011 *3/4INX1000FT ENT U,CONDUIT - ENT
22701,"[ENT] 3/4"", 750'",CONDUIT - ENT
22723,Arlington 5010AST MC/AC/Flex C,CONDUIT - FLEX
22960,PVC 5-IN-SCHED-40 CONDUIT,CONDUIT - PVC
22968,"3"" x 10'  PVC ",CONDUIT - PVC
22970,"2"" x 10' pvc  ",CONDUIT - PVC
22977,4 inch pvc,CONDUIT - PVC
23011,Thomas & Betts 3112 AC/Flex Co,CONDUIT - FLEX
23045,"[ENT] 1/2"", 10'",CONDUIT - ENT
23059,"[ENT] 1"", 1000'",CONDUIT - ENT
23434,1-inch ENT (grey),CONDUIT - ENT
23456,4-inch pvc,CONDUIT - PVC
23464,1-1/2 ENT,CONDUIT - ENT
23479,1 inch EMT,CONDUIT - EMT
23484,1Inch pvc,CONDUIT - PVC
23511,1/2 inch PVC,CONDUIT - PVC
23512,1/2 PVC LB's,CONDUIT - PVC
23580,"3/4"" seal tight conduit",CONDUIT - FLEX
23647,"Kraloy 012011 ENT, Gray w/ Bl",CONDUIT - ENT
23655,"Kraloy 012011 ENT, Gray w/ Blu",CONDUIT - ENT
23712,"Liquidtight Flexible Conduit,",CONDUIT - FLEX
24064,2” EMT,CONDUIT - EMT
24138,"1-1/2"" EMT Conduit, 10'",CONDUIT - EMT
24139,"1"" EMT Conduit, 10'",CONDUIT - EMT
24343,"[PVC] 3"", Schedule 40, 20' St",CONDUIT - PVC
24344,"[PVC] 6"", Schedule 40, 20' St",CONDUIT - PVC
24375,"[PVC] 6"", Schedule 40, 10' Sti",CONDUIT - PVC
24417,"[PVC] 3"", Schedule 40, 20’Stic",CONDUIT - PVC
24453,2 1/2 PVC pipe,CONDUIT - PVC
24520,Carlon E910F PVC Conduit Repai,CONDUIT - PVC
24567,"2.5"" schedule 80 pvc",CONDUIT - PVC
24572,"1.5"" schedule 80 pvc",CONDUIT - PVC
24578,"4"" schedule 40 pvc",CONDUIT - PVC
24596,"3/4"" pvc conduit",CONDUIT - PVC
24662,3” carflex,CONDUIT - FLEX
24716,"emt 1/2"" conduit",CONDUIT - EMT
24772,"3/4"" emt",CONDUIT - EMT
24793,"3"" emt",CONDUIT - EMT
24794,"2"" emt",CONDUIT - EMT
24849,"3"" emt ",CONDUIT - EMT
24855,"2"" pvc LB (weatherproof)",CONDUIT - PVC
24856,"2"" pvc",CONDUIT - PVC
24869,"1.5"" schedule 40 pvc",CONDUIT - PVC
24934,"3/4"" schedule 40 pvc",CONDUIT - PVC
24936,"1"" schedule 40 pvc",CONDUIT - PVC
24945,"EMT LB CONDUIT 1""",CONDUIT - EMT
24946,"3/4"" emt lb",CONDUIT - EMT
24950,"3/4"" fmc to emt transition",CONDUIT - EMT
24967,"2.5"" schedule 40 pvc",CONDUIT - PVC
24974,"1"" emt to fmc transition",CONDUIT - EMT
25018,"1/2"" EMT PIPE",CONDUIT - EMT
25019,"3/4"" EMT PIPE",CONDUIT - EMT
25311,"3/4"" PVC PIPE",CONDUIT - PVC
25314,"1/2"" PVC",CONDUIT - PVC
25318,"1/2"" CARFLEX",CONDUIT - FLEX
25325,"1/2"" METAL FLEX",CONDUIT - FLEX
25340,3/4 PVC SCH 40 CONDUIT,CONDUIT - PVC
25354,"1-1/2"" PVC ",CONDUIT - PVC
25375,"3"" pvc sch 80 10'",CONDUIT - PVC
25378,1-1/2 sch 40 pvc,CONDUIT - PVC
25379,"4"" sch 40 pvc",CONDUIT - PVC
25396,"3"" pvc weatherheads",CONDUIT - PVC
25419,"4"" pvc sch 40 pipe",CONDUIT - PVC
25425,"2.5"" pvc schedule 40 conduit",CONDUIT - PVC
25428,"2"" pvc sch 40 conduit",CONDUIT - PVC
25429,"4"" pvc sch 40 conduit",CONDUIT - PVC
25433,"4"" PVC Schedule  40",CONDUIT - PVC
25437,"Rigid Conduit, 1-1/2"", Galvan",CONDUIT - GRC
25441,"4"" pvc sch 40 pipe 10' sticks",CONDUIT - PVC
25445,"3/4"" pvc pipe 10' sticks",CONDUIT - PVC
25464,"4"" PVC Schedule 40 (20 foot s",CONDUIT - PVC
25491,"2 1/2"" pvc pipe",CONDUIT - PVC
25498,"4"" PVC Coated GRC",CONDUIT - GRC
25499,"3"" PVC Coated GRC",CONDUIT - GRC
25500,"2.5"" PVC Coated GRC",CONDUIT - GRC
25501,"2"" PVC Coated GRC",CONDUIT - GRC
25502,"1.5"" PVC Coated GRC",CONDUIT - GRC
25503,"1.25"" PVC coated GRC",CONDUIT - GRC
25504,"1"" PVC Coated GRC",CONDUIT - GRC
25543,"2"" sch 40 pvc 10'",CONDUIT - PVC
25544,"1.5"" sch 40 pvc 10'",CONDUIT - PVC
25585,"PVC Coated Rigid Conduit, 4"", ",CONDUIT - GRC
25586,"PVC Coated Conduit, 2-1/2"", 10",CONDUIT - PVC
25587,"PVC Coated Rigid Conduit, 2"", ",CONDUIT - GRC
25588,"PVC Coated Rigid Conduit, 1-1/",CONDUIT - GRC
25590,"PVC Coated Rigid Conduit, 1"", ",CONDUIT - GRC
25677,"PVC Coated Rigid Conduit, 3"", ",CONDUIT - GRC
25680,1-1/2” pvc scd 40,CONDUIT - PVC
25700,4” Scd 40 PVC,CONDUIT - PVC
25721,2'' PVC RGD COND,CONDUIT - PVC
25723,"2-1/2"" PVC Coated Rigid Condui",CONDUIT - GRC
25748,"4"" PVC Sched 40 10' sections",CONDUIT - PVC
25756,"PVC Coated Rigid Conduit, 2"",",CONDUIT - GRC
25781,"400' x 4"" PVC Schedule 40",CONDUIT - PVC
25783,3/4 Emt conduit,CONDUIT - EMT
25805,"3"" PVC schedule 40 conduit",CONDUIT - PVC
25913,RIDGID1 Gal. Dark Pipe Threadi,UNK
25920,1-1/2 CONDUIT,UNK
25921,2-1/2 CONDUIT,UNK
25937,"3"" pvc conduit",CONDUIT - PVC
26025,2-1/2 carflex,CONDUIT - FLEX
26076,3/4” Emt,CONDUIT - EMT
26077,2-1/2” Pvc Coated Rigid,CONDUIT - GRC
26133,"3/4"" EMT         ",CONDUIT - EMT
26151,"2"" EMT       15°",CONDUIT - EMT
26152,"2"" EMT       30°",CONDUIT - EMT
26163,"2 1/2"" EMT",CONDUIT - EMT
26165,"2 1/2"" EMT       30°",CONDUIT - EMT
26199,1/2” Greenfield to emt transit,CONDUIT - EMT
26226,"[GRC/RMC] 1"", PVC Coating, 10",CONDUIT - GRC
26260,1 1/2” pvc conduit Schedule 40,CONDUIT - PVC
26267,1/2” Greenfield to emt transi,CONDUIT - EMT
26388,"1-1/4"" EMT",CONDUIT - EMT
26403,"1"" Green field (metal Flex)",CONDUIT - FLEX
26412,"1 1/2"" Rigid conduit",CONDUIT - GRC
26426,2-1/2-STEEL THINWALL CONDUIT,CONDUIT - GRC
26449,"10' sticks of 3"" rigid conduit",CONDUIT - GRC
26463,"10' sticks x 1"" rigid conduit",CONDUIT - GRC
26464,"10' sticks of 2"" Rigid conduit",CONDUIT - GRC
26517,"2 1/2"" EMT Conduit",CONDUIT - EMT
26518,"1 1/4"" EMT Conduit",CONDUIT - EMT
26549,2-1/2-ALUMINUM FLEXIBLE CONDUI,CONDUIT - FLEX
26550,3-ALUMINUM FLEXIBLE CONDUIT,CONDUIT - FLEX
26558,2-1/2-RIGID CONDUIT,CONDUIT - GRC
26606,"3/4"" PVC Conduit",CONDUIT - PVC
26611,"3/4"" PVC coated Rigid Conduit",CONDUIT - GRC
26621,"11/4"" Emt Conduit x 10' Sticks",CONDUIT - EMT
26637,"3/4"" Metallic Flex ( Greenfiel",CONDUIT - FLEX
26708,1 X CLOSE-GALVANIZED CONDUIT N,CONDUIT - GRC
26709,3/4 X CLOSE-GALVANIZED CONDUIT,CONDUIT - GRC
26749,4 X CLOSE-GALVANIZED CONDUIT N,CONDUIT - GRC
26751,1-1/2 X 4-GALVANIZED CONDUIT N,CONDUIT - GRC
26853,RYMCO - EMT 1-1/2IN,CONDUIT - EMT
26854,RYMCO - EMT 2-1/2IN,CONDUIT - EMT
26859,RYMCO - EMT 3IN,CONDUIT - EMT
26867,AF EC754US 1-1/2 STL CMP EMT C,CONDUIT - EMT
26868,AF EC763US 1-1/4 STL CMP EMT C,CONDUIT - EMT
26904,3/8-ALUMINUM FLEXIBLE CONDUIT,CONDUIT - FLEX
26976,"2 1/2"" EMT 30's",CONDUIT - EMT
27091,2-ALUMINUM FLEXIBLE CONDUIT,CONDUIT - FLEX
27122,1 1/2 EMT 30's,CONDUIT - EMT
27158,PIPE EMT,CONDUIT - EMT
27160,"2"" Prefab EMT PIPE",CONDUIT - EMT
27161,1 1/2 PVC Pulling C,CONDUIT - PVC
27597,"10' stick of 3/4"" PVC plumbing",CONDUIT - PVC
27658,"Spatula, Flexible, 5/8"", Sprin",CONDUIT - FLEX
27705,"4"" PVC Conduit 20' Lenghts",CONDUIT - PVC
27710,"2 1/2"" PVC Conduit",CONDUIT - PVC
27716,"1 1/2"" PVC Conduit",CONDUIT - PVC
27720,1” PVC Sched 40,CONDUIT - PVC
27724,"4"" PVC Conduit ",CONDUIT - PVC
27726,PVC COND 4 22015-003BO REFUSED,CONDUIT - PVC
27737,"1"" PVC Conduit",CONDUIT - PVC
27754,1”  PVC SCHEDULE 40,CONDUIT - PVC
27761,1” PVC MA,CONDUIT - PVC
27762,1 1/2” PVC MA,CONDUIT - PVC
27764,2” PVC MA,CONDUIT - PVC
27769,"1"" GRC",CONDUIT - GRC
27771,"4"" GRC",CONDUIT - GRC
27773,"1-1/2"" GRC ",CONDUIT - GRC
27781,3/4” PVC Sched 40,CONDUIT - PVC
27796,3/4” PVC SCHD 40,CONDUIT - PVC
27800,3/4” PVC SCHED 40,CONDUIT - PVC
27802,3/4” PVC MA,CONDUIT - PVC
27819,1” Sched 40 PVC,CONDUIT - PVC
27821,3” PVC SCHED 40,CONDUIT - PVC
27826,2” PVC SCHED 40,CONDUIT - PVC
27837,3/4 Schedule 40 PVC Conduit,CONDUIT - PVC
27838,1” Schedule 40 PVC Conduit,CONDUIT - PVC
27840,3/4” Schedule 40 Pvc,CONDUIT - PVC
27841,1” Schedule 40 Pvc,CONDUIT - PVC
27842,2” Schedule 40 Pvc,CONDUIT - PVC
27843,2 1/2” Schedule 40 Pvc,CONDUIT - PVC
27844,3” Schedule 40 Pvc,CONDUIT - PVC
27846,2 1/2” Pvc Scedule 40 Conduit,CONDUIT - PVC
27869,PVC 006272,CONDUIT - PVC
27871,"PVC CONDUIT 2"" SCHEDULE-40",CONDUIT - PVC
27872,"PVC CONDUIT 3"" SCHEDULE-40",CONDUIT - PVC
27873,"PVC CONDUIT 1"" SCHEDULE-40",CONDUIT - PVC
27876,4” pvc schedule 40,CONDUIT - PVC
27877,3/4” schedule 40 pvc,CONDUIT - PVC
27881,1” pvc schedule 40,CONDUIT - PVC
27912,2” Car Flex,CONDUIT - FLEX
27929,1/2” EMT,CONDUIT - EMT
27946,3” EMT,CONDUIT - EMT
27965,"3"" EMT ",CONDUIT - EMT
27976,3” Aluminum Rigid Conduit,CONDUIT - GRC
27982,"1/2"" GRC",CONDUIT - GRC
27988,3/4” RED EMT,CONDUIT - EMT
27989,1” EMT RED,CONDUIT - EMT
27998,3/4” EMT MINI’s,CONDUIT - EMT
27999,1” EMT MINI’s,CONDUIT - EMT
28022,3/4” GRC,CONDUIT - GRC
28079,Red Emt 1”,CONDUIT - EMT
28102,1'' EMT,CONDUIT - EMT
28104,3'' PVC COND,CONDUIT - PVC
28105,2'' PVC COND,CONDUIT - PVC
28106,"REEL, 3/4"" CARFLEX LIQUIDTIGH",CONDUIT - FLEX
28133,"REEL, 1"" CARFLEX LIQUIDTIGHT ",CONDUIT - FLEX
28143,3/4” Carflex Nonmetallic ,CONDUIT - FLEX
28174,"[GRC/RMC] 1 1/4"", 10' Sticks",CONDUIT - GRC
28178,4”EMT,CONDUIT - EMT
28186,1” schedule 40 pvc,CONDUIT - PVC
28229,1/2” sealtight,CONDUIT - FLEX
28236,3/4” emt,CONDUIT - EMT
28272,1 1/2” flex,CONDUIT - FLEX
28297,1/2” carflex,CONDUIT - FLEX
28323,1/2” steel flex,CONDUIT - FLEX
28324,3/4” steel flex,CONDUIT - FLEX
28325,1” steel flex,CONDUIT - FLEX
28374,1 1/2” emt,CONDUIT - EMT
28375,2” emt,CONDUIT - EMT
28388,3/4” car flex,CONDUIT - FLEX
28449,4” schedule 40 pvc,CONDUIT - PVC
28463,1/2” car flex,CONDUIT - FLEX
28481,3” schedule 40 PVC,CONDUIT - PVC
28515,3/4” carflex,CONDUIT - FLEX
28525,3/4” emt ,CONDUIT - EMT
28530,1” red emt,CONDUIT - EMT
28535,2” pvc achedule 40,CONDUIT - PVC
28582,3/4” red emt,CONDUIT - EMT
28608,2” ridig conduit,UNK
28612,3” pvc scjedule 40,CONDUIT - PVC
28622,1/2” metal flex,CONDUIT - FLEX
28635,1 1/2” pvc,CONDUIT - PVC
28655,1/2” flex Steel,CONDUIT - FLEX
28700,3/4” pvc,CONDUIT - PVC
28730,LQT NM0751000RL 3/4-IN-FLEX-NM,CONDUIT - FLEX
28743,1 1/4” emt,CONDUIT - EMT
28792,"PVC 3/4"" CONDUIT",CONDUIT - PVC
28793,EMT 3/4 PIPE,CONDUIT - EMT
28846,LQT NM050100CL 1/2-FLEX-NM-LIQ,CONDUIT - FLEX
28859,"2 1/2"" Sealtite Flex",CONDUIT - FLEX
28876,"3 1/2"" Sealtite Flex",CONDUIT - FLEX
28878,"3"" Sealtite Flex",CONDUIT - FLEX
28904,"[ENT] 3/4"", 250'",CONDUIT - ENT
28913,1” Sealtight,CONDUIT - FLEX
29288,ELB GRC4001114 4IN GAL 11-1/4,CONDUIT - GRC
29309,"1/2"" PVC Conduit, 10', Schedu",CONDUIT - PVC
29320,"1-1/4"" PVC (10' sticks)",CONDUIT - PVC
29321,"1-1/4"" PVC (20' sticks)",CONDUIT - PVC
29326,1 1/2in pvc pipe 20' lengths,CONDUIT - PVC
29327,1in pvc pipe 20' lengths,CONDUIT - PVC
29330,"1"" PVC (20' sticks)",CONDUIT - PVC
29333,"1/2"" PVC Conduit",CONDUIT - PVC
29346,"1"" PVC (20' length)",CONDUIT - PVC
29364,"2"" PVC SCH80",CONDUIT - PVC
29377,"1"" PVC Conduit, 20', Schedule ",CONDUIT - PVC
29378,"1-1/4"" PVC Conduit, 20', Sched",CONDUIT - PVC
29381,"PVC Conduit, Schedule 40, 3"" D",CONDUIT - PVC
29382,"PVC Conduit, Schedule 80, 1"" D",CONDUIT - PVC
29403,"PVC 4"" CONDUIT SCH 40 20'",CONDUIT - PVC
29428,"PVC Conduit, 3/4"", 20', Sched",CONDUIT - PVC
29429,"1"" PVC Conduit, 20', Schedule",CONDUIT - PVC
29441,"1"" sealtight",CONDUIT - FLEX
29450,"1/2"" car flex",CONDUIT - FLEX
29488,"IMC Conduit, 3/4"", Galvanized ",CONDUIT - GRC
29535,"EMT Conduit, 1-1/4"", Steel, 1",CONDUIT - EMT
29617,"Arlington 818 ARL 818 4"" EMT S",CONDUIT - EMT
29646,3/4 LT FLEX,CONDUIT - FLEX
29649,"3/4"" CONDUIT - EMT",CONDUIT - EMT
29662,"1""     CONDUIT - EMT",CONDUIT - EMT
29686,EGS TCI-502 3/4 IN EMT SSCR CO,CONDUIT - EMT
29698,1-1/2 metal flex,CONDUIT - FLEX
29699,1-1/4 metal flex,CONDUIT - FLEX
29715,"1-1/2"" x 5"" Galvanized Conduit",CONDUIT - GRC
29725,"3/4"" Carflex® Black Liquidtigh",CONDUIT - FLEX
29758,"EMT Pipe 3/4""",CONDUIT - EMT
29811,"1/2"" flex",CONDUIT - FLEX
29829,"1"" carflex",CONDUIT - FLEX
30326,"[PVC] 4"", Schedule 80, 10' Sti",CONDUIT - PVC
30397,1 in. x 10 ft. PVC Schedule 40,CONDUIT - PVC
30430,"3/4"" GRC ",CONDUIT - GRC
30432,"1-1/4"" GRC ",CONDUIT - GRC
30437,"[PVC] 3"", Schedule 80, 10' Sti",CONDUIT - PVC
30438,"[PVC] 3"", Schedule 80, 10' St",CONDUIT - PVC
30450,3/4 PVC,CONDUIT - PVC
30458,"1 1/2"" GRC CONDUIT 10FT STICK",CONDUIT - GRC
30463,"[PVC] 1"", Schedule 80, 10' St",CONDUIT - PVC
30479,1' PVC CONDUIT SCHEDULE 40,CONDUIT - PVC
30485,"1"" PVC CONDUIT",CONDUIT - PVC
30546,3/4 EMT CONDUIT,CONDUIT - EMT
30547,"1"" EMT CONDUIT",CONDUIT - EMT
30548,1-1/4 EMT CONDUIT,CONDUIT - EMT
30549,1-1/2 EMT CONDUIT,CONDUIT - EMT
30550,"2"" EMT CONDUIT",CONDUIT - EMT
30572,"1"" EMT ",CONDUIT - EMT
30604,"1-1/2"" EMT",CONDUIT - EMT
30607,"2-1/2"" GRC",CONDUIT - GRC
30617,"1-1/4"" GRC",CONDUIT - GRC
30622,"3/4"" GRC",CONDUIT - GRC
30628,"2"" GRC",CONDUIT - GRC
30896,3/4” Emt To flex Combonation c,CONDUIT - FLEX
30904,"[PVC] 1"", Schedule 40, 20' Sti",CONDUIT - PVC
30986,2 X CLOSE-GALVANIZED CONDUIT N,CONDUIT - GRC
31061,"3/4"" Minni's for EMT ",CONDUIT - EMT
31137,"2 1/2"" EMT CONDUIT",CONDUIT - EMT
31188,"EMT 2 1/2"" CONDUIT",CONDUIT - EMT
31241,"3"" CARFLEX",CONDUIT - FLEX
31262,CONDUIT 3/4IN EF/LT LIQ-TITE G,CONDUIT - FLEX
31313,200' of 1/2 greenfield flex,CONDUIT - FLEX
31317,"1"" greenfield flex (50')",CONDUIT - FLEX
31337,"3/4"" LIQUID TIGHT CONDUIT",CONDUIT - FLEX
31340,"3/4"" EMT CONDUITS SILVER",CONDUIT - EMT
31341,"3/4"" RIGID CONDUITS",CONDUIT - GRC
31350,"3/4"" RIGID CONDUIT",CONDUIT - GRC
31353,"3/4"" FMC FLEX",CONDUIT - FLEX
31354,"1"" FMC FLEX",CONDUIT - FLEX
31363,"CONDUIT-EMT 1""",CONDUIT - EMT
31378,ARLINGTON EMT75,CONDUIT - EMT
31379,ARLINGTON EMT100,CONDUIT - EMT
31400,"1/2"" FLEX FMC",CONDUIT - FLEX
31405,"1"" CARFLEX",CONDUIT - FLEX
31420,"3/4""X100'ALUM FLEX CONDUIT",CONDUIT - FLEX
31434,"3/4"" CARFLEX",CONDUIT - FLEX
31457,"1/2""EMT CONDUIT",CONDUIT - EMT
31476,1” carflex,CONDUIT - FLEX
31483,"3/4"" EMT CONDUIT`",CONDUIT - EMT
31511,"2"" EMT CONDUITS",CONDUIT - EMT
31528,"3"" emt conduit",CONDUIT - EMT
31944,Panduit ST35-075-66WH PVC Ele,CONDUIT - PVC
31945,Panduit ST35-075-66GR PVC Ele,CONDUIT - PVC
32044,"1"" PVC SCH 40",CONDUIT - PVC
32077,"1"" pvc LB",CONDUIT - PVC
32078,"EMT 1"" Pipe",CONDUIT - EMT
32095,"3/4"" pvc scedule 40",CONDUIT - PVC
32101,"3/4"" pvc M/A's",CONDUIT - PVC
32109,"1"" pvc",CONDUIT - PVC
32313,Thomas & Betts XJG28-EMT 3/4 ,CONDUIT - EMT
32314,Thomas & Betts XJG38-EMT 1 EM,CONDUIT - EMT
32371,Thomas & Betts XJG38-EMT 1 EMT,CONDUIT - EMT
32413,"3/4"" Steel Thinwall Conduit (",CONDUIT - GRC
32422,3/4-RIGID CONDUIT,CONDUIT - GRC
32669,"1/2"" emt",CONDUIT - EMT
32691,"3"" flex",CONDUIT - FLEX
32706,"4"" PVC MA",CONDUIT - PVC
32713,"1"" PVC pipe",CONDUIT - PVC
32714,"1""PVC MA",CONDUIT - PVC
32729,"1/2"" EMT pipe",CONDUIT - EMT
32730,"3/4"" EMT pipe",CONDUIT - EMT
32778,"1-1/2"" EMT pipe",CONDUIT - EMT
32826,"1/2"" flex FMC",CONDUIT - FLEX
32849,Halex 5/16 in. Flexible Metal ,CONDUIT - FLEX
32878,"1"" rigid conduit",CONDUIT - GRC
32884,"1"" flex",CONDUIT - FLEX
32911,"3/4"" flex",CONDUIT - FLEX
32953,"3/4"" threaded LB metal conduit",UNK
33201,HALEX 3/8 IN. FLEXIBLE METAL C,CONDUIT - FLEX
33319,DYNA FLEX,CONDUIT - FLEX
33378,"4"" pvc sch 40",CONDUIT - PVC
33379,"3"" pvc Sch 40",CONDUIT - PVC
33388,"10' 2"" PVC sch 40",CONDUIT - PVC
33407,"10'   4"" sch 80 pvc",CONDUIT - PVC
33423,"ipex PP3540    2"" pvc poly plu",CONDUIT - PVC
33429,"2"" pvc sch 40",CONDUIT - PVC
33430,"ipex PP3540    2"" pvc poly pl",CONDUIT - PVC
33437,"3"" pvc sch 40",CONDUIT - PVC
33448,"PVC Conduit, 4"", 20', Schedule",CONDUIT - PVC
33462,"2"" pvc schedule 40",CONDUIT - PVC
33463,"1 1/4"" pvc schedule 40",CONDUIT - PVC
33479,"2"" pvc LB",CONDUIT - PVC
33497,1 1/4 pvc,CONDUIT - PVC
33515,"1"" pvc TA",CONDUIT - PVC
33521,"2"" PVC TA",CONDUIT - PVC
33527,"1 1/2"" pvc",CONDUIT - PVC
33572,"2"" EMT ",CONDUIT - EMT
33580,"2-1/2"" EMT ",CONDUIT - EMT
33582,1 1/2 in emt,CONDUIT - EMT
33614,4” emt ,CONDUIT - EMT
33615,3 ½” emt ,CONDUIT - EMT
33616,2 ½” emt ,CONDUIT - EMT
33617,2” emt ,CONDUIT - EMT
33618,1 ½” emt ,CONDUIT - EMT
33638,1/2 emt,CONDUIT - EMT
33695,1-1/2 EMT QT 1-1/4,CONDUIT - EMT
33715,"1 1/2"" emt",CONDUIT - EMT
33773,"1"" pvc sch 40",CONDUIT - PVC
33774,"1 1/4"" pvc sch 40",CONDUIT - PVC
33809,"Bridgeport 61-DC  1/2"" emt pul",CONDUIT - EMT
33844,1 1/4 emt,CONDUIT - EMT
33880,"1/2"" EMT (Minis)",CONDUIT - EMT
33887,"1"" EMT (Minis)",CONDUIT - EMT
33921,"3/4"" EMT (Minis)",CONDUIT - EMT
33954,Calbrite S62000MH00 CONDUIT MI,UNK
34009,1 1/2  EMT,CONDUIT - EMT
34023,118 ADJ 582047 BPT280SP1/2EMT,CONDUIT - EMT
34024,118 ADJ 582047 BPT280SP 1/2EMT,CONDUIT - EMT
34073,"2 1/2"" flex",CONDUIT - FLEX
34076,"2"" flex",CONDUIT - FLEX
34094,Bridgeport® Knockout Conduit ,UNK
34109,1 1/2 NPT IRON C FORM 7 CNDT B,UNK
34115,"1 1/2"" flex  (greenfield)",CONDUIT - FLEX
34120,"2-1/2"" EMT 10'",CONDUIT - EMT
34124,"4"" flex",CONDUIT - FLEX
34127,3/4 flex aluminum,CONDUIT - FLEX
34201,"1 1/2"" flex",CONDUIT - FLEX
34216,"3"" Emt",CONDUIT - EMT
34217,3 1/2 emt,CONDUIT - EMT
34230,FLX ALC150RW25CL 1-1/2-FLEX-AL,CONDUIT - FLEX
34231,EMT 150 1-1/2X10FT-EMT,CONDUIT - EMT
34271,"4"" flex (greenfeild)",CONDUIT - FLEX
34328,"1 1/4"" emt",CONDUIT - EMT
34334,"1 1/2"" flex (greenfeild)",CONDUIT - FLEX
34385,"2 1/2"" emt LB",CONDUIT - EMT
34390,"1/2"" emt pulling L",CONDUIT - EMT
34391,"3/4"" emt pulling L",CONDUIT - EMT
34402,"1 1/2"" emt LB  (eaton LB55-CGN",CONDUIT - EMT
34403,3/4 flex (greenfield),CONDUIT - FLEX
34404,"1/2"" flex (greenfield)",CONDUIT - FLEX
34423,"4"" flex (greenfield)",CONDUIT - FLEX
34527,FLX ALC200RW25CL 2-IN-FLEX-ALU,CONDUIT - FLEX
34561,"3/4"" car flex",CONDUIT - FLEX
34607,1 1/4 pvc ta,CONDUIT - PVC
34624,"1 1/4""pvc TA",CONDUIT - PVC
34660,1 1/2 pvc schedule 40,CONDUIT - PVC
34664,1 1/2 pvc ta,CONDUIT - PVC
34674,FLX ALC250RW-CUT 2-1/2-FLEX-AL,CONDUIT - FLEX
34714,EMT 050 1/2X10FT-EMT,CONDUIT - EMT
34827,1-IN L/T FLEX PVC,CONDUIT - FLEX
34844,EMT 125 1-1/4X10FT-EMT,CONDUIT - EMT
34847,EMT 250 2-1/2X10FT-EMT,CONDUIT - EMT
34848,PVC 200 2-IN-PVC-SCHED-40-COND,CONDUIT - PVC
34964,1-1/4-ALUMINUM FLEXIBLE CONDUI,CONDUIT - FLEX
34965,1-ALUMINUM FLEXIBLE CONDUIT,CONDUIT - FLEX
34979,3/4 emt mineralac,CONDUIT - EMT
35065,"EMT Conduit, 3-1/2"", Galvanize",CONDUIT - EMT
35155,10/2 mc pvc jacket,CONDUIT - PVC
35171,8/3 PVC coated MC,CONDUIT - PVC
35489,"1 1/2"" emt mineralac",CONDUIT - EMT
35588,"2"" emt mineralac",CONDUIT - EMT
35636,arlington EMT75,CONDUIT - EMT
35823,"3/4"" pvc LBs",CONDUIT - PVC
35840,"[PVC] 6"", Schedule 80, 10' Sti",CONDUIT - PVC
35849,"5"" Schedule 40 PVC",CONDUIT - PVC
35850,"4"" Schedule 40 PVC",CONDUIT - PVC
35851,"3"" Schedule 40 PVC",CONDUIT - PVC
35852,"2"" Schedule 40 PVC",CONDUIT - PVC
35853,"1 1/2"" Schedule 40 PVC",CONDUIT - PVC
35854,"1"" Schedule 40 PVC",CONDUIT - PVC
35855,"3/4"" Schedule 40 PVC",CONDUIT - PVC
35875,1-1/4” Pvc Conduit,CONDUIT - PVC
35908,1”Pvc Conduit,CONDUIT - PVC
35917,1-1/4” PVC conduit,CONDUIT - PVC
35926,1/2” Pvc Conduit,CONDUIT - PVC
35933,"2-1/2"" PVC Conduit, 10', Sche",CONDUIT - PVC
35958,"3/4"" smurf gray 1000' reels",CONDUIT - ENT
35959,"1"" smurf gray 750' reels",CONDUIT - ENT
35962,"1"" smurf gray",CONDUIT - ENT
35963,"3/4"" smurf gray",CONDUIT - ENT
36041,"1"" GRAY ENT 750' SPOOL",CONDUIT - ENT
36042,"3/4"" GRAY ENT 1000' SPOOL",CONDUIT - ENT
36058,"3/4"" GRAY ENT tubing",CONDUIT - ENT
36063,"4"" schedule 40 PVC",CONDUIT - PVC
36064,"1"" schedule 40 PVC",CONDUIT - PVC
36070,"2"" schedule 40 PVC",CONDUIT - PVC
36085,pvc conduit 1,CONDUIT - PVC
36091,"2"" EMT Conduit, 10'",CONDUIT - EMT
36098,"1"" Sch 40 PVC Conduit",CONDUIT - PVC
36099,3/4 BLUE ENT COND,CONDUIT - ENT
36102,1 750R ENT UL BL KWIKON RL PCO,CONDUIT - ENT
36106,"200 10' 1"" PVC schedule 40",CONDUIT - PVC
36107,"100 10' 4"" PVC schedule 40",CONDUIT - PVC
36119,"1"" scedule 40 PVC conduit",CONDUIT - PVC
36120,"2"" gray ENT tubing",CONDUIT - ENT
36122,"1"" gray ENT tubing",CONDUIT - ENT
36125,"2"" PVC Conduit, 20', Schedule",CONDUIT - PVC
36126,"PVC Conduit, Schedule 40, 6"" ",CONDUIT - PVC
36129,"1/2"" blue ENT",CONDUIT - ENT
36132,"3/4"" schedule 40 PVC",CONDUIT - PVC
36134,"3"" schedule 80 PVC",CONDUIT - PVC
36146,"10' rigid conduit 3""",CONDUIT - GRC
36237,1” ENT  conduit,CONDUIT - ENT
36246,1” Smurf,CONDUIT - ENT
36247,3/4”Smurf,CONDUIT - ENT
36263,"3/4"" Smurf",CONDUIT - ENT
36271,"1-1/2"" Carflex  ",CONDUIT - FLEX
36289,"3/4"" ENT( Smurf Tube Rated for",CONDUIT - ENT
36307,EMT4 - CONDUIT - EMT 4IN,CONDUIT - EMT
36309,EMT3 - CONDUIT - EMT 3IN,CONDUIT - EMT
36311,EMT2 - CONDUIT - EMT 2IN,CONDUIT - EMT
36312,EMT1 - CONDUIT - EMT 1IN,CONDUIT - EMT
36313,EMT34 - CONDUIT - EMT 3/4IN,CONDUIT - EMT
36334,"3/4"" gray ENT",CONDUIT - ENT
36335,"1"" gray ENT",CONDUIT - ENT
36355,"EMT Conduit, 1-1/2"", Galvaniz",CONDUIT - EMT
36453,"4"" EMT PIPE",CONDUIT - EMT
36647,"1"" ENT , Gray tube",CONDUIT - ENT
36666,3/4 Inch. ENT To 3/4 Inch. EMT,CONDUIT - ENT
36667,1 Inch. ENT To 1 Inch. EMT Non,CONDUIT - ENT
36673,3/4 Inch. ENT To 3/4 Inch. EM,CONDUIT - ENT
36684,"1/2"" BLUE ENT",CONDUIT - ENT
36691,EMT 4X 22-1/2,CONDUIT - EMT
36695,"5 1000' spools blue 3/4"" ENT",CONDUIT - ENT
36702,"6 750' spools 1"" gray ENT",CONDUIT - ENT
36712,"1/2"" EMT CONDUIT",CONDUIT - EMT
36741,"3/4"" Metal flexible conduit",CONDUIT - FLEX
36793,"1/2"" METAL ALUMINUN FLEX",CONDUIT - FLEX
36796,"Flexible Metal Conduit, 3/4""",CONDUIT - FLEX
36805,"3/4"" Carflex",CONDUIT - FLEX
36809,"1"" EMT conduit",CONDUIT - EMT
36831,"3/8"" super flexible metallic c",CONDUIT - FLEX
36839,"3/4"" rigid conduit",CONDUIT - GRC
36841,"3/4"" carflex  ",CONDUIT - FLEX
36865,"3/8"" super flex flexible metal",CONDUIT - FLEX
36892,"3/4"" blue ENT",CONDUIT - ENT
36946,"1/2"" ENT",CONDUIT - ENT
36954,"Aluminum Flex, 3/8"", 250' Reel",CONDUIT - FLEX
36986,"3/8"" aluminum Superflex",CONDUIT - FLEX
36989,"EMT 1 1/2"" Pipe",CONDUIT - EMT
36992,"1/2"" Blue ENT",CONDUIT - ENT
36993,"4"" PVC Conduit SQ 40",CONDUIT - PVC
37037,"2 1/2"" EMT conduit",CONDUIT - EMT
37062,"Carlon 1/2ENT - 1/2"" ENT Non-M",CONDUIT - ENT
37066,"3/4"" ENT CONDUICT BLUE",CONDUIT - ENT
37080,"BLUE 3/4"" ENT",CONDUIT - ENT
37081,"BLUE 1/2"" ENT",CONDUIT - ENT
37096,"10' 1 1/2"" rigid conduit",CONDUIT - GRC
37106,"2"" aluminum flex",CONDUIT - FLEX
37118,"3/4"" aluminum flex",CONDUIT - FLEX
37119,"1"" aluminum flex",CONDUIT - FLEX
37127,"1"" flexible metallic tubing al",CONDUIT - FLEX
37129,"3/4"" flexible metallic tubing ",CONDUIT - FLEX
37139,"3/4"" BLUE ENT smurf",CONDUIT - ENT
37155,"3"" metallic flex",CONDUIT - FLEX
37158,"1/2"" flexible metallic conduit",CONDUIT - FLEX
37171,"3/4"" BLUE ENT",CONDUIT - ENT
37292,"2"" metallic flex",CONDUIT - FLEX
37298,"4"" metallic flex",CONDUIT - FLEX
37303,"1/2"" metallic flexible conduit",CONDUIT - FLEX
37305,"3/4"" metallic flexible conduit",CONDUIT - FLEX
37385,"1"" Smurf",CONDUIT - ENT
37428,3/4 blue PVC ENT,CONDUIT - ENT
37431,1-1/2 EMT COUNDUITS,CONDUIT - EMT
37483,KYL 012011  3/4INX1000FT ENT U,CONDUIT - ENT
37511,KYL 012021  1INX750FT ENT UL K,CONDUIT - ENT
37586,"3/4"" EMT CONDUITS",CONDUIT - EMT
37604,"3/4""EMT",CONDUIT - EMT
37627,"3/4"" flex st",CONDUIT - FLEX
37648,1/2 X CLOSE-GALVANIZED CONDUIT,CONDUIT - GRC
37679,"1/2"" ENT BLUE SMURFS",CONDUIT - ENT
37686,EMT 400 ARLINGTON,CONDUIT - EMT
37687,EMT 200 ARLINGTON,CONDUIT - EMT
37688,EMT 75 ARLINGTON,CONDUIT - EMT
37689,EMT 100 ARLINGTON,CONDUIT - EMT
37725,KYL 012002  1/2INX1500FT ENT U,CONDUIT - ENT
37745,GRC 075 3/4-GALV-STEEL,CONDUIT - GRC
37793,FLX ALC075RW100CL 3/4-FLEX-ALU,CONDUIT - FLEX
37891,"1 1/2"" threaded plastic pvc bu",CONDUIT - PVC
37892,"1 1/4"" threaded plastic pvc bu",CONDUIT - PVC
37939,"4"" emt conduits",CONDUIT - EMT
37986,3/4” Emt Conduit,CONDUIT - EMT
37989,4” Carflex,CONDUIT - FLEX
38018,"Carlon 12008-750 Blue ENT, 1""",CONDUIT - ENT
38393,1-1/4 in. Ratcheting PVC Cutte,CONDUIT - PVC
38706,½” EMT conduit,CONDUIT - EMT
38734,"2"" GRC CONDUIT",CONDUIT - GRC
38735,XENTURY,CONDUIT - ENT
38768,HERITAGE PLASTIC PVC-6-20 SCH4,CONDUIT - PVC
38772,"4"" PVC Conduit, 20', Schedule",CONDUIT - PVC
38816,Thomas & Betts Round PVC Floor,CONDUIT - PVC
38913,3/4 PVC PIPE,CONDUIT - PVC
38940,"3/4"" PVC Sch. 80",CONDUIT - PVC
38941,"1"" PVC Sch. 80",CONDUIT - PVC
38942,"1-1/4"" PVC sch. 80",CONDUIT - PVC
38943,"2"" PVC sch. 80",CONDUIT - PVC
38944,"4"" PVC Sch. 80",CONDUIT - PVC
38958,"2-1/2"" PVC",CONDUIT - PVC
38964,"PVC 2 1/2"" SCH40",CONDUIT - PVC
38966,"3/4"" PVC SCHEDULE 40 CONDUIT",CONDUIT - PVC
38967,"2"" SCHEDULE 40 PVC CONDUIT",CONDUIT - PVC
38968,"2"" SCHEDULE 80 PVC CONDUIT",CONDUIT - PVC
38979,"1-1/2"" sch.40 PVC",CONDUIT - PVC
38991,"2"" Sch. 40 PVC",CONDUIT - PVC
39009,"1"" PVC L.B.",CONDUIT - PVC
39010,"2"" Sch.40 PVC",CONDUIT - PVC
39012,"3/4"" sch. 40 PVC",CONDUIT - PVC
39014,"3/4"" PVC sch. 40",CONDUIT - PVC
39025,"3/4"" PVC sch.40",CONDUIT - PVC
39028,"1"" PVC sch.40",CONDUIT - PVC
39041,2 inch PVC schedule 40,CONDUIT - PVC
39046,2 inch pvc schedule 80,CONDUIT - PVC
39048,156PR 15007-CUT REEL 3/4LTFLEX,CONDUIT - FLEX
39112,"1-1/4"" Carflex",CONDUIT - FLEX
39314,"1"" Carflex",CONDUIT - FLEX
39362,"4"" Sch. 40 PVC",CONDUIT - PVC
39529,"3/4"" EMT to greenfield chngeov",CONDUIT - EMT
39546,2 inch car flex,CONDUIT - FLEX
39577,XENTURY ADJ,CONDUIT - ENT
40022,1in emt,CONDUIT - EMT
40024,1in pvc,CONDUIT - PVC
40049,"1"" PVC TA's",CONDUIT - PVC
40056,1’ PVC SCHEDULE 80,CONDUIT - PVC
40058,3/4 PVC SCHEDULE 80,CONDUIT - PVC
40114,2 1/2 inch emt 10ft sticks,CONDUIT - EMT
40118,"EMT Conduit, 3"", Steel, 10'",CONDUIT - EMT
40125,"EMT Conduit, 1-1/4"", Steel, 10",CONDUIT - EMT
40236,2 1/2 emt,CONDUIT - EMT
40275,2/1/2 emt,CONDUIT - EMT
40282,"EMT 3"" Pipe",CONDUIT - EMT
40291,2 1/2 flex,CONDUIT - FLEX
40296,1 1/2 emt 30s,CONDUIT - EMT
40315,3/4 pvc TA,CONDUIT - PVC
40340,3/4 seal-tight flex,CONDUIT - FLEX
40341,1/2 seal-tight flex,CONDUIT - FLEX
40370,2-1/2 FLEX STL CONDUIT,CONDUIT - FLEX
40390,"3/4"" FLEX STL CONDUIT",CONDUIT - FLEX
40408,Conduit 3 type UL Liquidtight,CONDUIT - FLEX
40413,PVC Primer Quart,CONDUIT - PVC
40419,"1"" pvc TAs",CONDUIT - PVC
40432,1/2 in emt,CONDUIT - EMT
40438,1 1/4 SEALTIGHT FLEX,CONDUIT - FLEX
40455,2 1/2 in pvc TA,CONDUIT - PVC
40457,2 1/2 emt 30s,CONDUIT - EMT
40459,2 1/2 emt LB,CONDUIT - EMT
40468,3/4 pvc f/a,CONDUIT - PVC
40511,1-1/2 Car flex,CONDUIT - FLEX
40540,1-1/2 rigid pipe,CONDUIT - GRC
40549,1”1/2 EMT CONDUIT,CONDUIT - EMT
40555,3/4 EMT pipe,CONDUIT - EMT
40604,"2-1/2"" Flex STL Conduit",CONDUIT - FLEX
40613,EMT Conduit 1“,CONDUIT - EMT
40949,"1-1/2"" PVC MA",CONDUIT - PVC
40953,"3"" PVC MA",CONDUIT - PVC
40955,"1-1/4"" PVC",CONDUIT - PVC
40956,"2"" PVC  ",CONDUIT - PVC
40971,"3/4"" PVC SCH 40 (20' Sticks)",CONDUIT - PVC
40973,"1 ""  PVC SCH 40 (20' Sticks)",CONDUIT - PVC
40974,"1 -1/4""  PVC SCH 40",CONDUIT - PVC
40978,"4"" PVC SCH 40 (20' Sticks)",CONDUIT - PVC
41014,3 IN. PVC SCH 40,CONDUIT - PVC
41017,3 IN SCH 40 PVC,CONDUIT - PVC
41024,SCH 40 3/4 PVC,CONDUIT - PVC
41033,3/4 SCH 40 PVC,CONDUIT - PVC
41204,SCH 80- 1 IN PVC,CONDUIT - PVC
41205,"SCHEDULE 40 3/4"" PVC",CONDUIT - PVC
41226,2IN RIGID PIPE,CONDUIT - GRC
41227,1 1/2 RIGID PIPE,CONDUIT - GRC
41228,1 IN. RIGID PIPE,CONDUIT - GRC
41267,1 IN. SCH 40 PVC,CONDUIT - PVC
41323,"3/4"" FLEX CONDUIT",CONDUIT - FLEX
41324,"1/2"" FLEX CONDUIT",CONDUIT - FLEX
41345,"1"" GRC Minni's",CONDUIT - GRC
41358,"2"" GRC Weatherhead",CONDUIT - GRC
41359,"3"" GRC Weatherhead",CONDUIT - GRC
41378,"1-1/4"" PVC LB",CONDUIT - PVC
41379,"3"" PVC LB",CONDUIT - PVC
41413,[Carflex NonMetallic Liquidtig,CONDUIT - FLEX
41437,3 1/2 IN. PVC SCH 40,CONDUIT - PVC
41441,F-C-3010 STI WF sealent 5 Gall,CONDUIT - ENT
41446,4 IN. SCH 80 PVC,CONDUIT - PVC
41447,1 1/2 sch 80 pvc,CONDUIT - PVC
41448,SCH 80 3 IN. PVC,CONDUIT - PVC
41449,1 1/2 SCH. 40 PVC,CONDUIT - PVC
41451,1 1/2 PVC MA,CONDUIT - PVC
41453,1 1/2 SCH 80 PVC,CONDUIT - PVC
41454,3 IN. PVC LR,CONDUIT - PVC
41479,3 IN SCH. 40 PVC,CONDUIT - PVC
41490,4IN. NM LIQUID TIGHT FLEX,CONDUIT - FLEX
41494,1 1/4 LBE PVC,CONDUIT - PVC
41495,4 IN PVC LBE,CONDUIT - PVC
41509,4 IN SCH 40 PVC,CONDUIT - PVC
41510,3 IN. SCHEDULE 80 PVC,CONDUIT - PVC
41511,2 IN. SCHEDLE 80 PVC,CONDUIT - PVC
41518,1 IN. LB PVC,CONDUIT - PVC
41519,3/4 IN. LB PVC,CONDUIT - PVC
41528,3/4 NM LT FLEX,CONDUIT - FLEX
41535,3 1/2 in. PVC MA,CONDUIT - PVC
41551,3 in. PVC MA,CONDUIT - PVC
41570,2 in. PVC LBE,CONDUIT - PVC
41571,3 IN PVC SCH 40,CONDUIT - PVC
41573,3/4 PVC MA,CONDUIT - PVC
41592,2 in sch 40 pvc,CONDUIT - PVC
41603,2 IN METAL LT FLEX,CONDUIT - FLEX
41665,PVC 1 1/4 sch40,CONDUIT - PVC
41764,PVC 100 1-IN-PVC-SCHED-40-COND,CONDUIT - PVC
41811,3 in sch 40 PVC,CONDUIT - PVC
42322,"Blue ENT, 3/4"", 1000' reel",CONDUIT - ENT
42348,"3/4"" PVC( 120- 10 ft sticks) *",CONDUIT - PVC
42357,PVC heat gun,CONDUIT - PVC
42385,1-IN BLUE ENT COND,CONDUIT - ENT
42390,1-1/4 BLU ENT COND,CONDUIT - ENT
42409,"CTX 5133668 2"" PVC LB",CONDUIT - PVC
42442,4-STEEL THINWALL CONDUIT,CONDUIT - GRC
42527,"3"" Greenfield Flex",CONDUIT - FLEX
42535,"2"" Greenfield Flex",CONDUIT - FLEX
42538,"3/4"" Greenfield Flex",CONDUIT - FLEX
42571,"1"" EMT Red",CONDUIT - EMT
42604,"2"" Red EMT",CONDUIT - EMT
42623,"3/4"" EMT Red",CONDUIT - EMT
42787,3/4 Green field flex,CONDUIT - FLEX
42790,"1"" Red EMT",CONDUIT - EMT
42866,"1"" EMT ( 2000ft total)",CONDUIT - EMT
42869,100ft Roll of 3/4 Flex,CONDUIT - FLEX
42888,"2000ft of 3/4"" EMT",CONDUIT - EMT
42898,"10ft 2 1/2"" EMT",CONDUIT - EMT
42929,"100ft Red 2"" EMT",CONDUIT - EMT
42943,"1"" RED EMT",CONDUIT - EMT
42977,"WI LT FLEXMT COND 50FT X 2""",CONDUIT - FLEX
43093,2 1/2 EMT/RIGID TO FLEX CONT,CONDUIT - FLEX
43114,MULTIGRIP PIPE THINWALL IMC RG,UNK
43142,2 EMT TO FLEX CONT,CONDUIT - FLEX
43160,"2"" Conduit Pulling C",UNK
43629,"4"" PVC Schedule 40  (20' secti",CONDUIT - PVC
43630,"2"" PVC Schedule 40",CONDUIT - PVC
43633,"3/4"" PVC Schedule 40",CONDUIT - PVC
43635,"4"" PVC Schedule 40  (10' secti",CONDUIT - PVC
43647,"2"" PVC weatherhead",CONDUIT - PVC
43677,Charlotte Pipe 2 in. PVC Socke,CONDUIT - PVC
43778,"1"" PVC conduit Schedule 40",CONDUIT - PVC
43782,"1"" PVC MA",CONDUIT - PVC
43800,"12"" x 12"" x 4"" PVC Junction Bo",CONDUIT - PVC
43904,"1"" PVC LB",CONDUIT - PVC
43920,Carlon B120R or equivalent,CONDUIT - ENT
43953,LQT NM0501000RL 1/2-IN-FLEX-NM,CONDUIT - FLEX
43963,"1"" EMT LB",CONDUIT - EMT
44081,"3/4"" PVC (500' total)",CONDUIT - PVC
44095,3/4 PVC SCH48,CONDUIT - PVC
44098,PVC 075 3/4-PVC-SCHED-40-CONDU,CONDUIT - PVC
44103,LQT NM200-CUT 2-IN-FLEX-NM-LIQ,CONDUIT - FLEX
44106,AI NMLT200  2IN PVC LT STR CON,CONDUIT - PVC
44117,"3/4"" PVC conduit",CONDUIT - PVC
44134,"3/4"" PVC LB",CONDUIT - PVC
44141,KLEIN TOOLS 25FT MULTI FLEX GL,CONDUIT - FLEX
44185,HUSKY1-1/4 in. Ratcheting PVC ,CONDUIT - PVC
44187,HALEX1/2 in. Rigid Conduit Loc,CONDUIT - GRC
44486,"3"" Schedule 80 PVC Conduit",CONDUIT - PVC
44489,"3"" PVC Weatherhead",CONDUIT - PVC
44496,"3"" PVC Conduit",CONDUIT - PVC
44514,"4""  PVC Conduit",CONDUIT - PVC
44555,"3"" PVC Sweep",CONDUIT - PVC
44557,"[ENT] 3/4"", 1000'",CONDUIT - ENT
44601,"1"" sch40 PVC",CONDUIT - PVC
44666,"Cor-Line 3/4"" ENT #012009 100",CONDUIT - ENT
44692,1 ENT BLUE COND SMURF TUB,CONDUIT - ENT
44724,all thead 10ft lenth,CONDUIT - ENT
44738,"4"" EMT Conduit, 10'",CONDUIT - EMT
44741,SMBS-H-15 PVC SHALLOW SLAB BO,CONDUIT - PVC
44821,1 “ Schedule 40 pvc conduit,CONDUIT - PVC
44863,"1/2"" Carflex NM Flexible Condu",CONDUIT - FLEX
44890,"4"" PVC Schedule 40",CONDUIT - PVC
44891,"1"" PVC Schedule 40",CONDUIT - PVC
44903,"1/2"" Flex",CONDUIT - FLEX
44917,"6"" x 6"" x4"" Deep PVC Gasketed ",CONDUIT - PVC
44989,"1"" Emt",CONDUIT - EMT
44995,"1/2"" Emt",CONDUIT - EMT
45001,PVC4TA,CONDUIT - PVC
45025,"4"" Emt",CONDUIT - EMT
45046,"1-1/2"" Schedule 80 PVC",CONDUIT - PVC
45062,"3/4"" PVC pulling L",CONDUIT - PVC
45079,"3/4"" sch40PVC",CONDUIT - PVC
45092,"1 1/4"" PVC Schedule 40",CONDUIT - PVC
45093,"1 1/2"" PVC Schedule 40",CONDUIT - PVC
45105,"3/4"" Flex",CONDUIT - FLEX
45127,3/4” CARFLEX,CONDUIT - FLEX
45133,1 1/4” EMT,CONDUIT - EMT
45136,3” RIGID PIPE,CONDUIT - GRC
45148,"1"" Metal Flex",CONDUIT - FLEX
45169,"3/4"" Emt",CONDUIT - EMT
45182,1 1/4” PVC SCHED 40,CONDUIT - PVC
45185,1/2” CARFLEX,CONDUIT - FLEX
45212,"3"" Flex",CONDUIT - FLEX
45262,"2"" PVC LB Condulet",CONDUIT - PVC
45263,"3/4"" PVC LB Condulet",CONDUIT - PVC
45342,"3/4"" Sealtite Flex",CONDUIT - FLEX
45354,"2 1/2"" Greenfield Flex",CONDUIT - FLEX
45359,"1 1/2"" Greenfield Flex",CONDUIT - FLEX
45898,"1-1/2"" GRC",CONDUIT - GRC
45903,"3"" GRC",CONDUIT - GRC
45949,"3/4"" PVC SCHEDULE 40",CONDUIT - PVC
45950,"1"" PVC SCHEDULE 40",CONDUIT - PVC
45951,"1-1/4"" PVC SCHEUDLE 40",CONDUIT - PVC
45952,"1-1/2"" PVC SCHEDULE 40",CONDUIT - PVC
45954,"2-1/2"" PVC SCHEDULE 40",CONDUIT - PVC
45955,"3"" PVC SCHEDULE 40",CONDUIT - PVC
46068,"1"" GRC ",CONDUIT - GRC
46082,"1-1/4""  EMT",CONDUIT - EMT
46181,"3"" EMT Conduit, 10'",CONDUIT - EMT
46408,"2"" Emt",CONDUIT - EMT
46424,"1/4"" all thread 6' lenths",CONDUIT - ENT
46482,"2"" EMT conduit",CONDUIT - EMT
46500,"3/4"" EMT Or 3/4"" Rigid/RMC, Co",CONDUIT - EMT
46920,4” PVC x 10’  pipe,CONDUIT - PVC
46950,"3/4"" Schedule 80 pvc",CONDUIT - PVC
46991,"1-1/2"" PVC",CONDUIT - PVC
47017,"4"" PVC",CONDUIT - PVC
47040,3/4 lb pvc,CONDUIT - PVC
47041,"1"" schedule 40 pvc conduit",CONDUIT - PVC
47130,"Rigid Conduit, 2"" Diameter, 1",CONDUIT - GRC
47145,"2"" Conduit - PVC 40",CONDUIT - PVC
47146,"2"" Conduit - RMC Galvanized",CONDUIT - GRC
47149,"12"" H x 12"" W x 6"" D PVC Junct",CONDUIT - PVC
47176,"2"" Conduit - ENT Orange - Rise",CONDUIT - ENT
47347,"Aluminum Flex, 1/2"", 1000' Ree",CONDUIT - FLEX
47381,PVC 1G nail on B120A,CONDUIT - PVC
47399,"2"" PVC LB",CONDUIT - PVC
47430,"2"" PVC conduit",CONDUIT - PVC
47551,1/2 EMT conduit,CONDUIT - EMT
47574,"4"" RIGID CONDUIT",CONDUIT - GRC
47596,POW PS-1300-AS-1-1/2-EG PIPE C,UNK
47636,Conduit Price: Per: FT Brand/M,UNK
47639,"3"" PVC schedule 40",CONDUIT - PVC
47642,"2"" PVC schedule 40",CONDUIT - PVC
47739,"1"" PVC CONDUIT SCHEDULE 40",CONDUIT - PVC
48135,2” PVC LB THREADED,CONDUIT - PVC
48144,1 1/2 pvc ma's,CONDUIT - PVC
48161,"1-1/4"" PVC Conduit, 10, Schedu",CONDUIT - PVC
48167,"[PVC] 1 1/4"", Schedule 40, 20'",CONDUIT - PVC
48177,1-1/2” PvC,CONDUIT - PVC
48223,1in pvc pipe 10' stick,CONDUIT - PVC
48230,MA ADPTR 2-1/2IN X 2.48IN PVC,CONDUIT - PVC
48237,"1-1/4"" PVC MA'S",CONDUIT - PVC
48253,"4""PVC SCH 40",CONDUIT - PVC
48254,"3""PVC SCH 40",CONDUIT - PVC
48263,"1"" PVC SCH 80 CONDUIT",CONDUIT - PVC
48269,101 PVC1 SCH40 COND 10',CONDUIT - PVC
48270,"2"" PVC CONDUIT",CONDUIT - PVC
48277,"1"" PVC SCH 40 PVC",CONDUIT - PVC
48278,"1-1/4"" PVC SCH 40 PVC",CONDUIT - PVC
48288,"3/4"" PVC Sch 40",CONDUIT - PVC
48323,1/2” PVC MA,CONDUIT - PVC
48433,EMT AC/MC 14/3 TO 10/3,CONDUIT - EMT
48455,"EMT 1-1/2"" Pipe",CONDUIT - EMT
48486,"2"" PVC MA'S",CONDUIT - PVC
48489,"4"" SCH 40 PVC",CONDUIT - PVC
48547,J123AL01 35043 ELBEMT4002212,CONDUIT - EMT
48548,123AL01 35043 ELBEMT4002212,CONDUIT - EMT
48562,"1""EMT",CONDUIT - EMT
48618,"3/4"" LIQUIDTIGHT METAL FLEXIBL",CONDUIT - FLEX
48626,"3"" PVC MA'S",CONDUIT - PVC
48663,"3/4"" PVC MA'S",CONDUIT - PVC
48664,"1"" PVC MA'S",CONDUIT - PVC
48682,"1/2"" LIQUID METAL FLEXABLE CON",CONDUIT - FLEX
48683,"3/4"" LIQUID METAL FLEXABLE CON",CONDUIT - FLEX
48769,LIQUID FLEXABLE METAL CONDUIT ,CONDUIT - FLEX
48803,"4"" PVC MA's",CONDUIT - PVC
48806,"3/4"" Flexible Liquidtight Meta",CONDUIT - FLEX
48807,"3/4"" Flexible Liquid tight Met",CONDUIT - FLEX
48811,"3"" Flexible Liquid tight Metal",CONDUIT - FLEX
48877,"1/2"" FLEX GREENFIELD",CONDUIT - FLEX
48928,"1/2"" FLEXABLE NON-METALIC LIQU",CONDUIT - FLEX
48957,3'' EMT INS BSHG,CONDUIT - EMT
48961,12 in. x 12 in. x 6 in. PVC Ju,CONDUIT - PVC
49412,"1 1/4"" Sch 40 PVC",CONDUIT - PVC
49550,GALVANIZED CUT PIPE 1 IN. X 18,CONDUIT - GRC
49557,3/4” Gray SEALTIGHT,CONDUIT - FLEX
49564,3/4” Sealtight,CONDUIT - FLEX
49596,Carflex 1 1/4,CONDUIT - FLEX
49602,1/2” Steel FLEX,CONDUIT - FLEX
49667,"EMT Conduit, 4"", Galvanized S",CONDUIT - EMT
49679,Thomas & Betts TC712ART EMT Co,CONDUIT - EMT
49688,"2"" x 4"" Galvanized Conduit Nip",CONDUIT - GRC
49689,"2-1/2"" x 3"" Galvanized Conduit",CONDUIT - GRC
49690,"3"" x 3"" Galvanized Conduit Nip",CONDUIT - GRC
49714,smurf ENT tube 1”,CONDUIT - ENT
49933,"[PVC] 1 1/2"", Schedule 80, 10'",CONDUIT - PVC
50095,3'' PVC,CONDUIT - PVC
50096,2'' PVC,CONDUIT - PVC
50337,(Metallic Flexible Conduit Con,CONDUIT - FLEX
50398,"[ENT] 1 1/4"", 50'",CONDUIT - ENT
50437,1 1/4 greenfield flex,CONDUIT - FLEX
50602,"2"" emt pipe",CONDUIT - EMT
50604,belden 9729 or equivalent,CONDUIT - ENT
51013,3/4” None Metalic Carlon Flex ,CONDUIT - FLEX
51017,3/4” None Metalic Carlon Flex,CONDUIT - FLEX
51024,1-1/4”       Schl 40   pvc  Co,CONDUIT - PVC
51025,1-1/2”       Schl 40   pvc  Co,CONDUIT - PVC
51027,2-1/2”       Schl 40   pvc  Co,CONDUIT - PVC
51029,3-1/2 ”       Schl 40   pvc  C,CONDUIT - PVC
51033,1-1/4”       Schl 40   pvc  Ma,CONDUIT - PVC
51034,1-1/2”       Schl 40   pvc  Ma,CONDUIT - PVC
51035,2-1/2”       Schl 40   pvc  Ma,CONDUIT - PVC
51037,3 -1/2 ”       Schl 40   pvc  ,CONDUIT - PVC
51041,1-1/4”       Schl 40   pvc  Fe,CONDUIT - PVC
51042,1-1/2”       Schl 40   pvc  Fe,CONDUIT - PVC
51044,2-1/2”       Schl 40   pvc  Fe,CONDUIT - PVC
51046,3-1/2”       Schl 40   pvc  Fe,CONDUIT - PVC
51063,3-1/2”       Schl 40   pvc  F,CONDUIT - PVC
51065,3/4 Pvc Schl 40,CONDUIT - PVC
51066,1” Pvc Schl 40,CONDUIT - PVC
51067,1-1/2” Pvc Schl 40,CONDUIT - PVC
51068,2” Pvc Schl 40,CONDUIT - PVC
51069,2 -1/2”Pvc Schl 40,CONDUIT - PVC
51070,3-1/2”Pvc Schl 40,CONDUIT - PVC
51071,4”Pvc Schl 40,CONDUIT - PVC
51074,3” Pvc Schl 40,CONDUIT - PVC
51077,1-1/2 “ Pvc Schl 40,CONDUIT - PVC
51080,3/4” Pvc Pipe Schl 40,CONDUIT - PVC
51105,1-1/4”Pvc Schl 40,CONDUIT - PVC
51106,1-1/2”Pvc Schl 40,CONDUIT - PVC
51114,1” pvc conduit schl 40,CONDUIT - PVC
51115,3/4” pvc conduit schl 40,CONDUIT - PVC
51119,1” non metallic flexible Liqud,CONDUIT - FLEX
51125,"2"" PVC SCH 40 CONDUIT",CONDUIT - PVC
51126,"1.5"" PVC SCH 40 CONDUIT",CONDUIT - PVC
51127,"1"" PVC SCH 40 CONDUIT",CONDUIT - PVC
51133,3/4 “ pvc,CONDUIT - PVC
51134,1“ pvc,CONDUIT - PVC
51135,1-1/2”pvc,CONDUIT - PVC
51152,3” pvc schl 40,CONDUIT - PVC
51194,3” Emt Conduit,CONDUIT - EMT
51195,1-1/4” Emt Conduit,CONDUIT - EMT
51198,1” Emt Conduit,CONDUIT - EMT
51256,"2"" PVC ",CONDUIT - PVC
51257,"4"" PVC ",CONDUIT - PVC
51261,1/2” Emt Conduit ,CONDUIT - EMT
51262,3/4” Emt Conduit ,CONDUIT - EMT
51284,1” emt conduit,CONDUIT - EMT
51285,1/2” emt conduit,CONDUIT - EMT
51286,3” flex metal,CONDUIT - FLEX
51288,1-1/4”metal flex,CONDUIT - FLEX
51294,1-1/2” emt conduit,CONDUIT - EMT
51306,1/2” none metalic flex carlon ,CONDUIT - FLEX
51323,4” emt conduit,CONDUIT - EMT
51324,3” emt conduit,CONDUIT - EMT
51325,3/4” emt conduit,CONDUIT - EMT
51327,FLEXCON 2,CONDUIT - FLEX
51329,1/2”non metallic flexible Lqui,CONDUIT - FLEX
51345,1/2” none metal carflex,CONDUIT - FLEX
51351,3-1/2” emt cnduit,CONDUIT - EMT
51353,1-1/4” emt conduit,CONDUIT - EMT
51354,2” emt conduit,CONDUIT - EMT
51377,3/4”emt,CONDUIT - EMT
51444,3-1/2 X 12-GALVANIZED CONDUIT ,CONDUIT - GRC
51445,3-1/2”  none metallic flex. - ,CONDUIT - FLEX
51495,"1/2"" AL flex",CONDUIT - FLEX
51807,1-1/2 Pvc MA’s,CONDUIT - PVC
51814,2-1/2 Pvc MA,CONDUIT - PVC
51816,2-1/2 Scd 80 Pvc,CONDUIT - PVC
51818,1-1/2 Scd 80 Pvc,CONDUIT - PVC
51819,1-1/2 Scd 80 PVC,CONDUIT - PVC
51820,1-1/2 PVC MA’s,CONDUIT - PVC
51856,"1/2"" EMT FOR STAKES",CONDUIT - EMT
51858,"6"" SCHEDULE 40 PVC",CONDUIT - PVC
51867,PVC 600 6-IN-PVC-SCHED-40-COND,CONDUIT - PVC
51990,Arlington FLBC5500 Pvc Round F,CONDUIT - PVC
51991,4” Scd 40 Pvc,CONDUIT - PVC
52018,2'' PVC CONDUITS,CONDUIT - PVC
52041,3/4'' PVC Conduit,CONDUIT - PVC
52043,1'' PVC Conduit,CONDUIT - PVC
52064,1-1/4 PVC,CONDUIT - PVC
52074,"1 1/2"" PVC",CONDUIT - PVC
52098,1000' Of 4'' PVC conduit,CONDUIT - PVC
52103,2000' Of  4'' PVC Conduits 20F,CONDUIT - PVC
52104,4'' PVC Conduits 10FT STICK,CONDUIT - PVC
52125,3/4” EMT conduit,CONDUIT - EMT
52126,1/2”EMT conduit,CONDUIT - EMT
52129,1/2'' EMT CONDUIT,CONDUIT - EMT
52132,300' 2' PVC conduit,CONDUIT - PVC
52134,20' 2'' seal Tight Flex,CONDUIT - FLEX
52144,20' -1 1/4'' seal Tight Flex,CONDUIT - FLEX
52161,1 1/4in emt pipe,CONDUIT - EMT
52174,"1/2 "" EMT",CONDUIT - EMT
52229,2' EMT ,CONDUIT - EMT
52230,"1 1/2"" EMT ",CONDUIT - EMT
52239,100'-3/4'' Rigid conduit,CONDUIT - GRC
52240,100' 1'' Rigid conduit,CONDUIT - GRC
52254,2'' EMT CONDUIT,CONDUIT - EMT
52255,2 1/2'' EMT CONDUIT,CONDUIT - EMT
52261,1-1/2 EMT,CONDUIT - EMT
52337,"1/2"" Metal Flex",CONDUIT - FLEX
52432,3'' EMT  Plastic Throated Con,CONDUIT - EMT
52487,1-RIGID CONDUIT,CONDUIT - GRC
52506,14' Of 4'' seal Tight Flex,CONDUIT - FLEX
52517,16' Of Seal Tight Flex,CONDUIT - FLEX
52527,1 1/2'' EMT conduits,CONDUIT - EMT
52543,2-RIGID CONDUIT,CONDUIT - GRC
52551,1'' EMT Conduit,CONDUIT - EMT
52582,40' -1 1/4'' Green Field Flex,CONDUIT - FLEX
52583,40' 1 1/2'' Green Field Flex,CONDUIT - FLEX
52586,1-roll 1'' Green Field Flex,CONDUIT - FLEX
52587,1-roll 3/4'' Green Field Flex,CONDUIT - FLEX
52590,1 1/4'' EMT Conduits,CONDUIT - EMT
52591,1 1/2'' EMT Conduits,CONDUIT - EMT
52592,60' Of 2'' EMT Conduits,CONDUIT - EMT
52593,3'' EMT Conduits,CONDUIT - EMT
52628,1-1/4-STEEL THINWALL CONDUIT,CONDUIT - GRC
52648,800'-1 1/4'' EMT Conduit,CONDUIT - EMT
52649,500'-1 1/2'' EMT Conduit,CONDUIT - EMT
52650,80'-3'' EMT Conduit,CONDUIT - EMT
52662,3/4'' Seal Tight Flex,CONDUIT - FLEX
52663,1 1/2'' Seal Tight Flex,CONDUIT - FLEX
52672,100'-1 1/2'' Rigid Conduits,CONDUIT - GRC
52673,100'- 2'' Rigid Conduit,CONDUIT - GRC
52674,40'- 2 1/2'' Rigid Conduit,CONDUIT - GRC
52743,80' 2'' Rigid Conduit,CONDUIT - GRC
52744,80'-2 1/2'' Rigid Conduit,CONDUIT - GRC
52748,2'' Seal Tight Flex,CONDUIT - FLEX
52749,2 1/2'' Seal Tight Flex,CONDUIT - FLEX
52776,3/4'' green field St Flex Con,CONDUIT - FLEX
52791,1''EMT Conduits,CONDUIT - EMT
52794,1'' Seal Tight Flex,CONDUIT - FLEX
52795,1'' Rigid Conduit,CONDUIT - GRC
52824,12' -2 1/2'' SEAL TIGHT FLEX,CONDUIT - FLEX
52848,160'  1 1/2'' EMT conduits,CONDUIT - EMT
52853,200' 3/4'' Rigid Conduit,CONDUIT - GRC
52920,1/2'' EMT Conduits,CONDUIT - EMT
52921,1'' EMT Conduits,CONDUIT - EMT
52923,"1"" Metal Flex Greenfield",CONDUIT - FLEX
52937,20' of 4'' Seal Tight Flex,CONDUIT - FLEX
52986,"1 1/4"" metal flex conduit",CONDUIT - FLEX
53018,30' 2'' Rigid Conduits,CONDUIT - GRC
53099,3/4'' Mater bundle EMT Conduit,CONDUIT - EMT
53629,FLX ALC400RW25CL 4-IN-FLEX-ALU,CONDUIT - FLEX
53679,"10' Sticks 2-1/2"" PVC Sch 40 ",CONDUIT - PVC
53690,"10' Stick 1-1/2"" PVC Sch 40 (T",CONDUIT - PVC
53691,"10' Sticks 4"" PVC Sch 40 (Tota",CONDUIT - PVC
53692,"10' Sticks 2-1/2"" PVC Sch 40 (",CONDUIT - PVC
53695,"320' 4"" PVC Sch 40",CONDUIT - PVC
53712,"10' Sticks 1/2"" EMT (Total 200",CONDUIT - EMT
53721,2” carflex,CONDUIT - FLEX
53840,"4"" PVC sched 40",CONDUIT - PVC
53841,"3/4"" PVC sched 40",CONDUIT - PVC
53842,"1"" PVC sched 40",CONDUIT - PVC
53843,"1.25"" PVC sched 40",CONDUIT - PVC
53844,"1.5"" PVC sched 40",CONDUIT - PVC
53846,"2.5"" PVC sched 40",CONDUIT - PVC
53847,"3"" PVC sched 40",CONDUIT - PVC
53857,"3/4"" grc conduit",CONDUIT - GRC
53858,"1""x10' GRC conduit (to prefab)",CONDUIT - GRC
53865,GRC 1  008PR,CONDUIT - GRC
53877,"2"" GRC CONDUIT X 10'",CONDUIT - GRC
53885,"3"" PVC Sched 40 X 800'",CONDUIT - PVC
53888,"1"" Sched 40 PVC",CONDUIT - PVC
53889,"2"" Sched 40 PVC",CONDUIT - PVC
53901,"1.25"" CARFLEX @ 30'",CONDUIT - FLEX
53902,"3/4"" CARFLEX @ 100'",CONDUIT - FLEX
53903,"3/4"" PVC MA",CONDUIT - PVC
53914,"4"" PVC SCHED 40 @ 10'",CONDUIT - PVC
53922,"1"" PVC SCHED 40",CONDUIT - PVC
53928,1-1/4 L/T FLEX PVC,CONDUIT - FLEX
53952,1'' GRC OVER QT 006701,CONDUIT - GRC
53957,"EMT 1"" CONDUIT",CONDUIT - EMT
53984,"2.5"" EMT CONDUIT 10'",CONDUIT - EMT
54032,"1/2""  STL FLEX",CONDUIT - FLEX
54047,"1.25"" STL FLEX",CONDUIT - FLEX
54054,"4"" STL FLEX",CONDUIT - FLEX
54059,"EMT 1 "" CONDUIT",CONDUIT - EMT
54093,"3"" STL FLEX",CONDUIT - FLEX
54111,"EMT 1.25"" CONDUIT",CONDUIT - EMT
54112,"EMT 1.5"" CONDUIT",CONDUIT - EMT
54113,"EMT 2"" CONDUIT",CONDUIT - EMT
54114,"EMT 2.5"" CONDUIT",CONDUIT - EMT
54115,"EMT 3"" CONDUIT",CONDUIT - EMT
54116,"EMT 4"" CONDUIT",CONDUIT - EMT
54173,"3/4"" STL FLEX",CONDUIT - FLEX
54174,"1"" STL FLEX",CONDUIT - FLEX
54175,"2.5"" STL FLEX",CONDUIT - FLEX
54254,"2"" STL FLEX",CONDUIT - FLEX
54272,"1.5"" EMT",CONDUIT - EMT
54303,"1"" GRC  150LF",CONDUIT - GRC
54329,"1.25"" EMT",CONDUIT - EMT
54359,"2"" GRC X 10'",CONDUIT - GRC
54363,"master bundle 3/4"" EMT",CONDUIT - EMT
54365,"3/4""x10' GRC",CONDUIT - GRC
54397,"2""GRC",CONDUIT - GRC
54421,"3/4"" EMT SS STL INS THROAT CON",CONDUIT - EMT
54464,"2"" PVC Sched 40 @ 200'",CONDUIT - PVC
54467,"1"" PVC @ 200'",CONDUIT - PVC
54470,"2"" PVC X 10' Sched 40",CONDUIT - PVC
54471,"2"" carflex",CONDUIT - FLEX
54475,"3/4"" EMT @ 3000'",CONDUIT - EMT
54782,TWISTER PROFLEX MINI 343 O/B 5,CONDUIT - FLEX
54852,Allied Tube & Conduit SCH40 Ri,UNK
54889,PVC 100 1-IN-PVC-SCHED-40-CON,CONDUIT - PVC
54944,"2"" pvc 10' schedule 40 pipe",CONDUIT - PVC
54948,"1"" pvc ma",CONDUIT - PVC
54977,"2"" pvc  sch 40",CONDUIT - PVC
54980,3/4 pvc sch 40,CONDUIT - PVC
55040,"rigid 2"" pipe",CONDUIT - GRC
55061,"emt 4"" pipe",CONDUIT - EMT
55101,"1/2"" X 100' Flexible Aluminum ",CONDUIT - FLEX
55114,"1"" pvc conduit",CONDUIT - PVC
55136,100' 1/2 aluminum flex,CONDUIT - FLEX
55155,"1"" pvc lr",CONDUIT - PVC
55160,3/4 carflex 100' spools,CONDUIT - FLEX
55162,3/4 pvc ma,CONDUIT - PVC
55163,sch 40 pvc 3/4,CONDUIT - PVC
55472,"1-1/2"" PVC 20' Lengths",CONDUIT - PVC
55484,"3/4"" PVC  ( 100 sticks)",CONDUIT - PVC
55485,"1"" PVC  (50 sticks)",CONDUIT - PVC
55486,"1-1/4"" PVC 20' lengths",CONDUIT - PVC
55487,"3/4"" PVC 20' lengths",CONDUIT - PVC
55498,"1"" PVC 20' lengths",CONDUIT - PVC
55505,1/2 inch pvc conduit Sch 40,CONDUIT - PVC
55536,"1/2"" PVC PIPE",CONDUIT - PVC
55548,"3/4"" PVC M/A",CONDUIT - PVC
55549,"1"" PVC M/A",CONDUIT - PVC
55550,"1 1/4"" PVC M/A",CONDUIT - PVC
55551,"1 1/2"" PVC M/A",CONDUIT - PVC
55552,"4"" PVC M/A",CONDUIT - PVC
55553,"3/4"" PVC F/A",CONDUIT - PVC
55554,"1 1/4"" PVC F/A",CONDUIT - PVC
55555,"1 1/2"" PVC F/A",CONDUIT - PVC
55556,"3"" PVC F/A",CONDUIT - PVC
55557,"4"" PVC F/A",CONDUIT - PVC
55562,"1 1/4"" PVC CONDUIT",CONDUIT - PVC
55568,"1 1/4"" PVC PIPE",CONDUIT - PVC
55598,"1-1/4"" EMT THINWALL",CONDUIT - EMT
55680,"1/2"" sch 40 pvc",CONDUIT - PVC
55703,3'' EMT INS BSHG  047,CONDUIT - EMT
55832,GRC 150 1-1/2-GALV-STEEL,CONDUIT - GRC
55844,"3"" EMT PIPE",CONDUIT - EMT
55848,"1"" EMT LR",CONDUIT - EMT
55898,"1"" EMT LL",CONDUIT - EMT
55913,"4"" EMT MINI'S",CONDUIT - EMT
55914,"1 1/2"" EMT MINI'S",CONDUIT - EMT
56384,PVC Transport CES,CONDUIT - PVC
56530,"EMT Aluminum Conduit, 2-1/2"" D",CONDUIT - EMT
56592,1 BLUE ENT COND,CONDUIT - ENT
56668,"1 1/4"" EMT - 10ft",CONDUIT - EMT
56670,"1-1/4"" EMT Mini",CONDUIT - EMT
56678,1-1/4 NMLT CONDUIT,UNK
56796,4” sch  40 pvc,CONDUIT - PVC
56797,3” sch  40 pvc,CONDUIT - PVC
56798,3/4” sch   pvc,CONDUIT - PVC
56799,1” sch  40 pvc,CONDUIT - PVC
56812,3/4” smurf tubing,CONDUIT - ENT
56822,3” sch  40 pvc 22 1/2”,CONDUIT - PVC
56841,3/4” sch 40 pvc,CONDUIT - PVC
56853,"Blue ENT, 1"", 750' Reel",CONDUIT - ENT
56908,"[PVC] 2"", SCHEDULE 40, 10'",CONDUIT - PVC
56909,"[PVC] 3"", SCHEDULE  40, 10'",CONDUIT - PVC
56910,"[PVC] 3/4"", SCHEDULE 40, 1",CONDUIT - PVC
56911,"[PVC] 4"", SCHEDULE 40, 10'",CONDUIT - PVC
56912,"[PVC] 1 1/2"", SCHEDULE 40",CONDUIT - PVC
56957,GRC 100 1-IN-GALV-STEEL,CONDUIT - GRC
56958,GRC 200 2-IN-GALV-STEEL,CONDUIT - GRC
56981,"ENT 3/4"" 200' REEL",CONDUIT - ENT
57225,"4"" FLEX",CONDUIT - FLEX
57299,4” pvc conduit,CONDUIT - PVC
57332,1/2 ent conduit Blue,CONDUIT - ENT
57354,1-1/2-ALUMINUM FLEXIBLE CONDUI,CONDUIT - FLEX
57777,"1&1/4"" PVC Conduit",CONDUIT - PVC
57779,"4"" PVC Conduit",CONDUIT - PVC
57879,"1"" EMT pipe",CONDUIT - EMT
57917,NIP GRC125XCL 1-1/4XCLOSEX1-5/,CONDUIT - GRC
57996,"2"" Rigid Conduit Threaded",CONDUIT - GRC
58081,Allied Tube & Conduit SCH80 Ri,UNK
58082,"1"" PVC Sch 80",CONDUIT - PVC
58103,"EMT Conduit, 3-1/2"", Steel, 10",CONDUIT - EMT
58152,"3"" Conduit - Site PVC 40",CONDUIT - PVC
58158,"1"" Conduit - PVC 40",CONDUIT - PVC
58160,"4"" Conduit -Site  PVC 40",CONDUIT - PVC
58187,"1"" Sch 40 PVC PIPE",CONDUIT - PVC
58201,PVC 40080 4-IN-PVC-SCHED-80-CO,CONDUIT - PVC
58203,PVC 30080 3-IN-PVC-SCHED-80-CO,CONDUIT - PVC
58330,"2"" x 12"" Galvanized Conduit N",CONDUIT - GRC
58334,"2"" x 12"" Galvanized Conduit Ni",CONDUIT - GRC
58355,"EMT Conduit, 2-1/2"", Steel, 10",CONDUIT - EMT
58503,"1"" Car flex",CONDUIT - FLEX
58801,"1"" Conduit -PVC Sch 80",CONDUIT - PVC
58802,"2"" Conduit - PVC Sch 80",CONDUIT - PVC
58805,"3"" Conduit -Site  PVC Sch 80",CONDUIT - PVC
58806,"4"" Conduit -Site  PVC Sch 80",CONDUIT - PVC
58816,"3"" SCH 40 PVC",CONDUIT - PVC
58817,"2"" SCH 40 PVC",CONDUIT - PVC
58818,"1 1/2"" SCH 40 PVC",CONDUIT - PVC
58840,"1 1/2"" PVC LB W/ GASKET AND CO",CONDUIT - PVC
58848,"1 1/4"" sch 40 pvc",CONDUIT - PVC
58850,"1-1/4"" PVC Sch 40 20' Sections",CONDUIT - PVC
58851,"1-1/2"" PVC Sch 40 20' Sections",CONDUIT - PVC
58852,"2"" PVC Sch 40 20' Sections",CONDUIT - PVC
58853,"2-1/2"" PVC Sch 40 20' Sections",CONDUIT - PVC
58854,"3"" PVC Sch 40 20' Sections",CONDUIT - PVC
58855,"1"" PVC Sch 40 20' Sections",CONDUIT - PVC
58856,"4"" PVC Sch 40 20' Sections",CONDUIT - PVC
58880,"3/4"" ENT Black Plastic Deck St",CONDUIT - ENT
58891,"4"" PVC schedule 40 36"" Radius",CONDUIT - PVC
58892,"1"" PVC x 20' long",CONDUIT - PVC
58902,PIPE PVC075,CONDUIT - PVC
58903,PVC-F TA07,CONDUIT - PVC
58905,"1"" PVC SCH40",CONDUIT - PVC
58908,1-1/4 PVC SCH40,CONDUIT - PVC
58924,"3/4"" PVC Sch.40 Conduit",CONDUIT - PVC
58925,"1"" PVC Sch.40 Conduit",CONDUIT - PVC
58926,"1&1/4"" PVC Sch.40 Conduit",CONDUIT - PVC
59015,PVC In Deck Carlon Nail Down B,CONDUIT - PVC
59019,"2&1/2"" PVC Sch.40 Conduit",CONDUIT - PVC
59020,"3"" PVC Sch.40 Conduit",CONDUIT - PVC
59043,"1/2"" EMT For all the stakes",CONDUIT - EMT
59152,PVC 400 4-IN-PVC-SCHED-40-COND,CONDUIT - PVC
59156,"1"" PVC Sch.40 Conduit 10' Pipe",CONDUIT - PVC
59157,"1-1/4"" PVC Sch.40 Conduit 10' ",CONDUIT - PVC
59198,PVC 150 1-1/2-PVC-SCHED-40-CON,CONDUIT - PVC
59199,PVC 125 1-1/4-PVC-SCHED-40-CON,CONDUIT - PVC
59273,"1&1/2"" PVC Sch.40 Conduit",CONDUIT - PVC
59571,"3/4""  PVC SCH 40 (20' LENGTHS)",CONDUIT - PVC
59573,"1""  PVC SCH 40 (20' LENGTHS)",CONDUIT - PVC
59577,"2 1/2"" PVC Sch 40",CONDUIT - PVC
59667,PVC 07520 3/4-PVC-SCHED-40-20F,CONDUIT - PVC
59769,"3/4"" smurf",CONDUIT - ENT
59774,"3/4"" Sch 40 PVC",CONDUIT - PVC
59775,"1"" Sch 40 PVC",CONDUIT - PVC
59780,"4""  PVC SCH 40 (20' LENGTHS)",CONDUIT - PVC
59849,"2 1/2"" SCH 40 PVC",CONDUIT - PVC
59869,"3"" SCHDULE 80 PVC",CONDUIT - PVC
59872,"2"" PVC sch. 40",CONDUIT - PVC
59935,"Aluminum Flex, 1-1/4"", 50' Coi",CONDUIT - FLEX
60062,"3"" EMT 22's",CONDUIT - EMT
60124,"4"" EMT 22'S",CONDUIT - EMT
60130,2'' EMT,CONDUIT - EMT
60134,"2 1/2"" EMT 22'S",CONDUIT - EMT
60160,"4""EMT 22'S",CONDUIT - EMT
60164,"1"" PVC conduit",CONDUIT - PVC
60408,"Blue ENT, 3/4"", 1000' Reel",CONDUIT - ENT
60451,"[EMT] 4"" Conduit Rigid Galvani",CONDUIT - EMT
60473,2” pvc sch 80  10’ sticks,CONDUIT - PVC
60474,3” pvc sch 80 10’ sticks,CONDUIT - PVC
60938,"4"" PVC Schedule  40 ",CONDUIT - PVC
60986,"2"" EMT Minnies",CONDUIT - EMT
60987,"1-1/4"" EMT Minnies",CONDUIT - EMT
61012,Arlington 3838ST AC/MC/Flex Co,CONDUIT - FLEX
61083,"1"" SCHEDULE 40 PVC",CONDUIT - PVC
61107,3/4 ent 50',CONDUIT - ENT
61111,Arlington 5010AST MC/AC/Flex ,CONDUIT - FLEX
61137,Arlington SG3838AST AC/MC/Flex,CONDUIT - FLEX
61194,3/4-EMT,CONDUIT - EMT
61195,1/2-EMT,CONDUIT - EMT
61197,3/4 STL S/SCR EMT,CONDUIT - EMT
61199,1/2 STL S/SCR EMT,CONDUIT - EMT
61206,"1"" CONDUIT EMT",CONDUIT - EMT
61273,15007-100 3/4 6/T FLEX PVC,CONDUIT - FLEX
61287,SC TC112AN-RT 3/4 EMT RAINTIGH,CONDUIT - EMT
61386,001MO01 49230 EMT100 1X10',CONDUIT - EMT
61497,"3/4"" Aluminum Flexible Conduit",CONDUIT - FLEX
61499,"3/4"" X 6"" Galvanized Conduit N",CONDUIT - GRC
61527,3/4 NMLT CONDUIT,UNK
61531,1/2 STL FLEX REDC WALL UL 100,CONDUIT - FLEX
61599,"2"" PVC Conduit, 10', Schedule ",CONDUIT - PVC
61600,"1"" PVC Conduit, 10', Schedule ",CONDUIT - PVC
61601,"3/4"" PVC Conduit, 10', Schedul",CONDUIT - PVC
61723,"1"" PVC CONDUIT SCH 40 10'",CONDUIT - PVC
61784,"2"" PVC Conduit, 10', Schedule",CONDUIT - PVC
61981,"3/4"" PVC SCH 80",CONDUIT - PVC
61982,"1"" PVC SCH 80",CONDUIT - PVC
61993,"3"" IMC conduit",UNK
61994,"2"" IMC Conduit",UNK
61995,"1"" IMC Conduit",UNK
61997,"3/4"" IMC CONDUIT",UNK
61998,"1/2"" IMC CONDUIT",UNK
61999,"2 1/2"" IMC Conduit",UNK
62000,"[GRC/RMC] 1/2"", 10' Sticks",CONDUIT - GRC
62300,"[ENT] 3/4"" Blue ENT, 100' Long",CONDUIT - ENT
62310,LQT NM075100CL 3/4-FLEX-NM-LIQ,CONDUIT - FLEX
62311,LQT NM100-CUT 1-IN-FLEX-NM-LIQ,CONDUIT - FLEX
62335,"[PVC] 3/4"", Schedule 80, 10' S",CONDUIT - PVC
62399,"1/2""  ridgid pipe",UNK
62592,"1""schedule 40 pvc conduit",CONDUIT - PVC
62604,"4"" IMC PVC Coated",CONDUIT - PVC
62615,"1"" schedule 80 pvc conduit",CONDUIT - PVC
62665,"4"" PVC schedule 40",CONDUIT - PVC
62719,"1-1/2"" pvc ma",CONDUIT - PVC
62721,"1-1/2"" pvc",CONDUIT - PVC
62853,PVC4100,CONDUIT - PVC
62865,PIPE PVC400SCH80,CONDUIT - PVC
62871,PVC4150,CONDUIT - PVC
62873,PVC4400,CONDUIT - PVC
62942,PVC4075,CONDUIT - PVC
62955,EMT400,CONDUIT - EMT
62956,EMT300,CONDUIT - EMT
63021,EMT100,CONDUIT - EMT
63025,EMT125,CONDUIT - EMT
63035,EMT150,CONDUIT - EMT
63056,Carlotte Pipe 1-1/2 in. PVC Sc,CONDUIT - PVC
63085,WI ELE40030 Wi 30D Emt Conduit,CONDUIT - EMT
63086,WI ELE30030 Wi 30D Emt Conduit,CONDUIT - EMT
63089,"TOPAZ ELECTRIC 650S 4"" EMT/RIG",CONDUIT - EMT
63094,TOPAZ ELECTRIC 2110 4-IN EMT &,CONDUIT - EMT
63095,"TOPAZ ELECTRIC 2108 3"" EMT & R",CONDUIT - EMT
63152,WI 621022 WI LT FLEXMT COND 25,CONDUIT - FLEX
63174,"4"" PVC Schedule 40 20' Sticks",CONDUIT - PVC
63175,"4"" PVC Schedule 40 10' Sticks",CONDUIT - PVC
63274,"3/4"" EMT conduit",CONDUIT - EMT
63295,"2 1/2"" PVC",CONDUIT - PVC
63407,"3/4"" emt pipe",CONDUIT - EMT
63408,"1"" emt pipe",CONDUIT - EMT
63411,1/2 carlon none metalick flex ,CONDUIT - FLEX
63412,"3/4"" carlon none metalick flex",CONDUIT - FLEX
63468,"4""PVC sch 40 pipe",CONDUIT - PVC
63485,"2"" PVC Conduit 10Ft",CONDUIT - PVC
63486,"1"" PVC Conduit 10Ft",CONDUIT - PVC
63487,"3/4"" PVC Conduit 10Ft",CONDUIT - PVC
63492,Quart PVC Gule,CONDUIT - PVC
63949,"3/4"" PVC CONDUIT",CONDUIT - PVC
63968,"3"" GREENFIELD METAL FLEX",CONDUIT - FLEX
63973,"3/4"" LIQUID TIGHT METAL FLEX",CONDUIT - FLEX
64059,3/4 RIGID CONDUIT,CONDUIT - GRC
64075,2 1/2 EMT Conduit,CONDUIT - EMT
64080,1 1/4 RIGID CONDUIT,CONDUIT - GRC
64162,"1"" GREEN FIELD FLEX. METAL FLE",CONDUIT - FLEX
64202,"3/4"" liquid tight metal flex.",CONDUIT - FLEX
64356,"1 in. to 3/4"" in. Conduit Redu",UNK
64412,"FLEX 3/4"" ALUMINUM",CONDUIT - FLEX
64450,1 1/2” PVC CONDUIT SCH 40,CONDUIT - PVC
64482,"3/4"" PVC SCHED 40",CONDUIT - PVC
64484,"1 1/2"" PVC SCHED 40",CONDUIT - PVC
64485,"2"" PVC SCHED 40",CONDUIT - PVC
64486,"2 1/2"" PVC SCHED 40",CONDUIT - PVC
64512,NIP GRC100X600 1X6-GALV-NIP,CONDUIT - GRC
64513,NIP GRC200X600 2X6-GALV-NIP,CONDUIT - GRC
64535,"2"" CONDUIT SEAL OFFS",UNK
64536,"3"" CONDUIT SEAL OFFS",UNK
64537,1” PVC SCHEDULE 40,CONDUIT - PVC
64542,1” PVC,CONDUIT - PVC
64640,"2 1/2"" EMT 9O",CONDUIT - EMT
64666,"3/4""  FLEX AL",CONDUIT - FLEX
64667,"1""   FLEX AL",CONDUIT - FLEX
64668,"2 1/2""   FLEX AL",CONDUIT - FLEX
64677,"1/2"" SEALTIGHT",CONDUIT - FLEX
64678,"3/4"" SEALTIGHT",CONDUIT - FLEX
64679,"1"" SEALTIGHT",CONDUIT - FLEX
64752,"3/4"" RIGID Conduit",CONDUIT - GRC
64753,"1"" RIGID Conduit",CONDUIT - GRC
64754,"1 1/2"" RIGID Conduit",CONDUIT - GRC
64755,"2"" RIGID Conduit",CONDUIT - GRC
64756,"2 1/2"" RIGID Conduit",CONDUIT - GRC
64757,"3"" RIGID Conduit",CONDUIT - GRC
64758,"4"" RIGID Conduit",CONDUIT - GRC
64759,"2""   FLEX AL",CONDUIT - FLEX
64760,"1 1/4""  FLEX AL",CONDUIT - FLEX
64781,1-1/2-22-1/2 DEG STD RAD EMT E,CONDUIT - EMT
64790,ELB EMT3002212 3-IN-22-1/2DEG-,CONDUIT - EMT
64847,"3/4"" X 1/4"" EMT CONDUIT FLANG",CONDUIT - EMT
64901,2 1/2” EMT 22’s,CONDUIT - EMT
64945,3/4 X 12-GALVANIZED CONDUIT NI,CONDUIT - GRC
64987,2 1/2” SEALTIGHT,CONDUIT - FLEX
64994,1/2” SEALTIGHT,CONDUIT - FLEX
65012,3/4” SEALTIGHT,CONDUIT - FLEX
65364,"2"" EMT pipe",CONDUIT - EMT
65367,"2"" PVC pipe sch 40",CONDUIT - PVC
65422,"3"" Sch 80 PVC",CONDUIT - PVC
65560,PVC 07580 3/4-PVC-SCHED-80-CON,CONDUIT - PVC
65626,"3/4"" PVC PIPE SCH 40",CONDUIT - PVC
65627,"3/4"" PVC PIPE SCH 80",CONDUIT - PVC
65682,EGS EFC-100 NEER 3/4 EMT TO FL,CONDUIT - EMT
65731,"3"" EMT CONDUIT",CONDUIT - EMT
65735,"1-1/4"" EMT CONDUIT",CONDUIT - EMT
65828,"3"" EMT 22",CONDUIT - EMT
65838,"1 1/2"" metallic flex",CONDUIT - FLEX
65845,EMT plastic bang on,CONDUIT - EMT
65847,"1 1/4"" metallic sealtight",CONDUIT - FLEX
65863,"Carlon A52171E 4"" ENT side nai",CONDUIT - ENT
65864,FLEXAL 300GFA 3IN. ALUM FLEX 2,CONDUIT - FLEX
65873,PVC 050 1/2-PVC-SCHED-40-CONDU,CONDUIT - PVC
65874,LQT NM15050CL 1-1/2-FLEX-NM-LI,CONDUIT - FLEX
65875,AI NMLT150  1-1/2IN PVC LT STR,CONDUIT - PVC
65877,TB A5217DE 4INX4INX2-3/8IN ENT,CONDUIT - ENT
65924,"2"" sch.40 pvc",CONDUIT - PVC
65942,"4"" PVC Sch. 40",CONDUIT - PVC
66057,"3 1/2"" Sch. 40 PVC 10' Pieces",CONDUIT - PVC
66059,"1/2"" metal flexible conduit (g",CONDUIT - FLEX
66106,3/4-STEEL THINWALL CONDUIT RED,CONDUIT - GRC
66168,"PVC 3"" CONDUIT SCH 40 10'",CONDUIT - PVC
66178,"2"" pvc conduit sch 40 10'",CONDUIT - PVC
66194,"1-1/4"" NON-UL FLEX L/T MET CON",CONDUIT - FLEX
66195,"4"" PVC PIPE - SCH 40 - 10 FT",CONDUIT - PVC
66197,"1"" PVC PIPE - SCH 40 - 10 FT ",CONDUIT - PVC
66198,"1-1/4"" PVC PIPE - SCH 40 - 10 ",CONDUIT - PVC
66199,"1-1/2"" PVC PIPE - SCH 40 - 10 ",CONDUIT - PVC
66206,"1-1/2"" NON-UL FLEX L/T MET CON",CONDUIT - FLEX
66237,"2-1/2"" PVC SCH 40 CONDUIT",CONDUIT - PVC
66241,"PVC 1 1/2"" SCH 40 COUNDUIT",CONDUIT - PVC
66243,"PVC 3"" SCH 40 CONDUIT",CONDUIT - PVC
66246,"PVC 4"" SCH 40 CONDUIT",CONDUIT - PVC
66249,"PVC 2"" SCH 40 CONDUIT",CONDUIT - PVC
66252,"PVC 1"" SCH 40 CONDUIT",CONDUIT - PVC
66288,"1"" PVC PIPE",CONDUIT - PVC
66298,3/4 PVC CONDUIT,CONDUIT - PVC
66300,"2"" PVC PIPE",CONDUIT - PVC
66311,"SCH 80 1"" PVC",CONDUIT - PVC
66321,"2-1/2"" PVC PIPE SCH 80",CONDUIT - PVC
66322,"3"" PVC PIPE SCH 80",CONDUIT - PVC
66458,EMT PIPE 3/4,CONDUIT - EMT
66465,"Car flex Conduit. 1/2""",CONDUIT - FLEX
66467,3/4 CARFLEX CONDUIT,CONDUIT - FLEX
66528,EMT 3/4 CONDUIT,CONDUIT - EMT
66568,"3/4"" liquid type flex",CONDUIT - FLEX
