Description,Label
"MHS22 Morse 1-3/8"" Bi-metal H",Exclude
"[PVC Locknut] 1/2""",Exclude
"[Handy Box] 1 Gang, 1 1/2"" Dee",Exclude
"4"" PVC Sched 40 10' sections",Conduit
thhn #10 solid black,Wire
Black Markers,Exclude
1-1/2 Scd 80 PVC 90’s,Exclude
THHN 12 SOL ORG,Wire
"1 1/2"" PVC Schedule 40",Conduit
#14awg 2-wire Fire Alarm Cable,Wire
# 2  AWG AL BLACK THWN or XXHW,Wire
"1"" PVC Conduit, 10', Schedule ",Conduit
"Flexible Steel Conduit, 1/2"", ",Conduit
Arlington EMT400 EMT Insulatin,Exclude
#10 thhn solid green,Wire
"4"" PVC Schedule  40",Conduit
4 Port Polaris Lugs Same Side,Exclude
3/4 CARFLEX CONDUIT,Conduit
"[Custom Feeder] (4) 8 AWG, THH",Wire
#12 orange solid wire THHN,Wire
"10' sticks of 2"" Rigid conduit",Conduit
"PVC Coated Conduit, 2-1/2"", 10",Conduit
TOPAZ ELECTRIC 2110 4-IN EMT &,Conduit
#6 copper THWN white,Wire
"#10 3"" screws",Exclude
COP THHN8STRBRN-CUT THHN-8-BRN,Wire
12/2 Romex (1000' REELS),Wire
1 1/2” seal tight 90 degree co,Exclude
"1"" pvc LB",Conduit
Single Gang Plastic Device Box,Exclude
RAMSET 27 YELLOW POWDER STRIPS,Exclude
3M 165RD4A 7100169492 TEMFLEX ,Exclude
4 X CLOSE-GALVANIZED CONDUIT N,Conduit
"[THWN/2 Wire] Black, 10 AWG, C",Wire
"1"" PVC SCH 80 CONDUIT",Conduit
"3/4"" sealtight flex (metal in",Conduit
12 AWG THHN/THWN Stranded Cop,Wire
"1"" Emt",Conduit
"2-1/2"" PVC Conduit, 10', Sche",Conduit
"[Metallic Liquidtight] 1 1/4"",",Exclude
3/4-STEEL THINWALL CONDUIT RED,Conduit
Calbrite S61000MH00 Conduit Ha,Conduit
"1"" scedule 40 PVC conduit",Conduit
EMT125,Conduit
[EMT Compression Coupling] 3/4,Exclude
Flat Hanger Screw TK - With D,Exclude
Wire THHN 12 stranded green,Wire
1-roll 1'' Green Field Flex,Conduit
"[THWN/2 Wire] Black, 12 AWG, C",Wire
9903035  177HD,Exclude
4X6 PULLBOX,Exclude
#12 BLACK THHN CU,Wire
"2"" GRC ",Conduit
6 Strand Copper Wire Soft Draw,Wire
"1"" emt",Conduit
MCNP12/3SOL BKRDBE 3#12N1#12G ,Wire
Polaris Tap three 350 MCM,Exclude
"4"" PVC Sch. 40",Conduit
feet spools 12/2 MC yellow,Wire
4/0 3 hole polaris tap,Exclude
"3"" RIGID Conduit",Conduit
"3/4"" Flexible Liquidtight Meta",Conduit
"3"" pvc conduit",Conduit
"3"" pvc Sch 40",Conduit
"[GRC/RMC] 4"", 10' Sticks",Conduit
Utility Duct Tape,Exclude
"11"" zip ties clear",Exclude
12X12X4 JBOX W/CVR,Exclude
"[Electrical Tape] EWG, Brown",Exclude
3/4” Ridgid Conduit,Conduit
Single gang Mudring adjustable,Exclude
1300' 500 MCM XHHW Alu Wire Bl,Wire
#10 THHN Black Stranded,Wire
"1/2"" threaded K.O. seals  ",Exclude
"1 1/2"" EMT ",Conduit
"master bundle 3/4"" EMT",Conduit
#1 AWG XHHW Alu Green,Wire
THHN-10-GRN-SOL-CU-2500S/R,Wire
3/0 Bare Stranded Copper Wire,Wire
300 MCM XHHW-2 AL (BLUE),Wire
"2 1/2"" 30 DEGRE ELBOW",Exclude
1/4 NUTS,Exclude
"1"" PVC SCH 40 PVC",Conduit
"4"" sq blank plates",Exclude
# 8 THHN Copper,Wire
GRC 2,Conduit
12/2 MC Black hot color reel,Wire
"Bridgeport 904S 1 1/4"" One-Hol",Exclude
#8 Stranded THHN - Red,Wire
#2 Red THHN,Wire
"1"" emt to fmc transition",Conduit
3/8” One Hole Strap,Exclude
#12 Wahos,Wire
Unistrut flat 4 Hole coupling,Exclude
"3"" PVC Elbow, 90°, Schedule 4",Exclude
2'' FLEX,Conduit
"[THHN Wire] Black, 8 AWG, Cop",Wire
#12 Orange STR wire THHN,Wire
"1 1/4"" emt conduit",Conduit
"3"" rigid couplings",Exclude
#10 Solid THHN Brown (2500' Sp,Wire
PVC COND 2-1/2,Conduit
EMT 1,Conduit
4sq Ext Boxes,Exclude
Pvc Glue Despensing Can,Exclude
EGS TCI-502 3/4 IN EMT SSCR CO,Conduit
"1"" Unistrut strap",Exclude
RIDGID1 Gal. Dark Pipe Threadi,Conduit
"1""EMT",Conduit
"Self-Drilling Screw, #8 x 1/2""",Exclude
#1 THHN YELOW CUPPER,Wire
4” Seal Tight Flex,Conduit
White #10 str,Wire
#3 THHN CU (BLACK),Wire
"3/4"" PVC",Conduit
12-3 MC CABLE (BUYOUT),Wire
"2"" EMT       30°",Conduit
2 IN PVC Conduit 10 FT stick S,Conduit
Milwaukee12 in. 18 TPI Medium ,Exclude
4-11/16 flat 2g plaster ring,Exclude
4/0 Black THHN copper,Wire
18” WHITE ZIP TIES,Exclude
"3/8"" aluminum Superflex",Conduit
red crayons,Exclude
standard broom,Exclude
900' 400 MCM XHHW Alu Wire Whi,Wire
"[Machine Screw] #6-32, 3"", Phi",Exclude
"[PVC] 1/2"", Schedule 40, 10' S",Conduit
"1-1/2"" pvc",Conduit
"[ENT] 1/2"", 10'",Conduit
2/3 mc cable,Wire
LARGE BLUE WIRE NUTS,Exclude
"1"" EMT Steel Compression Conne",Exclude
1/4”  X 1 1/4” Fender Washers,Exclude
Panduit ST35-075-66YL PVC Elec,Conduit
"4"" Conduit -Site  PVC Sch 80",Conduit
"2"" SCHEDULE 40 PVC CONDUIT",Conduit
CHICO A SEALING COMPOUND1 LB W,Exclude
CADDY TSGB16,Exclude
"1 AWG THHN/THWN-2 Stranded, C",Wire
# 1 Alum Green XHHW,Wire
"2 1/2"" PVC Male Adapter",Exclude
#12 THHN STR ORANGE,Wire
#8 THHN BLUE (1000' & 500' ),Wire
MC CABLE 12-3,Wire
"3/4"" mini's EMT",Conduit
# 12 THHN black stranded,Wire
"[NM-B Wire] 10/3, Orange, 100'",Wire
#3 THHN BLACK (1 X 1325' REEL),Wire
"3"" PVC Sweep",Conduit
"1"" Insulated Ground Bushings /",Exclude
#10 THHN PURPLE WIRE,Wire
1 Inch Pvc Pipe ,Conduit
10/2 MC Cable - Alum or Steel ,Wire
40'- 2 1/2'' Rigid Conduit,Conduit
50 x 10' Sticks of 7/8 unistru,Exclude
3” Pvc Schl 40,Conduit
#12 THHN STR BLACK,Wire
"Hammer-On Beam Clamp: Steel, 1",Exclude
"[THHN Wire] White, 1/0 AWG, A",Wire
"4"" RMC",Exclude
"4"" flex straight connectors (g",Exclude
1 in. x 10 ft. PVC Schedule 40,Conduit
"3"" PVC F/A",Conduit
"3"" Arlington Bang On White Bus",Exclude
3 TO 2 REDUCING WASHER,Exclude
1-1/2”Pvc Schl 40,Conduit
#12 Thhn  Red  stranded,Wire
500 XHHW AL,Wire
2-STEEL THINWALL CONDUIT,Conduit
#2 AWG Red ALUM,Wire
MC-CABLE-12/2 - 1000FT REEL,Wire
"[PVC Terminal Adapter] 5"", Fem",Exclude
"5"" PVC Sweep",Conduit
6 AWG XHHW-2 Stranded Aluminu,Wire
1/2 emt one hole strap (100 pa,Exclude
950' 400 MCM Alu XHHW Wire (Re,Wire
Caddy BC260025EG 1/4” Beam Cla,Exclude
20' -1 1/4'' seal Tight Flex,Conduit
2 Gang Bell Box Deep,Exclude
3/8 in. Flexible Metal Conduit,Conduit
"[SER Cable] Aluminum, 4/0-4/0-",Wire
1 gang plastic box with bracke,Exclude
250MCM AL XHHW Wire  (8 Cuts @,Wire
PVC 200 2-IN-PVC-SCHED-40-COND,Conduit
"1/2"" FLEXABLE NON-METALIC LIQU",Conduit
"Blue ENT, 3/4"", 1000' Reel",Conduit
THHN10 SOL YEL 500RL THHN-10-Y,Wire
"2 1/2"" EMT   Connectors Compre",Exclude
grip rite star head 1-1/4 wood,Exclude
"3/4"" PVC Conduit",Conduit
3/8'' Flat washers 1 1/4'',Exclude
1/4” BEAM CLAMPS,Exclude
"1-1/4"" PVC ",Conduit
"1-1/2"" Plastic bussing",Exclude
XHHW-2-AL-6-STR-WHT-CUT REEL,Wire
"3/4"" red emt conduit",Conduit
#10 thhn stranded gray,Wire
"3"" flex",Conduit
"sticks of 3/4"" PVC",Conduit
"1 piece strut strap 1 1/2"" cad",Exclude
red butt splice,Exclude
"EMT Conduit, 1-1/2"", Galvanize",Conduit
18/2 plenum rated,Wire
milwaukee 48-22-3100  (36 shar,Exclude
"rigid 2"" x 12"" L nipple",Exclude
cable stacker,Wire
"[THHN Wire] Brown, 2 AWG, Cop",Wire
2” Metal Flex,Conduit
10/3 MC Cable - Alum or Steel ,Wire
30' 2/0 XHHW Alu Wire White,Wire
Dottie Self Tapping Panhead sc,Exclude
2” Steel Locknuts,Exclude
#12 Blue THHN CU,Wire
"3"" PVC SCH 40 (10' Lenghts )",Conduit
"EMT Conduit, 3/4"", Steel, 10'",Conduit
"3/4"" PVC pipe schedule 40",Conduit
Arlington 5010AST MC/AC/Flex ,Conduit
"3"" PVC LB W/ GASKET AND COVER",Exclude
#10 green thhn,Wire
ECGB10,Exclude
SH CHNL 1 5/8 X 1 5/8-9/16 X 1,Exclude
"2"" sealtight",Conduit
600 kcmil THHN Aluminum Black,Wire
"4"" Square Box, Drawn, Metalli",Exclude
"4"" PVC sched 40",Conduit
"1"" EMT (Minis)",Conduit
600 KCMIL XHHW Aluminum,Wire
"1/2"" EMT One Hole Straps",Exclude
TPZ ELB2CG 3/4 AL EMT LB COND ,Conduit
CUT CHARGES,Exclude
"3/8"" drop in anchor w/set tool",Exclude
Ideal 30-3407 12 AWG Grounding,Wire
"1"" Sch 40 PVC",Conduit
1-1/2”       Schl 40   pvc  Ma,Conduit
3/4 X 10FT CU CLAD UL GROUND R,Exclude
"1"" aluminum flex",Conduit
2-Hole 90-Degree Angle Strut B,Exclude
"#12 THHN Red,",Wire
"1"" PVC Sch 40 20' Sections",Conduit
#4 Aluminum XHHW,Wire
"2"" PVC SCH 40 CONDUIT",Conduit
"[XHHW Wire] Black, 250 MCM, Al",Wire
"1"" mini straps",Exclude
"2"" sch 40 pvc 10'",Conduit
"1/2"" AL flex",Conduit
"2"" PVC Elbow, 45°, Schedule 40",Exclude
SQZ FLEX 3/4,Conduit
1-roll 3/4'' Green Field Flex,Conduit
# 4 awg xhhw GREEN COPPER ,Wire
Appleton BLSG150 Sealing Lockn,Exclude
nVent Caddy SGB16A Screw Gun ,Exclude
"4"" PVC ",Conduit
"Band Saw Blade, Bi-Metal, 24 T",Exclude
#14 White Stranded Wire THHN,Wire
#6 THHN green stranded,Wire
"1 1/2"" IMC",Exclude
"10 AWG THHN SOLID COPPER, GREE",Wire
2/0 AWG XHHW ALUMINUM GREEN,Wire
300' 700 MCM Alu XHHW Wire (Wh,Wire
ORANGE ELECTRICAL TAPE,Exclude
16/2 lamp cord  (LV LIGHTING),Exclude
"3/4"" ENT",Conduit
Caldweld Shots,Exclude
"3"" EMT",Conduit
"SER Service Entrance Cable, 1",Wire
SER 3x #4/0 + GND - AL (500' R,Wire
#1 BLACK THHN COPPER,Wire
NM-B - 8/2 Stranded Copper,Wire
1”1/2 EMT CONDUIT,Conduit
STANDAR CABLE TIE,Exclude
"4"" PVC Conduit Cap",Exclude
#6 stranded copper wire 1000' ,Wire
"1"" PVC Coated GRC",Conduit
2-1/2 TERMINAL ADAPTER,Exclude
"1"" Grounding bushing",Exclude
#2 AWG Red alum,Wire
"1 1/2"" emt steel compresion co",Exclude
"1 1/2"" PVC M/A",Conduit
"4"" PVC Schedule 40 20' Sticks",Conduit
Polypropylene 6500 Ft/ Bucket ,Exclude
"[GRC/RMC] 3/4"", 10' Sticks",Conduit
"4"" Sch. 40 PVC",Conduit
"Rigid Conduit, 2"", Galvanized ",Conduit
1-1/4-ALUMINUM FLEXIBLE CONDUI,Conduit
"2"" WHITE PLASTIC BUSHING",Exclude
"4"" metal flex",Conduit
#10 SOL GRN,Wire
"2"" x 12"" Galvanized Conduit N",Conduit
"REEL, 3/4"" CARFLEX LIQUIDTIGH",Conduit
THHN-8-STR-GRN-CU,Wire
600 Wire XHHW-2 / RW90 - Alum,Wire
938 3 Bushing,Exclude
"Strut Strap, Diameter: 2"", Ste",Exclude
can of great stuff foam,Exclude
#6 STR THHN White (1000' Spool,Wire
"3"" rigid conduit",Conduit
4/0 THHN BLUE WIRE,Wire
#12 THHN black,Wire
3/4” red emt,Conduit
Arlington SG3838AST AC/MC/Flex,Conduit
Greenlee 38506 Hole Saw Arbor,Exclude
1/2 EMT conduit,Conduit
1/4” all thread,Exclude
#12 white thhn solid,Wire
"3/4"" RED EMT",Conduit
Snap Close Metal Stub Conduit ,Exclude
"Junction Box, NEMA 4, Continuo",Exclude
"METAL ONLY SAWZAW BLADES 12"" L",Exclude
"3"" PVC SCH 40 by 10' Long",Conduit
FLEX 4,Conduit
4” Octagone Box Shallow,Exclude
"1"" EMT CONDUIT",Conduit
4/0 CU,Wire
"12"" x 12"" Unpainted wireway co",Exclude
THHN-4/0-STR-BRN-CU,Wire
"Aluminum Flex, 1/2"", 50' Reel",Conduit
3/0 awg Copper ,Wire
"[EMT Strut Strap] 2""",Exclude
3/4 x 1/2 TREADED Bushing,Exclude
"3/4"" floor flange",Exclude
LQT NM0501000RL 1/2-IN-FLEX-NM,Conduit
#14 Yellow Stranded Wire THHN,Wire
THHN/THWN-2 600V ALUM COND,Wire
"4"" Square Blank Plates",Exclude
1/2 IN COMP COUPLING-US MADE,Exclude
"PVC Coated Rigid Conduit, 1-1/",Conduit
"[MC] 12/2 w/ GND, Black/Green,",Wire
AL SER CABLE 3/C 4/0 WITH GRO,Wire
350 XHHW Aluminum White,Wire
"3"" GREENFIELD METAL FLEX",Conduit
2'' ENTR CAP,Exclude
"1 1/2"" EMT compression connect",Exclude
1 in. PVC Coupling,Exclude
104 EMT COMP CONNECTION,Exclude
THHN-10-BRN-SOL-CU-2500S/R,Wire
"[NM-B Wire] 12/3, Yellow, 500'",Wire
"4 sq, 1 1/2""D, 1/2"" & 3/4"" KO",Exclude
#4 CU THHN,Wire
IDE 30-3392 12AWG 8INCH BOX OF,Exclude
"12 AWG THHN BLK Solid Copper, ",Wire
"Flexible Conduit] Alum 3/4"", ",Conduit
1 5/8 strut,Exclude
#12 Solid THHN - Blue,Wire
1/2 steel greenfield flex,Conduit
"Cable Tie, Nylon, Miniature, N",Exclude
500 MCM XHHW Aluminum,Wire
"1/2"" PVC Conduit, 10', Schedul",Conduit
"Rolls of Mule Tape 1/2"" x 500",Exclude
Carlon E910F PVC Conduit Repai,Conduit
3” RIGID COUP,Exclude
# 6 CU GREEN THWN,Wire
"3"" PVC MA'S",Conduit
#6 Copper THHN,Wire
#10 Black Wire THHN STRANDED,Wire
"3/4"" PVC Conduit, 10', Schedul",Conduit
1/0 aluminum XHHW green,Wire
2/1/2 emt,Conduit
"[THHN Wire] Red, 4 AWG, Copper",Wire
20 A DECORA WHITE RECEPTACLE,Exclude
#10 BLACK THHN  - 2500' SPOOLS,Wire
"8# Thhn Thwn Yellow Wire 350, ",Wire
"3/4"" ENT snap in connectors",Exclude
1 1/2 SCH. 40 PVC,Conduit
PIPE EMT,Conduit
"1 1/4"" sch 40 PVC",Conduit
"4""SQ PLASTER RING SQ TO ROUND",Exclude
NSI Tork IT-350 Insulated Cabl,Exclude
1 1/2 panel ko seal,Exclude
"Type THHN Building Wire, Reel ",Wire
"2"" EMT",Conduit
"2"" Conduit - PVC 40",Conduit
1-Gang Round Floorbox Cover H,Exclude
"Electrical Tape, 0.75"" Width x",Exclude
"[PVC] 2"", SCHEDULE 40, 10'",Conduit
4” 90 Degree Elbows pvc,Exclude
Drywall Zip Its/Anchors,Exclude
"4"" Rigid coupling",Exclude
"rigid 2"" pipe",Conduit
"12"" X 12"" X 36"" Nema3R gutter",Exclude
"1-1/2"" sch.40 PVC",Conduit
#12 THHN SOL Cu GREY,Wire
"1 1/2"" PVC F/A",Conduit
1-1/4 Scd Pvc,Conduit
1-1/4 NMLT CONDUIT,Conduit
#6 Black THHN copper wire,Wire
COUPLER 8.5MM STR CONN CLEAR ,Exclude
"[PVC] 4"", Schedule 40, 20' Sti",Conduit
"4""PVC sch 40 pipe",Conduit
15/32 in. x 4 ft. x 8 ft. Sout,Exclude
250 XHHW Alum,Wire
"3/4"" to 1/2"" reducing washers",Exclude
1 IN GRND BSHNG INS,Exclude
4” unistrut straps,Exclude
12/2 MC With isolated ground,Wire
4 x 8 x 3/4 Plywood,Exclude
"100ft Red 2"" EMT",Conduit
"2"" PVC  ",Conduit
"[PVC] 1/2"", Schedule 40, 10' ",Conduit
#10 thhn black solid,Wire
"1-1/4"" PVC Sch.40 Conduit 10' ",Conduit
WHITE #10 THHN SOLID COPPER WI,Wire
"3/4"" SEALTIGHT CONN INSULATED",Exclude
XHHW ALUMINUM -2 STRANDED 250 ,Wire
#10 Thhn red stranded,Wire
"2"" schedule 40 PVC 90'D elbows",Exclude
1-1/2 PVC MA’s,Conduit
#4 thhn Black,Wire
"2"" EMT Minnies",Conduit
3/0 XHHW AL,Wire
Flat Hanger Screw TK - With Dr,Exclude
3 1/2 IN. PVC SCH 40,Conduit
1.5V AAA Battery (18PK),Exclude
"3/4"" smurf",Conduit
4 IN SCH 40 PVC,Conduit
J lug for # 6 AWG,Exclude
600V CU,Exclude
"10' stick of 3/4"" PVC plumbing",Conduit
two gang bell box blank covers,Exclude
"3/4"" EMT CONDUIT`",Conduit
"1"" PVC TA's",Conduit
#12 orange THHN 2500' SOLID,Wire
"3/8"" x 1"" Fender washers ",Exclude
"3"" Plastic bang on bushing",Exclude
40' 1 1/2'' Green Field Flex,Conduit
2 1/2 IN Conduit Liquid Tight,Conduit
"1"" Conduit -PVC Sch 80",Conduit
Klein Tool 50350 13” Flexible ,Conduit
"3"" EMT ",Conduit
"4"" PVC SCH 40",Conduit
#6 STR THHN Red (1000' Spools),Wire
Thomas & Betts 3112 AC/Flex Co,Conduit
"[THHN Wire] White, 3/0 AWG, Al",Wire
130c Tape ,Exclude
2-GALLONS PVC GLUE,Exclude
"3"" PVC Conduit Cap",Exclude
"EMT Insulating Bushing, 1"", N",Exclude
1 1/2” pvc elbow 90,Exclude
Green 1/0AWG Copper Wire THHN,Wire
"[ENT] 1"", 500'",Conduit
"3/4"" ENT CONDUICT BLUE",Conduit
"1"" EMT COMPRESSION STEEL COUP",Exclude
12/3 low voltage MC cable,Wire
"Gray ENT, 1-1/4"", 500' Coil",Exclude
"[THHN Wire] Red, 3 AWG, Copper",Wire
"4"" PVC Conduit, 20', Schedule",Conduit
4/0AWG GRAY COPPER WIRE,Wire
#12 Solid THHN Copper White/Bl,Wire
"1/2"" CARFLEX",Conduit
#12 Solid THHN Yellow (2500' S,Wire
# 4  AWG CU BROWN THWN or XXH,Wire
"Pvc Coated 4"" Rigid Elbow, 90°",Exclude
12 awg thhn red,Wire
"1"" sealoffs",Exclude
"2"" EMT 30 Degree bends",Exclude
"3/4"" Carflex® Black Liquidtigh",Conduit
1 1/4'' One Hole straps,Exclude
1/2 seal-tight flex,Conduit
"1"" smurf gray 750' reels",Conduit
"[ENT] 1"", 1000'",Conduit
"PVC 3"" ELBOW 45 SCH 40",Exclude
"2-1/2"" Rigid Metal Conduit",Conduit
123AL01 35043 ELBEMT4002212,Conduit
3/4 carflex,Conduit
1/4 x 1-1/4 tapcons,Exclude
"1"" RIGID 90",Exclude
"Blue ENT, 3/4"", 1000 Ft Roll ",Conduit
"1000' 1"" smurf tube",Conduit
"2"" EMT       15°",Conduit
12/2 MC CABLE BLACK WHITE GREE,Wire
"TOPAZ ELECTRIC 650S 4"" EMT/RIG",Conduit
"12 AWG THHN SOLID COPPER, ORAN",Wire
#10 Brown,Wire
3/4” SEALTIGHT,Conduit
# 10  AWG CU THWN Blue Provid,Wire
#8 THHN STR 10000’ red on 5000,Wire
#12 WHITE SOLID WIRE,Wire
"[THHN Wire] White, 1/0 AWG, Co",Wire
"3/4"" emt compression couplings",Exclude
Noalox 30 X 0.30 Antioxidant 8,Exclude
#6 thhn green,Wire
1 1/2 PVC Pulling C,Conduit
90's Seal Tight Flex Connecto,Exclude
TYNDALL FLIGHTLINE 8/24/23,Wire
900' 400 MCM XHHW Alu Wire Bla,Wire
3 AWG THHN RED WIRE,Wire
CAT5E PVC BLUE POP,Wire
#12 thhn white solid,Wire
1 1/2in pvc pipe 20' lengths,Conduit
6-2 ROMEX,Wire
1/2 EMT CMPCON OQY 21015-088PR,Conduit
Caweld 250 Shot Welds,Exclude
10/2 NM-B ROMEX (1000' SPOOLS),Wire
#10 Green Wire Stranded,Wire
10 x 3/4 Self Tapping Hexagona,Exclude
"500' 4"" EMT",Conduit
"1 1/2"" metallic flex",Conduit
#12 THHN Solid White,Wire
15007-100 3/4 6/T FLEX PVC,Conduit
NM-B - 8/3 Stranded Copper,Wire
121236 G NK,Exclude
"2"" STICK EMT",Conduit
Schedule 80 1” PVC,Conduit
THHN 12 SOL BLU,Wire
"4"" emt",Conduit
116 F44G12 WW TYPE1STRTSECTION,Exclude
# 4 GREEN Aluminum XHHW ,Wire
"48""X48""X12""NEMA 1 JUNCTION BOX",Exclude
8-2 ROMEX,Wire
"3/4"" gray ENT",Conduit
12 thhn black standed,Wire
3/4 CARFLEX,Conduit
4-inch pvc,Conduit
6/3 SO CORD,Exclude
3/4 X CLOSE-GALVANIZED CONDUIT,Conduit
# 10 Red copper solid ( 500 ft,Wire
"[PVC] 3"", Schedule 40, 10' St",Conduit
"3/4"" GRAY ENT 1000' SPOOL",Conduit
750 SINLE HOLE CRIMP ON LUGS,Exclude
"4"" 2-PIECE STRUT CLAMP - UNIVE",Exclude
"3/4"" Minni's for EMT ",Conduit
"3/8"" FLEXSTEEL CONDUIT",Conduit
Layout String - Roll,Exclude
1-STEEL THINWALL CONDUIT,Conduit
"3"" metal flex",Conduit
MANOR WEST RIVER 22027-147AL02,Exclude
THHN 600 MCM GREY CU STRANDED,Wire
#6 THHN Green,Wire
3” two piece strut straps,Exclude
Belden #9729 cable,Wire
8-2 MC Cable,Wire
CARLON B520A - Dia. Round Fixt,Exclude
3/4” x4’ RIGID NIPPLE,Exclude
celling grid wire pieces,Wire
"2"" SEAL TIGHT FLEX PVC COATED ",Conduit
"#6 Welding Cable, 105C, Class ",Wire
"1-Hole EMT Strap 1""",Exclude
8/3 Romex Wire 1000' spools,Wire
2 IN EMT COMP CONN W/ INSULATE,Exclude
STEP BIT #12,Exclude
# 8awg GREEN Copper wire,Wire
DOUBLE SNAP IN MC CONNECTOR W,Exclude
"1/2"" metal flexible conduit (g",Conduit
black stranded #10,Wire
3/4” PVC MA,Conduit
"1"" Steel Locknut",Exclude
1/2 STL S/SCR EMT,Conduit
# 6 awg Green  Aluminum XHHW,Wire
"12/2 mc cable solid, AL",Wire
"1"" PVC MA",Conduit
"sticks of  1-1/2"" Deep Strut",Exclude
"#10 THHN BLACK,",Wire
1 1/2 EMT MINERALACS,Conduit
3/4” pvc female adator,Exclude
"1/2"" SEALTIGHT",Conduit
Green #6  wire THHN,Wire
"1-1/2"" pvc ma",Conduit
EMT 3/4,Conduit
"[PVC] 3/4"", Schedule 40, 10' S",Conduit
"1-1/4"" PVC LB",Conduit
300 XHHW-2 Stranded Aluminum B,Wire
1000' 500kcmil black wire reel,Wire
"[THHN Wire] Green, 2/0 AWG, Al",Wire
"Flexible Steel Conduit, 3"", 25",Conduit
"2 1/2"" EMT CONDUIT",Conduit
POLY MULETAPE,Exclude
1/4 MASON BIT,Exclude
1-1/2 EMT COUNDUITS,Conduit
1/2 in. x 8 ft. Copper Ground ,Exclude
4/0-3C SER AL 1000' REELS,Wire
"6 750' spools 1"" gray ENT",Conduit
EMT 100 ARLINGTON,Conduit
"18/2 CL3P Shielded/Plenum, Wh",Wire
"1"" EMT Connector",Exclude
10-3 Romex,Wire
"2-1/2"" GRC",Conduit
"2 1/2"" sch 40 PVC",Conduit
"1 1/4"" PVC Conduit Sch 40",Conduit
HARD TILE & STONE DRILL BIT,Exclude
3-30D-EMT-ELL,Conduit
"3/4"" PVC sch. 40",Conduit
2 Inch Seal Tight Flex With Me,Conduit
"12/3 MC Cable, Stranded",Wire
"[THWN/2 Wire] Green, 14 AWG, C",Wire
"4"" GRC ",Conduit
Fiberglass single gang nail on,Exclude
# 2 awg THHN Copper Yellow,Wire
"4-11/16"" extension rings",Exclude
"1 1/4"" metal flex conduit",Conduit
"1/4"" x 3"" x 12"" copper bar w/4",Exclude
3/0 CU THHN Black,Wire
#1 Al Cable,Wire
Xhhw #6 Black AL ,Wire
"Flat Rigid Box Support, 3-Box,",Exclude
"1"" PLASTIC BUSHING ",Exclude
3” sch  40 pvc 22 1/2”,Conduit
900' 400 MCM XHHW Alu Wire Blu,Wire
EMT 075 3/4X10FT-EMT,Conduit
1/4-20 NUTS,Exclude
CLEAR COAT CONSTRUCTION MARKIN,Exclude
"2"" PVC weatherhead",Conduit
4” emt ,Conduit
"""1""""CONDUIT-EMT""",Conduit
3/8 x 3/4” hex head bolts,Exclude
7/8 Nail in Drive Rings / Arl,Exclude
"4"" PVC Coupling Schedule 40",Exclude
"1 1/2"" PVC SCHEDULE 40 CONDUIT",Conduit
1-1/4 PVC COUPLINGS,Exclude
#16 thhn red stranded,Wire
12' long ceiling grid wire,Wire
1/0 AWG ORGANE AL THWN or XXHW,Wire
"[EMT] 1 1/2"" Conduit",Conduit
10/3 MC CABLE,Wire
1/4X2 TOGGLE BOLT,Exclude
1 in. Non-Metallic (NM) Twin-S,Exclude
#1 Al Wire,Wire
4SQ 1G 1-1/2D TILE RING,Exclude
Spray Foam straw aplicator 081,Exclude
1/2” none metal carflex,Conduit
3/4 pvc TA,Conduit
600 MCM Alu Wire White (MSBH),Wire
"Flexible Metal Conduit, 3/4""",Conduit
4SQ DEEP BOX WITH MKO,Exclude
"4""  EMT        90°",Exclude
12/2 Romex Wire,Wire
#12 BLACK STRANDED THHN COPPER,Wire
"EMT Conduit, 3"", Galvanized St",Conduit
2 IN GRND BSHNG INS,Exclude
"1-1/2"" bond bushing",Exclude
EMT 3/4 CONDUIT,Conduit
3” Sealtight,Conduit
10/3 Romex (1000' REELS),Wire
#10 THHN SOLID RED (500' SPOOL,Wire
14-3 ROMEX,Wire
#10 THHN CU RED,Wire
APPLETON TWCC75 EMT COMBINATI,Conduit
4/0 thhn brown cu,Wire
"3-1/2"" PVC Conduit, 10', Sched",Conduit
890-MC 3/8 one hole 14/2 & 12/,Wire
0.75”X4’X8’  fire rated plywoo,Exclude
1 1/2 EMT strut strap,Exclude
"1""  EMT ONE HOLE STRAPS",Exclude
"AMERICAN Made 3/4"" Compression",Exclude
"[XHHW Wire] Blue, 400 MCM AWG,",Wire
"1 1/2"" Flex",Conduit
case bottled water,Exclude
500 MCM XHHW-2 AL (WHITE),Wire
1/2” Greenfield to emt transit,Conduit
"1&1/2"" PVC Sch.40 Conduit",Conduit
#8 ANCHOR KIT WALL DRILLER ZNC,Exclude
"1"" Sch 40 Std 90 Deg Elbow",Exclude
3” sch  40 pvc,Conduit
"12 AWG THHN SOLID COPPER, BROW",Wire
SER 3x #4/0 + GND - AL (1000',Wire
250 MCM XHHW-2 AL (BLUE),Wire
3/0 copper thhn,Wire
3/4  IN Unit Strut Strap,Exclude
#12 ground tails,Wire
"3"" Emt",Conduit
# 10  AWG CU THWN Orange Prov,Wire
"PVC Conduit, Schedule 80, 1"" D",Conduit
#12 THHN SOL Cu GREEN,Wire
THHN/THWN-2 19 STR 600V 90DEG ,Wire
"4"" PVC Schedule 40  (10' secti",Conduit
3 in. PVC MA,Conduit
#3 thhn cu Yellow,Wire
12 awg thhn stranded copper wh,Wire
"3/4"" PVC sched 40",Conduit
caddy TSGB16  spreader bars,Exclude
"4x4 square box comb. 3/4"" & 1/",Exclude
COP RMX82WG-CUT NM-B-8/2-CU-WG,Wire
"1/2"" Carflex Straight Connecto",Exclude
"1"" x 1-1/2"" Galvanized Conduit",Conduit
"Red, 2 AWG,  Stranded, 30'",Wire
[Metallic Flexible Conduit] A,Conduit
#1 AWG THHN BLACK ALUMINUM WIR,Wire
A6001640GRU-S1,Exclude
"3/4"" liquid type flex",Conduit
12/2 M/C Cable,Wire
1/2'' Flat Washers,Exclude
wire cuts if that applies for ,Wire
COP THHN8STRYEL-CUT THHN-8-YEL,Wire
BLACK #12 THHN - STRANDED,Wire
"[Hex Nut] Stainless Steel, 1/4",Exclude
PVC-3/4 GENERIC VENDOR-PVCPA 3,Conduit
4/0 awg Aluminum XHHW ,Wire
4 square one gang flat mud ri,Exclude
2/0 SER Single Phase,Exclude
Hubbell-Bryant GF15WLA GFCI Re,Exclude
CADDY 512,Exclude
#12 GREEN STRANDED THHN,Wire
14/3 ROMEX,Wire
razor blades (100-PC),Exclude
EGS C550,Exclude
4/0 MC cable Black Red White G,Wire
FEET #12 THHN ORANGE,Wire
# 6 thhn blue cu stranded (bla,Wire
"[THHN Wire] Blue, 3/0 AWG, Alu",Wire
"8""x8""x10' gutter galvanized (w",Exclude
Bell Boxes 1” KOs,Exclude
"2"" pvc sched 40",Conduit
2 sticks Brown Phase Tape,Exclude
"[PVC] 5"", Schedule 40, 10' Sti",Conduit
#2/0 THHN CU (BLACK),Wire
WI ELE30030 Wi 30D Emt Conduit,Conduit
"MC Luminary Cable, Steel, Cop",Wire
EMT PIPE 3/4,Conduit
"3"" emt conduit",Conduit
3” flex metal,Conduit
12/2 NM UF,Wire
1/4 hex nuts,Exclude
"4"" Round Ceiling Fan Box 1-1/2",Exclude
1'' PVC COND,Conduit
3” E997L  Bell Ends,Exclude
10 thhn cu green 2500' reel,Wire
5 gallon bucket Fire Caulk,Exclude
350MCM XHHW AL,Wire
"1 1/2"" pvc sch 40",Conduit
"2-1/2"" PVC Coated Rigid Condui",Conduit
"RB250-200 Reducing Bushing, Th",Exclude
500 Aluminum Orange,Exclude
cad weld mold 3/0 to 3/0,Exclude
#12 THHN Green Stranded 2500' ,Wire
1/2 in. x 10 ft. PVC Schedule ,Conduit
Ideal 46-90 wire marker book,Exclude
"3/8"" Threaded rod",Exclude
"master bundle of 1"" emt condui",Conduit
SER0300 NOQ,Exclude
2/0 cu thhn,Wire
"EMT 1"" CONDUIT",Conduit
500 Wire XHHW-2 / RW90 - Alum,Wire
"2-HOLE ""L BRTACKETS",Exclude
"1.5"" schedule 40 pvc",Conduit
#12 Blue THWN (Solid) 2500' sp,Wire
"3/4"" right angles",Exclude
14 stranded wire THHN yellow,Wire
1-1/4 PVC,Conduit
1-1/4 in. Ratcheting PVC Cutte,Conduit
4” pvc male adaptors,Exclude
#8 RED THHN STRANDED,Wire
3/4” Emt Conduit ,Conduit
"1"" flex connectors straights",Exclude
"3/4"" CARFLEX @ 100'",Conduit
American Fittings Corp NML 50 ,Exclude
#12 yellow solid wire THHN,Wire
"1"" EMT",Conduit
"14"" TIE WRAPS",Exclude
#16 thhn black stranded,Wire
STI-1212,Exclude
"2"" Prefab EMT PIPE",Conduit
#4 al green xhhw,Wire
1000' Of 4'' PVC conduit,Conduit
2-1/2 LB,Exclude
2in universal clamp,Exclude
1/2 flex,Conduit
THHN/THWN-2 19STR 600V 90DEG C,Wire
12 in. x 12 in. x 6 in. PVC Ju,Conduit
"1"" PVC Conduit, 20', Schedule",Conduit
#12 Awg Solid Red THHN copper,Wire
"1"" PVC Schedule 40 ",Conduit
Roll of Electrical Blue Tape,Exclude
12-2 MC Cable Orange/Gray/GN S,Wire
"3/4"" CONDUIT",Conduit
#10 thhn blue (2500' spool),Wire
2500ft roll #10 THHN Blue,Wire
PVC COND 3,Conduit
12 BLU THHN/THWN-2 Stranded Co,Wire
#14 Blue Stranded Wire THHN,Wire
3C 4/0 Aluninum with #1 Grd Di,Wire
#8 STR THHN Green (1000' Spool,Wire
"7/8"" unistrut",Exclude
"3/4"" Flexible Steel Conduit",Conduit
BB 17-120TB 1/2 INCH-CABLE STA,Wire
1000 feet 1/2'' EMT Conduits,Exclude
"EMT 3/4"" PULLING L",Conduit
3/4 Green Field Flex,Conduit
18x18x6 pvc box,Exclude
250 MCM Xhhw Aluminum,Wire
1/2 inch pvc conduit Sch 40,Conduit
"10' Sticks 1/2"" EMT (Total 200",Conduit
3 IN SCH. 40 PVC,Conduit
PVC COUP 4,Exclude
#12 thhn black solid,Wire
Liquidtight Flexible Steel Con,Conduit
1 pound dark gray duct seal pa,Exclude
"1"" PVC SCH 40 CONDUIT",Conduit
#6 thhn green cu,Wire
#8 WHITE THHN COPPER,Wire
700MCM XHHW AL,Wire
"3/4"" FMC",Exclude
#6 stranded thhn,Wire
"1-1/4"" PVC (20' sticks)",Conduit
100'-1 1/2'' Rigid Conduits,Conduit
"4"" STL FLEX",Conduit
SBCLAMP STRUT- BEAM CLMP 13/16,Exclude
2-1/2 PVC COND MALE ADAPTER,Exclude
"12/6 MC Cable (black, red, blu",Wire
"3/4"" Galvanized Coupling",Exclude
#10 THWN black,Wire
ideal wire numbers,Wire
SCH 40 3/4 PVC,Conduit
#12 STR THHN Red (500' Spools),Wire
"1 piece 1/2"" ko seal",Exclude
PVC Primer Quart,Conduit
"[EMT to Flex Coupling] 3/4"", ",Exclude
1/0 Al Wire,Wire
"1-1/2"" X 3"" nail plates",Exclude
PVC 30080 3-IN-PVC-SCHED-80-CO,Conduit
"1-1/2"" Rigid Steel 90° Elbow",Exclude
"1-1/4"" PVC Sch 40 20' Sections",Conduit
1 1/2” Pvc,Conduit
black thhn solid,Wire
990' 3/0 Alu XHHW Wire (Green),Wire
"#10 by 3/4"" screws phillips he",Exclude
"3""X8"" L Close Nipples",Exclude
FEET #12 GREEN,Wire
#2 AWG Black ALUM,Wire
"2.5"" STL FLEX",Conduit
12/2 NM-B ROMEX (1000' SPOOLS),Wire
"2"" emt",Conduit
XHHW ALUMINUM -2 STRANDED 600 ,Wire
"1.5"" PVC Coated GRC",Conduit
THHN-3/0-GRN-19STR-CU,Wire
FLEXAL 300GFA 3IN. ALUM FLEX 2,Conduit
# 12 AWG STRANDED green,Wire
"3/8"" Nuts  ",Exclude
THHN10 SOL GRY 500RL THHN-10-G,Wire
4 -each Caulking Guns For tub,Exclude
"cable tie base 1""",Exclude
"Terminal Adapter, 1-1/2"" Diame",Exclude
Feet #10 THHN Solid CU Green,Wire
3/8 mc connector double,Exclude
3/4” CARFLEX,Conduit
"[Rigid Strut Strap] 4""",Exclude
"3/4"" PVC SCH 40",Conduit
1-1/2-STEEL THINWALL CONDUIT,Conduit
PVC 100 1-IN-PVC-SCHED-40-CON,Conduit
Ideal 31-388 ClearGlide Wire P,Wire
#4/0 AWG BROWN THHN CU WIRE,Wire
"[THHN Wire] Blue, 1/0 AWG, Co",Wire
#10 THHN YELLOW WIRE (2500' RE,Wire
#12 Solid copper THHN green,Wire
COP THHN4/0STRWHT-CUT THHN-4/0,Wire
#6 THHN green,Wire
"3/4"" EMT CONDUITS SILVER",Conduit
3/4 flex (greenfield),Conduit
GREEN #12 SOLID THHN,Wire
pvc universal snap in bushing,Exclude
#8 Blue THHN CU,Wire
90° Liquidtight Connector 1-1/,Exclude
2 1/2 AND 3 WDGNUT,Exclude
nVent Caddy FXC20 MC/AC and Sh,Exclude
# 2  AWG AL YELLOW THWN or XXH,Wire
XHHW-600-BLK-STR-CU,Wire
3/4 pvc 2 hole straps,Exclude
"3/4"" RIGID CONDUIT",Conduit
90D PUSH CONN 3/4,Exclude
wp 2 gang bell box 3 1/2 holes,Exclude
THHN #4/0 Black CU,Wire
1/0 Copper thhn,Wire
#8 Thhn Black copper,Wire
"3"" PVC Coated GRC",Conduit
2'' PVC COND,Conduit
Thomas & Betts Round PVC Floor,Conduit
1” ENT  conduit,Conduit
225' 400 MCM XHHW Alu Wire Red,Wire
3/4 Emt,Conduit
3 AWG THHN CU,Wire
#12 Solid THHN - Black,Wire
#10 Orange,Wire
2 1/2 EMT/RIGID TO FLEX CONT,Conduit
"EMT 1 "" CONDUIT",Conduit
3/4” car flex,Conduit
#12 grey solid,Wire
"3"" PVC Sched 40 X 800'",Conduit
3/4 steel flex,Conduit
1G WP BOX W/5 3/4 HUBS,Exclude
14/2 FPLR NS RED,Wire
1gang nail on 22 cu deep,Exclude
"1-1/2"" PVC Conduit, 10', Sched",Conduit
12/2 W Gnd MC Cable- 120/208v,Wire
"W1 STL SET SCREW CPLG 3/4""",Exclude
10/2 MC Reel,Exclude
"1/4"" x 2-1/4"" Wedge received",Exclude
"4"" PVC Conduit",Conduit
"10 AWG THHN SOLID COPPER, RED,",Wire
"Insulated 1-1/2"" 90 Flex Conne",Exclude
"12/2 HCF MC (Blk, Wh, Grn) Al ",Wire
"4"" flex (greenfield)",Conduit
"1"" EMT conduit hanger with bol",Exclude
600v 45 amp fuse,Exclude
250 Kcmil aluminum XHHW,Wire
SCR ANCHOR 1/4 X 1-5/8,Exclude
"1/2"" EMT For all the stakes",Conduit
1 1/4 tap cons,Exclude
MC-CABLE-12/3,Wire
"1-1/2"" Flexible Steel Conduit,",Conduit
"Grounding Bridge, Zinc, 6 - 2",Exclude
"3/4"" FLEX STL CONDUIT",Conduit
"3/4"" PVC ",Conduit
"Liquidtight Flexible Conduit,",Conduit
2-1/2-RIGID CONDUIT,Conduit
cut 30' #2 thhn thwn wire red,Wire
"1-1/4"" EMT Conduit",Conduit
CUTS,Exclude
"1"" RIGID  THREADED COUPLING",Exclude
"Cor-Line 3/4"" ENT #012009 100",Conduit
cans of pvc glue,Exclude
"1 1/2"" PVC SCHED 40",Conduit
"1"" PVC SCHED 40",Conduit
#8 thhn wire Red,Wire
#12 THHN Copper Solid Gray,Wire
1/0 Al red XHHW,Wire
"1"" car flex connectors straigh",Exclude
EMT PY26-100E 1 IN. EMT CONDUI,Conduit
CB 120/240V 100A/2P,Exclude
Feet #250 XHHW AL Black,Wire
Klein-Kurve Wire Stripper / Cr,Wire
"2"" GRC Threaded Cap",Exclude
"1/2"" ENT",Conduit
#12/6C W/GROUND SOLID CABLE MC,Wire
1/2 aluminum flex,Conduit
12/2 MC Cable - Alum or Steel,Wire
3/4-STEEL THINWALL CONDUIT,Conduit
14-2 ROMEX,Wire
caddy cj6,Exclude
3/4 EMT CMP CPL,Exclude
"1/2"" EMT TO FLEX COUPLING",Exclude
"emt 1/2"" conduit",Conduit
300' 350 MCM XHHW Alu Wire Red,Wire
3/4 PVC SCH48,Conduit
"1/2"" ko handi box",Exclude
"3/4"" EMT STL. SS, COUPLINGS",Exclude
ground clamps for 3/0 to 5/8,Exclude
10 1000' spools 12/2 mc cable,Wire
Arlington EMT75 EMT Insulatin,Exclude
1/2 ss emt coupling,Exclude
3/4 TO 1/2 REDUCING BUSH,Exclude
Small Hole Saw Arber,Exclude
Plastic Wood 32 oz. Natural La,Exclude
#14 FIRE ALARM WIRE RED non sh,Wire
EGS EFC-100 NEER 3/4 EMT TO FL,Conduit
"[Conduit Body] 2"", Aluminum, L",Exclude
"EMT 1"" Pipe",Conduit
"2 1/2"" PVC SCHED 40",Conduit
"[Reducing Washer] Steel, 3/4"" ",Exclude
"3/4"" pvc",Conduit
GREEN #10 THHN SOLID,Wire
"1.25"" EMT RAINTIGHT COUPLINGS",Exclude
"Metallic Liquidtight, 1/2"", Gr",Exclude
"3/4"" ENT Quick Connect Couplin",Exclude
"1/2"" red bell box plugs",Exclude
"1/2"" mini's EMT",Conduit
#10 Solid THHN Copper White/Re,Wire
5gal bucket of pulling lube,Exclude
1/2 emt pipe,Conduit
"1"" Universal Strut Straps",Exclude
#12 THHN Wire Yellow,Wire
"3/4"" EMT PIPE",Conduit
"10 AWG THHN Stranded Copper, R",Wire
1/2” Sealtight Flex,Conduit
"1-1/2"" Straight Carflex Connec",Exclude
ARLINGTON EMT75,Conduit
#10 THHN CU solid wire green,Wire
"[THHN Wire] Black, 2 AWG, Alum",Wire
TCP L60A19N15V27K LED A19 Lamp,Exclude
THHN #4/0 Red CU,Wire
"2” Ridgid Conduit, 10’ Long.",Conduit
3/8'' Flat Washers Fender Wash,Exclude
1 Inch Chipping Bit For Large ,Exclude
4/0-4/0-4/0-2/0 AL SER Cable (,Wire
"3/4"" LOCKNUTS STEEL",Exclude
"1/2"" EMT",Conduit
"Deck Nails ""Griprite 16D 3-1/2",Exclude
4/O Copper XHHW - Brown,Wire
#10 x 3 in. 305 Stainless Stee,Wire
18/3 belden cable unsheilded,Wire
10 AWG GREEN THHN STRANDED WIR,Wire
"[THHN Wire] Blue, 350 MCM, Alu",Wire
12' -2 1/2'' SEAL TIGHT FLEX,Conduit
3 1/2 in. PVC MA,Conduit
14/2 NM-B ROMEX,Wire
COP THHN4/0STRYEL-CUT THHN 4/0,Wire
LB65 MT LB65-MT 2 EMT LB COND ,Conduit
THHN White Stranded #12,Wire
# 12 awg THHN Solid Green,Wire
Polaris tab 3 port for 4/0 AWG,Wire
"2"" PVC CONDUIT",Conduit
"1/2""EMT CONDUIT",Conduit
COST TRANSFER - 12 THHN SOL WH,Wire
NM-B - 8/2 Stranded Copper 50,Wire
"PVC CONDUIT 1"" SCHEDULE-40",Conduit
"10/3 w/Ground, MC, Aluminum Ar",Exclude
CAT6,Wire
FEET #12 THHN BROWN,Wire
GRC 150 1-1/2-GALV-STEEL,Conduit
"2 1/2"" EMT       30°",Conduit
"Reducing Bushing, Threaded, 1-",Exclude
"Dottie RMC1434 1/4"" Machine Sc",Exclude
1/2” x 90 Degrees PVC Liquid T,Exclude
"[THHN Wire] Yellow, 12 AWG, C",Wire
"2"" pvc  sch 40",Conduit
"1"" PVC 90 Elbow",Exclude
RYMCO - EMT 1-1/2IN,Conduit
3 IN. PVC SCH 40,Conduit
#8 Black THHN CU,Wire
NM-B - 6/2 Stranded Copper,Wire
carflex 3/4”,Conduit
#12 black stranded thhn,Wire
"EMT 3/4"" Pipe",Conduit
"3/4"" EMT Connector standard",Exclude
ALUM COND XHHW-2600V/1000V,Wire
"PVC CONDUIT 3"" SCHEDULE-40",Conduit
"1"" EMT Threaded Grounding Hub",Exclude
2/0 copper THHN 350' x 3,Wire
3/8 in. Small Hole Saw Arbor W,Exclude
"3/4"" LB conduit outlet w/ cove",Conduit
ERICO PROD GTC162L,Exclude
3/4'' EMT,Conduit
4 SQUARE BLANK COVER,Exclude
"hex head self tap screw 3/4""",Exclude
2-90 DEG STD RAD EMT ELBOW,Exclude
"4""  PVC Conduit",Conduit
# 8 thhn cu black stranded,Wire
SOOW Cord #6AWG 4C,Wire
1-1/4 BLU ENT COND,Conduit
"3/4"" PVC Sch. 80",Conduit
"1""     CONDUIT - EMT",Conduit
"Red EMT Conduit, 3/4""",Conduit
"TOPAZ ELECTRIC 6458 3"" X CLOSE",Exclude
2/0 cu green ground  wire,Wire
#12 THHN MC HIGH VOLT COLORS,Wire
"Grade A/ copper Clad 1/2"" Nuts",Exclude
"2"" IMC Conduit",Conduit
"90"" X 114"" X 8"" OD PAD",Exclude
1200&5th,Exclude
"1"" schedule 40 PVC",Conduit
750 kcmil THHN/THWN Copper,Wire
1-1/2 metal flex,Conduit
"[THHN Wire] Brown, 1/0 AWG, Co",Wire
#12 Brown SOLID wire THHN,Wire
2/0 THHN Copper - White,Wire
"[THHN Wire] Brown, 3 AWG, Copp",Wire
"1"" ENT",Conduit
400 XHHW AL,Wire
CANTEX® 5133824 Conduit Elbow,Exclude
"8""x8"" gutter end caps",Exclude
PVC4150,Conduit
WP26E - 1G IN USE COVER,Exclude
"1/4-20 x 3"" toggle bolt",Exclude
WHITE #12 THHN SOLID,Wire
"3"" DUCT BANK CHAIR (BASE)",Exclude
NM-B - 12/3 Solid Copper Yell,Exclude
bottled drinking water,Exclude
250 MCM THHN Copper Stranded,Wire
THHN-10-STR-ORN-CU-500,Wire
"1 1/4"" EMT long radius 90",Exclude
3/0 AWG GREEN AL THWN or XXHW.,Wire
1-1/2”       Schl 40   pvc  Fe,Conduit
"12/4 HCF MC (Blk, Rd, Blu, Wh",Wire
black #12 stranded,Wire
"12"" Cable ties",Exclude
"2"" Conduit - RMC Galvanized",Conduit
"3"" PVC Schedule 40",Conduit
2 inch greenfield flex connec,Exclude
Round Fan Boxes Plastic,Exclude
"3/4"" ss coupling EMT",Exclude
THHN-10-WHITE/BLU-SOL-CU-2500S,Wire
#12 STR THHN Green (500' Spool,Wire
"[Bandsaw Blade] 27"" of 3",Exclude
"1-1/4""  EMT",Conduit
WIRE NUMBERS 0-45,Wire
"1 1/4"" PVC F/A",Conduit
"3/8"" nuts 100/PK",Exclude
PVC COOUP 1,Conduit
8” x 8” x 4” j-box,Exclude
"waffer head #8 x 1/2"" self tap",Exclude
"1 1/2"" flex",Conduit
#12 AWG ORANGE CU WIRE (2500' ,Wire
"4"" PVC SCH 40 (20' Sticks)",Conduit
"2 1/2""   FLEX AL",Conduit
"1-1/4"" PVC 90'S",Exclude
"HUSKY 7PC 3/8"" SAE HEX BITSCKT",Exclude
PVC4400,Conduit
LQT NM050100CL 1/2-FLEX-NM-LIQ,Conduit
"3/8"" Allthread ,, ( AMERICAN M",Exclude
#3 copper thhn,Wire
#10 grey thhn 2500'/RL,Wire
250 2 port polaris,Exclude
"2"" locknuts",Exclude
"1-1/4"" GRC ",Conduit
"[PVC] 1 1/2"", SCHEDULE 40",Conduit
"3/8"" one hole straps",Exclude
"3/4"" EMT CONDUIT 10FT STICK",Conduit
400 copper thhn,Wire
2500ft roll #12 THHN White w/r,Wire
5/8 GRND ROD,Exclude
CRESTRON LSZH CABLE 2C-22 SHIE,Wire
Orande #12 Solid copper THHN,Wire
COOPER 665,Exclude
PVC 150 1-1/2-PVC-SCHED-40-CON,Conduit
"3"" PVC 45 DEGREE ELBOW SCH 40",Exclude
"[THHN Wire] Red, 2 AWG, Copper",Wire
"EMT Conduit, 1/2"", Galvanized ",Conduit
# 12 THHN stranded Red,Wire
780' 250 MCM Alu XHHW Wire (Bl,Wire
410' #2 Alu Wire Green,Wire
Romex Stacker (cable Stacker ),Wire
"1/4""-20 Black Phosphate Coarse",Exclude
"3/8"" Fender washers ",Exclude
KEG/BUCKET INSULATED ROMEX STA,Wire
"4"" PVC CONDUIT, 10', SCHEDULE ",Conduit
"Conduit Strap, 2-Hole, Size: 1",Exclude
(3) 3/0 SER Aluminum 1000' 3co,Exclude
#3 THHN CU (WHITE),Wire
"2 1/2"" greenfield flex",Conduit
60A DISC SW,Exclude
# 2  AWG AL RED THWN or XXHW. ,Wire
555' 400 MCM XHHW Alu Wire Blu,Wire
"Weatherproof In-Use Cover, 2 G",Exclude
"3"" emt connectors",Exclude
"2"" sch 40 PVC",Conduit
THHN-12-STR-BLK-CU-500,Wire
EMT 2-1/2,Conduit
1-1/4 metal flex,Conduit
RGD CLAMP 1-1/4,Exclude
"2"" GRC CONDUIT",Conduit
6 AWG THHN/THWN-2 Stranded Cop,Wire
3/4 pvc conduit,Conduit
1 1/4” Female Adp Pvc,Exclude
"1/2"" car flex straight connect",Exclude
ENT COND 3/4,Conduit
THHN STR 500,Wire
2-1/2 PVC,Conduit
"2"" EMT Compression Coupling",Exclude
"[EMT Set Screw Coupling] 2"", S",Exclude
1” Push On Bushings,Exclude
"1""   FLEX AL",Conduit
WI 621022 WI LT FLEXMT COND 25,Conduit
WIRE THHN 12 GREEN SSOLID,Wire
2 IN Locknut,Exclude
PIPE CLAMP 2,Exclude
14/3 CU MC Cable,Wire
21013-071BO,Exclude
"[EMT] 3/4"" Conduit",Conduit
COMMERCIAL ELECTRIC0.75 IN. X ,Exclude
4”EMT,Conduit
Easy-Wrap Duct Tape,Exclude
3/0 THHN COPPER,Wire
"24"" Sonotube per foot.",Exclude
TERMINATOR RED/YELLOW 100PC,Exclude
2500' Of #10 Stranded THHN wir,Wire
"1"" EMT ",Conduit
EMT 1  223  1071872,Conduit
1/4 x 1 1/4 tap cons,Exclude
2” Pvc Conduit,Conduit
"1/2"" FLEX FMC",Conduit
#8 THHN STR Cu ORANGE,Wire
"3/4"" IMC CONDUIT",Conduit
SQZ FLEX 2-1/2,Conduit
Allied Tube & Conduit SCH80 Ri,Conduit
JETLINE 2200' (BUCKET),Exclude
"1"" PVC Male adaptors",Exclude
2IN HDPE TO PVC TRANSITION FI,Conduit
"9"" zip tie black",Exclude
3M Cable Stacker SL-1,Wire
[THHN Wire] White/Black Stripe,Wire
#12 THHN Wire Black,Wire
14X2-14 HEXHEAD CONCRETE ANCHO,Exclude
1/2'' EMT PIPE,Conduit
12/2 MC SF142-01957,Wire
781 through thestudconduit sup,Conduit
"3/4"" knockout plugs",Exclude
#6 THHN Copper,Wire
GRC 075 3/4-GALV-STEEL,Conduit
2-1/2“ plastic screw on bushin,Exclude
1 1/2'' EMT Couplings Compress,Exclude
2/0 THHN AL,Wire
"1.5"" EMT",Conduit
#12 thhn blue,Wire
"2-1/2"" PVC PIPE SCH 80",Conduit
EMT 400 ARLINGTON,Conduit
3/4 pvc,Conduit
#12 Solid THHN Red (2500' Spoo,Wire
"Ceiling Wire, 10' Straight, Ga",Wire
Conduit Price: Per: FT Brand/M,Conduit
#12 THHW red STR,Wire
3/4 pvc sch 40,Conduit
"1"" Metal-Flex Conduit-Steel",Conduit
#2 THHN GREEN,Wire
#2 xhhw Alum. Green,Wire
"4"" IMC PVC Coated",Conduit
"3/4""emt",Conduit
"APPLETON 4SD34 4"" SQUARE BOX, ",Exclude
M20166HL (w/panel),Exclude
"2 1/2"" EMT STEEL CMPRESSION CO",Conduit
"1-1/2"" NON-UL FLEX L/T MET CON",Conduit
1in pvc,Conduit
EMT 100 1X10FT-EMT,Conduit
#10 Solid THHN Pink (2500' Spo,Wire
"ipex PP3540    2"" pvc poly pl",Conduit
THHN-2/0-STR-BLK-CU,Wire
1-1/2 90D EL,Exclude
"2"" aluminum flex",Conduit
"3"" rigid coup.",Exclude
14 AWG THHN STRANDED BLUE,Wire
P15-1558 STUD THREADED  SHOT,Exclude
white so cord 12/2,Wire
"2"" PVC LB",Conduit
"1/2"" flexible metallic conduit",Conduit
"3/4"" Aluminum Flexible Conduit",Conduit
"3/4"" FLEX CONDUIT",Conduit
"[MC] 12/2 w/ GND, Brown/Green,",Wire
"300' 3/4"" EMT",Conduit
Feet of #8 THHN CU Stranded (W,Wire
"2"" pvc sch 40",Conduit
[THHN Wire] White Black Stripe,Wire
"#12 THHN WHITE (2,500' SPOOLS)",Wire
"[XHHW Wire] Black, 1/0 AWG, Al",Wire
"1/2"" Greenfield (1,000 spool &",Exclude
3/8 All Thread,Exclude
plastic cut-in rounds,Exclude
DYNA FLEX,Conduit
12/2 LNDSCP LTG,Wire
14-2 (1 TSP) F/A MC Cable (Bla,Wire
4x4 Square non-metallic juncti,Exclude
THHN-10-YEL-SOL-CU-2500S/R,Wire
EMT 1/2,Conduit
"10' Sticks 2-1/2"" PVC Sch 40 ",Conduit
"1 1/2"" PVC 90 SCHED 40",Exclude
#2/0-4+plus ground  ser cable ,Wire
"2"" Conduit Pulling C",Conduit
1/2: KO SEALS,Exclude
"3/4"" RED EMT CONDUIT",Conduit
(Metallic Flexible Conduit Con,Conduit
"4 square 2 1/8"" deep combo box",Exclude
10/2 mc pvc jacket,Conduit
Wire THHN # 8 black,Wire
3/8-ALUMINUM FLEXIBLE CONDUIT,Conduit
1” EMT MINI’s,Conduit
10/2 UF cable,Wire
2/0 SER aluminum cable w/ grou,Wire
Angle grinder chain saw Disc,Exclude
"Jack, Blue, Cat6, Rj45",Wire
THHN-12-BLK-SOL-CU-500S/R,Wire
"Threaded studs 1/4""-20 X 1"" sh",Exclude
ENT BLU 1 REPL,Conduit
true tape ideal 31 0160 30,Exclude
Milwaukee1/4 in. x 3-1/2 in. P,Exclude
#500 kcmil XHHW Aluminum,Wire
#4 THHN CU BLUE,Wire
350MCM AL Black THWN Wire,Wire
AI 4010AST  3/8IN SNAP2IT W/ I,Exclude
#12 THHN CU solid wire brown,Wire
"3"" metallic flex",Conduit
"1-1/2"" EMT CADDY Strut strap ",Exclude
#1AWG AL THHN Green,Wire
"4"" PVC Conduit, 20', Schedule ",Conduit
"1/2"" emt strut straps",Exclude
1-1/2 ENT,Conduit
4-2/0CU 3/8IPS,Exclude
"3/4"" Greenfield",Exclude
990' 400 MCM Alu XHHW Wire (Bl,Wire
"10' 2"" PVC sch 40",Conduit
2500 spools of # 10 awg Green ,Wire
400 XHHW Alum,Wire
"250' 2"" PVC Conduit",Conduit
300' 700 MCM Alu XHHW Wire (Bl,Wire
UDI - MULTI MOUNT CABLE SUPPOR,Wire
12 AWG 19 Stranded Black 500 f,Wire
THHN 12/7 SOL,Wire
COMMERCIAL ELECTRIC8 AWG to 4 ,Wire
3/4-ALUMINUM FLEXIBLE CONDUIT,Conduit
"1-1/2"" PVC Utility Duct, 20', ",Conduit
Greaves J30-DB Rebar Ground Cl,Exclude
4” square to round p ring 5/8,Exclude
Thomas & Betts 371 Conduit Hu,Conduit
"3"" pvc sch 40",Conduit
#14 THHN green stranded,Wire
1-Gang Outlet Box Adjustable M,Exclude
PVC 22-1/2D EL 4,Conduit
#8 THHN STR Cu YELLOW,Wire
60ft cut #250 aluminum thhn ye,Wire
"250 MCM THHN/THWN-2 Str Red, 2",Wire
870' 3/0 Alu XHHW Wire (Green),Wire
2500 spools of  # 10 awg Red T,Wire
500 ft. 12 Gauge Black Strande,Exclude
850 ARLINGTON,Exclude
"4"" PVC Conduit SQ 40",Conduit
1” emt,Conduit
#12 Green THHN Copper Solid - ,Wire
2” Rigid Conduit 10 FT,Conduit
steel toe rubber boots,Exclude
"1/2"" Emt",Conduit
"4"" PVC Sch. 80",Conduit
"1-1/2"" Self Drilling Screw",Exclude
THHN #12 STR BLACK,Wire
# 10 awg White solid with RED ,Wire
"200' 1-1/2"" PVC Sch 40",Conduit
1/2 ALUM FLEX,Conduit
"3/8"" X 600FT PULL ROPE YELLOW",Exclude
1 1/2 SCH 80 PVC,Conduit
"2"" x 12"" Galvanized Conduit Ni",Conduit
#8 STR THHN Brown (1000' Spool,Wire
1-1/2” Metal Flex,Conduit
Leviton L7505 Strain-Relief Gr,Exclude
"1/2"" Carflex",Conduit
3/4” Emt To flex Combonation c,Conduit
1' pvc 90,Exclude
12-2 MC CABLE BROWN/GRAY/GREEN,Wire
"1 1/2"" emt coduit",Conduit
#12 WHITE STRANDED THHN,Wire
"Four Hole Corner Angle, Steel,",Exclude
"1"" LB PVC Conduit Fitting",Exclude
THHN COPPER STANDED #6,Wire
Dottie HWSMS10112  10 By 1-1/2,Exclude
10/4 MC cable - HIGH VOLT COLO,Wire
"4"" greenfield flex",Conduit
4/0 AWG ALUMINUM GREEN,Wire
5 WIRE 14 AWG SOLID WHIPS (LIG,Wire
"1"" PVC (20' sticks)",Conduit
"1"" LL",Exclude
2 NPT THRU MALE/FEMALE CST IRO,Exclude
6”x6” trough end caps,Exclude
Sol Wire Grnd Tail-Loop/Grd Sc,Wire
"Gray ENT, 3/4"", 100' Coil",Exclude
"3/4"" ENT ( smurf Tube )",Conduit
"[THHN Wire] Yellow, 2/0 AWG, A",Wire
"1"" PVC ",Conduit
1G MASON BOX 3-1/2,Exclude
"1 1/2"" PVC Conduit",Conduit
18/3 BELDEN CABLE NON-SHIELDED,Wire
"1-1/2"" PVC Sch 40 20' Sections",Conduit
"1 AWG XHHW Stranded Copper, Y",Wire
CADWELD WELDING MAT 45,Exclude
#6 XHHW AL,Wire
Feet solid #12 White,Wire
#12 THHN GREEN,Wire
12/2 MC (1000' REELS),Wire
"[Paint] Upsidedown Marking, Cl",Exclude
#12 THHN solid wire Red,Wire
"2"" PVC Conduit, 20', Schedule ",Conduit
Penn-Union LI252S 6 AWG-250 MC,Wire
3-1/2”  none metallic flex. - ,Conduit
30-33' ELECT SCISSOR #10566316,Wire
SCH40 1IN 90DEG ELBOW,Exclude
1-1/4”       Schl 40   pvc  Ma,Conduit
"(EMT Bushing) 2"" Plastic Insul",Exclude
350 mcm XHHW Aluminum ,Wire
6/3 Romex Copper,Wire
1-1/2” pvc scd 40,Conduit
1/2 ALUMINUM flex,Conduit
"[PVC Coupling] 3/4"", Standard",Exclude
#12 THHN Solid Black,Wire
"EMT Conduit, 1"", Galvanized St",Conduit
ROLLS OF Red Majestic vinyl Ta,Exclude
"3"" IMC conduit",Conduit
# 12 AWG THHN Solid Green,Wire
"1 5/8"" x 13/16"" shallow Unist",Exclude
"PVC 4"" CONDUIT SCH 40 20'",Conduit
"3/4"" x 2"" Galvanized Conduit ",Conduit
#14 Red Stranded Wire THHN,Wire
"[THHN Wire] Orange, 350 MCM, C",Wire
250 XHHW AL,Wire
"10"" water pipe bond clamp",Exclude
1” EMT,Conduit
1/2” carflex connector,Exclude
"[PVC] 2"", Schedule 40, 10' St",Conduit
"1"" EMT Stl SS Coup",Exclude
SHOCKWAVE™ Impact Duty™ Step B,Exclude
EMT 1-1/2,Conduit
"4"" Strut Strap",Exclude
#12 red stranded,Wire
"2"" lock Nuts",Exclude
2-1/2”       Schl 40   pvc  Fe,Conduit
"EMT 3"" CONDUIT",Conduit
#12 THHN SOLID BLUE 2500' REEL,Wire
1-1/4” PVC conduit,Conduit
1 1/4in emt pipe,Conduit
"2 1/2"" PVC Bell End",Exclude
"3/4"" pulling C with covers (EM",Exclude
"1/4"" X 4"" Toggle bolt",Exclude
1” Pvc Ma,Conduit
2-1/2” Pvc,Conduit
"[THHN Wire] White, 10 AWG, Cop",Wire
500 copper thhn,Wire
"Rigid Conduit, 3"", Galvanized ",Conduit
#12 THHN SOL Cu PURPLE,Wire
"[THHN Wire] Black, 12 AWG, Co",Wire
"CABLE TIE, STANDARD 11.1"" LONG",Exclude
"[Bare Copper Wire] 4/0 AWG, St",Wire
"3/4"" EMT & Rigid LB Type Combi",Conduit
#700 AL XHHW,Wire
3/4  EMT,Conduit
"3/4"" flexible metallic tubing ",Conduit
"1-1/4"" Galvanized Coupling",Exclude
4/0 AWG 3C MC w/#2 ground Alum,Wire
single gang 5/8 rise mud rings,Exclude
THHN-10-YEL-19STR-CU-500,Wire
14/4 Copper MC Cable,Wire
2500' roll #14 awg purple thh,Wire
Appleton BLSG250 Sealing Lock,Exclude
CRESTON DALI CABLE (1) PAIR 18,Wire
"[EMT Strut Strap] 4""",Exclude
"[PVC] 3"", SCHEDULE  40, 10'",Conduit
Conduit 3 type UL Liquidtight,Conduit
"nVent Caddy 6” Box Support, Br",Exclude
Jet Line,Exclude
"[THHN Wire] Red, 350 MCM, Cop",Wire
"Strut Strap, Universal, 1"", St",Exclude
8/2 RMX 1000,Wire
"4"" PVC Sched 40",Conduit
"3/8"" super flexible metallic c",Conduit
"3/4"" locknut",Exclude
"[Rod] 3/8"", Stainless Steel, T",Exclude
4/0 CU THHN,Wire
1/4 x  1 1/2 IN hexagonal Hea,Exclude
POW PS-1300-AS-1-1/2-EG PIPE C,Conduit
18x18 troffer end cap,Exclude
Dottie Tekft7716 7 X 7/16 Phi,Exclude
"3/4"" blue ENT",Conduit
#12 Solid THHN - White,Wire
#1 AWG WHITE THHN CU WIRES,Wire
18 Ga. THHN Solid Black 500’ R,Wire
"Orbit TSB, telescoping bracket",Exclude
"6"" SCHEDULE 40 PVC",Conduit
ALW XHHW350STRWHT-CUT ALW XHHW,Wire
"3 pack of 44 7/8"" band saw bla",Exclude
#10 White Stranded Wire,Wire
"2-1/2"" EMT Conduit",Conduit
"[PVC] 1 1/4"", Schedule 40, 20'",Conduit
2 1/2 emt conduit,Conduit
#10 RED THHN  - 2500' SPOOLS,Wire
4/0 XHHW Alum white (wire cut ,Wire
"18""x18"" plastic access panel",Exclude
10 AWG THHN Stranded Copper wh,Wire
TP513 4SQ 1/2D CVR,Exclude
265ND 1.88/E VS 5.17/E 1221-2W,Exclude
300-3 SER Aluninum  1 X 500',Exclude
"2"" plastic bushing",Exclude
EMT EL 90D 1-1/2,Exclude
3” pvc sch 80 10’ sticks,Conduit
#4 XHHW Aluminum B/R/BLU/W,Wire
"1 1/4"" PVC M/A",Conduit
"3/4"" TO 1"" REDUCING WASHERS",Exclude
200' 2/0 XHHW Alu Wire White,Wire
#12 red thhn,Wire
2500 spools of  # 10 awg Blue ,Wire
42 Gallon Trash Bag 50CT,Exclude
"[Non-Metallic Liquidtight] 3""",Exclude
Morris Products G2624 Morris ,Exclude
#6 THHN Green Copper,Wire
6/3 Romex Wire,Wire
"1 1/2"" EMT one hole strap",Exclude
# 10  AWG CU THWN Black Provi,Wire
"BLUE 1/2"" ENT",Conduit
1“ pvc,Conduit
TRDRD15   000357,Exclude
8-Piece Metal Tray/Shed Resist,Exclude
"4SQ 1.25"" RISE SINGLE GANG MUD",Exclude
Carlotte Pipe 1-1/2 in. PVC Sc,Conduit
1’ PVC SCHEDULE 80,Conduit
cat 6 Cable Green sheathing,Wire
"3/4"" ENT( Smurf Tube Rated for",Conduit
"[GRC/RMC Connector] 2 1/2"", St",Exclude
Arlington #TVBS507  WHITE,Exclude
POWDER ACCUATED THREADED STUD ,Exclude
"4"" EMT set screw coupling stee",Exclude
"1 1/2"" EMT",Conduit
#12 thhn white,Wire
"4"" EMT PIPE",Conduit
ARROW 1-HANDED SWIVEL RIVETER ,Exclude
"11/4"" Emt Conduit x 10' Sticks",Conduit
2 SCH40 COND,Exclude
1000' #12 Black Wire,Wire
"1"" myers hub",Exclude
"3/4"" PVC( 120- 10 ft sticks) *",Conduit
720' 500 MCM XHHW Alu Wire Bla,Wire
"[Machine Bolt] 1/4"" Dia, 3/4"" ",Exclude
13/16 PLAS GANG BOX CVR 4 GANG,Exclude
#6 CU Red,Exclude
1'' GRC OVER QT 006701,Conduit
"10' Sticks 4"" PVC Sch 40 (Tota",Conduit
"2""PVC 90'S",Exclude
1/2-RIGID CONDUIT,Conduit
4 Ul-lr Access Ftg,Exclude
"1 1/4"" metal flex",Conduit
100'-3/4'' Rigid conduit,Conduit
16 IN ADJ BAR HGR,Exclude
3/4 pvc 2 hole strap,Exclude
THHN 10 SOL BL-WH,Wire
3/4-RIGID CONDUIT,Conduit
"1.5"" PVC sched 40",Conduit
780' 250 MCM Alu XHHW Wire (Wh,Wire
#1 aluminum wire Black,Wire
stretch wrap,Exclude
NM-B - 12/2 SOLID COPPER YELLO,Wire
12/2 low voltage wire outdoor ,Wire
#6 copper xhhw,Wire
"2"" PVC Male adaptors",Exclude
"3/4"" CONDUIT - EMT",Conduit
"2"" Red EMT",Conduit
"3/4"" PVC Schedule 40",Conduit
"PVC Coated Rigid Conduit, 4"", ",Conduit
"RB200150 Reducing Bushing, Thr",Exclude
18/2 bell wire,Wire
#1-#1-#1-#6 Aluminum SER Cable,Wire
WMGCLIPSM TRAY GROUNDING CLAMP,Exclude
Brown 4/0 Alum,Wire
140' #4 THHN Wire Green Wire,Wire
"Non-Metallic Liquidtight, 1/2""",Exclude
stainless steel 1 gang blank w,Exclude
8/3 romex,Wire
"1"" PVC 90 elbow",Exclude
PVC4075,Conduit
1/O Aluminum - Green XHHW,Wire
ORING ASST 4,Exclude
20' 4/0 copper wire / Can be b,Wire
"CANTEX® 5121008 Conduit Elbow,",Exclude
#12 thhn solid blue,Wire
"Ideal 42-102 Tape,Ideal,Non-De",Exclude
"Single Gang Mud Ring for a 4"" ",Exclude
"Feet 12/2 NM Romex (1,000' Spo",Wire
"2 1/2 "" PVC bushing",Exclude
"1/4 1/4 x 2"" Bolts",Exclude
#10 THHN stranded grey,Wire
GROUNDING BAR FOR 4 WIRE 12  H,Wire
12-2 romex (1000'),Wire
PLUSCU2L6,Exclude
784' 250 MCM Alu XHHW Wire (Re,Wire
Electrical Phase Tape- White R,Exclude
"[PVC] 1 1/4"", Schedule 40, 10",Conduit
BLUE #12 STRANDED,Wire
"1 1/2"" uni strut straps",Exclude
"1/2"" car flex",Conduit
"1"" emt conduit",Conduit
"4"" schedule 40 PVC",Conduit
"1/2"" GRC",Conduit
"CTX 5133668 2"" PVC LB",Conduit
"1/2"" Flex",Conduit
1/2” Emt,Conduit
"1/2"" steel flex",Conduit
#6 Aluminum - Green XHHW,Wire
2/0 AWG TWO HLOE CRIMP ON LUGS,Exclude
"Dottie MB3834 3/8"" Tap Bolt",Exclude
"2""  PVC SCH 40",Conduit
"1"" PVC Conduit, 10', Schedule",Conduit
16/2 (Pur/Gry) Dimming Cable 1,Wire
"1 1/4"" metallic sealtight",Conduit
THHN MC STR 350 BRN,Wire
"Butt splice, 1/0 AWG, Tin-Plat",Wire
3/4 Emt Red In Color,Conduit
2'' emt,Conduit
"1/2"" flex FMC",Conduit
350 MCM THHN/THWN-2 Stranded C,Wire
Area Signal Device,Exclude
"4"" car flex",Conduit
"1"" Green field (metal Flex)",Conduit
"6-3 MC Cable Black,Red",Wire
"1"" GRAY ENT 750' SPOOL",Conduit
14/2 Romex,Wire
"3"" EMT Pipe",Conduit
500 MCM XHHW-2 AL (RED),Wire
600 MCM THHN CU,Wire
12/2 mc medical grade,Wire
red stranded #10,Wire
#12 AWG BLACK THHN STRANDED WI,Wire
16-2 FIRE ALARM MC CABLE,Wire
"12/2 MC Cable (black, white, ",Wire
15' cables to lock ladders,Wire
"2"" EMT CONDUITS",Conduit
10-35 ENT KWIKON,Conduit
"5"" PVC Conduit, 10', Schedule",Conduit
UL 467 cable tray clamp (Steel,Exclude
"emt 4"" pipe",Conduit
"2"" PVC LB Condulet",Conduit
CARLON1-Gang Non-Metallic Low-,Exclude
3” PVC,Conduit
006AL01 J502,Exclude
"4&11/16"" Box with 1/2"" and 3/4",Exclude
"[XHHW Wire] Green, 6 AWG, Copp",Wire
"1&1/4"" PVC Conduit",Conduit
MODERA  NL NRK,Exclude
1 1/4” Pvc Conduit,Conduit
30-33' ELECT SCISSOR #589974,Exclude
AL SER CABLE 4/C #4 WITH GROU,Wire
"4"" x 6"" Galvanized Conduit Nip",Conduit
"127-S 2 1/2"" GRNDING LOCKNUT",Exclude
1 5/8'' UNISTRUT 10' Length,Exclude
#12 Wire BLUE THHN SOLID,Wire
FREIGHT FULL TRUCK LOAD,Exclude
4/0 SER AL #2 ground,Wire
"3/4"" LIQUID METAL FLEXABLE CON",Conduit
Wire 18/2 Unsh. FPLR Red Sol,Wire
"200 10' 1"" PVC schedule 40",Conduit
4'' - 2'' PVC TRANSFER FROM JA,Conduit
"IDEAL Wire Pulling Lubricant,",Exclude
"3/4"" Knockout seals",Exclude
UCF APERTURE 24001-075,Exclude
"1"" ROD COUP",Exclude
"CONCRETE POSTS 8""X8""X8'L",Exclude
1/2” car flex,Conduit
3” pvc schl 40,Conduit
"[EMT Elbow] 1 1/4"" Dia, 45° B",Exclude
tap cons w/ pilot bit 3/16 x 1,Exclude
"Reducing washer 1"" to 3/4''",Exclude
1/0 THHN CU Green,Wire
12/4,Wire
"PVC 4"" SCH 40 CONDUIT",Conduit
NSI Tork IT-600 Multi-Tap Conn,Exclude
11 oz. FLUORESCENT Green Spray,Exclude
2”pvc,Conduit
"1/2"" FLEX GREENFIELD",Conduit
2 1/2'' EMT CONDUIT,Conduit
SQZ FLEX 2,Conduit
"Caddy GBS 24"" slide bar brack",Exclude
#4 XHHW AL,Wire
3/4” emt,Conduit
Polyester Multape 2500 Pounds,Exclude
"2"" EMT Conduit",Conduit
"3/4"" GRC",Conduit
1/4 FLAT WASH,Exclude
PVC COND 1,Conduit
"[THWN/2 Wire] Orange, 600 MCM ",Wire
"3/4"" PVC  ( 100 sticks)",Conduit
# 6  AWG CU THWN Brown Provid,Wire
3/4” Pvc Pipe Schl 40,Conduit
1” Pvc,Conduit
1 1/4” EMT,Conduit
THHN STR 500 YEL,Wire
"3"" RIGID 90 SWEEPS",Exclude
"2"" Link Seal",Exclude
MC/CABLE 12/2,Wire
"[EMT] 1 1/4"", 10' Sticks",Conduit
10-3 MC,Exclude
COP THHN12SOLGRN500RL THHN-12-,Wire
"4"" bond bushings",Exclude
12/3 MC Cable,Wire
Purline Clips for 3/8'' Rod,Exclude
#12 THHN BLACK STR,Wire
"1 1/2"" PVC MALE ADAPTOR SCH 40",Exclude
#6 ORANGE THHN COPPER,Wire
Wiremold WSA42-2 Boxes,Exclude
GRC 1-1/2,Conduit
"1/2"" emt one hole straps",Exclude
750 mcm polaris taps,Exclude
12 Cans Inverted Spray Paint C,Exclude
#10AWG THHN Green,Wire
"[THWN/2 Wire] Green, 14 AWG, ",Wire
single gang plastic cover plat,Exclude
"42"" x 42"" x 6"" Nema 1 J-Box w",Exclude
1/4 drop in anchor W/set Tool,Exclude
"3"" EMT 22's",Conduit
"1""  PVC SCH 40 (20' LENGTHS)",Conduit
"2"" mineralac",Exclude
"1 1/2"" S.S COUP",Exclude
Wire THHN-12-BLK-SOL-2500' REE,Wire
10-3 NM-B ROMEX,Wire
1 5/8 Unistrut end caps,Exclude
#6 Green THHN Copper Stranded ,Wire
MODERA 23010-106AL01,Exclude
720' 2/0 XHHW Alu Wire Green,Wire
"4"" PVC SCH 40 PIPE",Conduit
BRP120 GF breaker,Exclude
"[XHHW Wire] Red, 400 MCM AWG, ",Wire
"3"" PVC LB's",Conduit
bare 3/0 copper wire,Wire
FLX ALC150RW25CL 1-1/2-FLEX-AL,Conduit
"3/4"" FMC FLEX",Conduit
raco 2855  1 1/4 ser connector,Exclude
350 MCM XHHW Aluminum,Wire
"Car flex Conduit. 1/2""",Conduit
"2"" Schedule 40 PVC",Conduit
TOPAZ ELECTRIC 251TZ,Exclude
"Strut with Elongated Holes, St",Exclude
3 AWG THHN/THWN-2 Stranded Cop,Wire
500 Alum XHHW,Wire
4/0 XHHW AL,Wire
EZ Path 44- STI EZDP144FKS2,Exclude
"12 AWG THHN SOLID COPPER, BLUE",Wire
"Denatured Alcohol Solvent,1 qt",Exclude
"[MC] 12/2 w/ GND, Red/Green, S",Wire
#4 THHN CU GREEN,Wire
WIRE THHN 16 STR BLACK,Wire
P407 LITTORAL 23003-036AL01,Exclude
"1/2"" Blue ENT",Conduit
3/4 EMT Steel Thinwall,Conduit
Thomas & Betts XJG28-EMT 3/4 ,Conduit
1-1/2 LT,Exclude
"[TFFN Wire] Gray, 16 AWG, Str",Wire
2000' 12-2 Romex,Wire
wire cut charge,Wire
Flex Cnnectors,Conduit
"24"" x 24"" x 30"" Wire Trough N",Wire
"4"" LOCK RINGS",Exclude
18/3 Belden Cable Unshielded,Wire
4x4 boxes,Exclude
Wire THHN-12-RED-SOL-2500' REE,Wire
Manual dispenser HDM 500 + red,Exclude
"shallow 1 5/8 ""GALVANIZED"" str",Exclude
#10 Thhn  Green  stranded,Wire
6 AWG WHITE THHN/THWN-2 WIRE,Wire
#1 AWG XHHW ALU Black,Wire
THHN10 SOL GRN 500RL THHN-10-G,Wire
#12 solid Red THHN 500' reel,Wire
"2"" EMT CONDUIT",Conduit
FLX ALC250RW-CUT 2-1/2-FLEX-AL,Conduit
"4 1/2"" metal grinding wheels",Exclude
#2 bare copper stranded,Wire
1/2 in. x 20 ft. Electric Tape,Exclude
"2"" PVC conduit",Conduit
KX caddy staps,Exclude
THHN-10-ORN-SOL-CU-2500S/R,Wire
3/4” PVC Sched 40,Conduit
"3/4"" PVC CONDUIT SCH 40",Conduit
#12 Blue THHN Copper Solid - 2,Wire
"1-1/2"" PVC Male Terminal Adap",Exclude
400 Kcmil aluminum XHHW,Wire
"Weatherproof Box, Round, (4) ",Exclude
"250 MCM, 6 AWG Polaris Insul-T",Wire
#6 THHN Black stranded 1000' s,Wire
"2"" PVC Conduit, 20', Schedule",Conduit
#6 THHN GREEN CU,Wire
#12 Wire solid black THHN,Wire
"REGULAR SPRING NUT 3/8"" Alu",Exclude
"1/4"" X 600FT PULL ROPE YELLOW",Exclude
PVC 1 1/4 sch40,Conduit
FLEX 1/2,Conduit
4x4 Square Metal Box,Exclude
Hole Dozer Saw Set 11pc,Exclude
10/3 romex,Wire
#6 THHN Blue stranded 1000' sp,Wire
13/16 PLAS GANG BOX CVR 3 GANG,Exclude
"#1 - THHN, CU, STR - GREEN",Wire
1G METAL OWB GANGABLE W/ROMEX ,Wire
1-1/2-22-1/2 DEG STD RAD EMT E,Conduit
WALLPLATE 2-G 1 TOG REC WH,Exclude
555' 400 MCM XHHW Alu Wire Bla,Wire
"2"" Conduit - PVC Sch 80",Conduit
Remodel boxes (1 gang PVC),Exclude
"1/4 20x 1"" Bolts",Exclude
"2""   FLEX AL",Conduit
2 1/2 PVC pipe,Conduit
THHN Solid Wire No. 10 White,Wire
#6 Green THHN CU,Wire
TRUE TAPE  (MEASURING STRING),Exclude
"4"" GRC",Conduit
1-IN BLUE ENT COND,Conduit
500 Kcmil aluminum XHHW,Wire
2-IN STR L/T CONN,Exclude
"3/4"" PVC Sch.40 Conduit",Conduit
RG6 CATV WIRE,Wire
4 ft. x 100 ft. Orange Guardia,Exclude
Arlington CP3540 White Paintab,Exclude
"4"" PVC Schedule 40",Conduit
600 kcmil THHN CU,Wire
16' Of Seal Tight Flex,Conduit
10/6 MC CU,Exclude
BUYOUT,Exclude
"2"" emt couplings set screw ste",Exclude
2 inch car flex,Conduit
COP BARESD4SOL-CUT BARE-SD-4-S,Exclude
Wire THHN 12 white Stranded,Wire
3-IN 90D L/T CONN,Exclude
"Rigid Conduit, 6"", Galvanized",Conduit
"2-1/2"" lock nuts",Exclude
"[Bare Copper Wire] 6 AWG, Soli",Wire
"[NM-B Wire] 10/2, Orange, 60'",Wire
DIABLO 6 in. 8/14 TPI Demo Dem,Exclude
#10THHW YELLOW STR,Wire
3/4 EMT Set Screw Type Connec,Exclude
"1-1/4"" EMT",Conduit
Round white decorative blank c,Exclude
2 1/2” EMT 22’s,Conduit
GRC 200 2-IN-GALV-STEEL,Conduit
Feet #250 XHHW AL Red,Wire
500' 250 MCM Alu XHHW Wire (Re,Wire
"1 -1/4""  PVC SCH 40",Conduit
"Dottie 1032GTP Ground Screw, L",Exclude
CM-4SDB-MC REPL FOR CM-4SDB-75,Exclude
#10 Stranded Wire BLACK,Wire
"4"" x 3"" spacing cantex spacers",Exclude
2-1/2 UNIT HUB,Exclude
"3/4"" sealtight",Conduit
"PVC Conduit, Schedule 40, 6"" ",Conduit
"[ENT] 1 1/4"", 1000'",Conduit
#14 ga STRANDED THHN (500' SPO,Wire
4in x 2-1/8 in. deep octagon b,Exclude
1-Gang PVC Switch/Outlet Old W,Exclude
4'' PVC Conduits 10FT STICK,Conduit
"4"" PVC Schedule 40  (20' secti",Conduit
18/3 BELDON CABLE UNSHEILDED,Wire
2” rigid end caps,Exclude
"1-1/4"" PVC",Conduit
"1-1/2"" PVC Sweep",Conduit
"Lapp Skintop Cord Grip - 3/4"" ",Exclude
#10 THHN SOLID RED,Wire
"4"" pvc sch 40",Conduit
"2"" FMC 90's",Exclude
QUICKCRETE 80 LB CONCRETE MIX,Exclude
# 4 thhn cu black stranded,Wire
3/0 mc wire,Wire
caddy 512 t bar with clip and ,Exclude
3'' PVC COND,Conduit
"12/4 MC Cable (black, red, whi",Wire
"1-1/4"" PVC Bell End",Exclude
"1""schedule 40 pvc conduit",Conduit
THHN-10-GRY-SOL-CU-2500S/R,Wire
EGB14020,Exclude
#4 THHN AL GREEN,Wire
2000' # 12 solid thhn wire gre,Wire
"140' Brown,Orange,Yellow THHN ",Wire
555' 400 MCM XHHW Alu Wire Red,Wire
#10 BLUE Wire THHN STRANDED,Wire
Arlington BE2 Box Ext 2-Gang ,Exclude
400 MCM XHHW AL,Wire
Halex 3/8 in. Flexible Metal C,Conduit
#12 THHN Grey Solid,Wire
46-1700C-RED (RED TAPE),Exclude
1-1/2 EMT CONDUIT,Conduit
1000'  2500lb mule tape,Exclude
#12 Solid THHN Green (2500' Sp,Wire
THHN 8 STR YEL,Wire
"[PVC] 1"", Schedule 80, 10' St",Conduit
"EMT 1 1/2"" CONDUIT",Conduit
"8/2 w/Ground, MC, Aluminum Arm",Wire
Rust Tough Acrylic Alkyd Ename,Exclude
"[XHHW Wire] Yellow, 350 MCM AW",Wire
"3/4""  FLEX AL",Conduit
1/4'' Spring Nuts,Exclude
4x4x10' Treated Posts,Exclude
THHN #4/0 White CU,Wire
Lockable Hasp,Exclude
1-1/2 EMT QT 1-1/4,Conduit
3/0 CU RED THWN,Wire
1/2 ent conduit Blue,Conduit
"Rigid Conduit, 1-1/2"", Galvan",Conduit
"3/4"" EMT Conduit",Conduit
"1"" GRC Minni's",Conduit
4 inch pvc,Conduit
"[PVC] 1"", Schedule 40, 20' Sti",Conduit
3 IN. PVC LR,Conduit
"PVC Conduit, 3/4"", 20', Sched",Conduit
1-1/4-STEEL THINWALL CONDUIT,Conduit
"3"" STL FLEX",Conduit
LEVITON 1 GANG WHITE PLASTIC W,Exclude
1/2” none metalic flex carlon ,Conduit
"3/4"" PVC SCHED 40",Conduit
4 Pair 23 AWG CMP CAT6 - White,Wire
BOX PR 4SQ 2G 1/2D PLS RING,Exclude
big blue wire nuts,Exclude
#10 RED Wire THHN STRANDED,Wire
"1"" PVC COuplings",Exclude
"6 AWG XHHW Stranded Copper, Gr",Wire
8 X 1/2” Wafer Head Sharp Poi,Exclude
"1/4"" x 1"" stainless steel wash",Exclude
"CANTEX® 5121060 Conduit Elbow,",Exclude
3/4 seal tight,Exclude
"Appleton 4CL 4"" Ceiling Pan, ",Exclude
"[1 Gang Bell Box] with 5 1/2""",Exclude
"1/4"" Fender Washer 100/PK",Exclude
"[EMT] 4"" Conduit Rigid Galvani",Conduit
#8 thhn blue,Wire
cut 35' #2 thhn thwn wire red,Wire
#8 STR THHN Black (1000' Spool,Wire
#2 AWG XHHW Aluminum Black,Wire
EMT 125 1-1/4X10FT-EMT,Conduit
#4x20 rebar,Exclude
"50' - 2"" PVC Sch 40",Conduit
green tape,Exclude
4/0 bare CU,Wire
# 6  AWG CU THWN White Provid,Wire
"3/4"" sch. 40 PVC",Conduit
810' 500 MCM XHHW Alu Wire Red,Wire
#12 Wire,Wire
"[EMT Elbow] 1 1/4"" Dia, 15° B",Exclude
FEND WASH 1-1/4,Exclude
COP THHN6STRGRN-CUT THHN-6-STR,Wire
"4SQ BOX 4"" 2 1/8 DEEP 1/2"" KO'",Exclude
12/2 MC,Wire
1in pvc pipe,Conduit
Milwaukee Retractable Starter ,Exclude
#10 THHN SOL Cu BLACK,Wire
3Phase 2/0-2/0-2/0-2/0-4 AL MC,Exclude
3/4IN STEEL FLEX UL COND 100F,Conduit
Thomas & Betts XJG38-EMT 1 EM,Conduit
Unistrut 4 Hole L Brackets,Exclude
1-1/4 Pvc Scd 40,Conduit
1/0 mc wire,Wire
"4"" metal rigid coupling",Exclude
2x3 labels - 2 lines,Exclude
THHN-12-SOL-BLU-CU-500S/R,Wire
COP THHN12SOLRED2500RL THHN-12,Wire
"1"" Elbow 90 Degree - PVC 40 Pl",Exclude
RACO 809 C RS COVERS,Exclude
"1"" PVC SCH 40",Conduit
"[THHN Wire] Yellow, 12 AWG, Co",Wire
"master bundle 1"" emt conduit",Conduit
"1-1/2"" EMT Pipe",Conduit
# 1 awg Aluminum XHHW ,Wire
"3/4"" PVC CONNECTORS",Exclude
1 1/2 IN PVC End Cap,Exclude
"1"" plastic bushings screw on",Exclude
1/2 carlon none metalick flex ,Conduit
1-1/2” Pvc Schl 40,Conduit
SCH 80- 1 IN PVC,Conduit
WALLPLATE 2-G 2 BOX MT BLANK W,Exclude
"1 1/4"" Fender Washer",Exclude
#6 AWG XHHW ALUMINUM GREEN,Wire
"4"" Emt",Conduit
#1 AL XHHW,Wire
"3/4"" PVC  Schedule  40",Conduit
BRS 3/4 HUB,Exclude
"NM-B Staple 1/2"" Wide 1"" Long",Exclude
"3/4""  PVC SCH 40 (20' LENGTHS)",Conduit
"4"" pvc sch 40 conduit",Conduit
AI 8417  3IN MULTI RANGE MC CO,Exclude
2” Schedule 40 Pvc,Conduit
"2"" PVC Conduit, 10', Schedule ",Conduit
"4"" Square 1-1/2"" Deep Combo  K",Exclude
12-3 ROMEX,Wire
"3/4"" EMT Pipe",Conduit
1” red emt,Conduit
sds + mason bit 1” x18”,Exclude
"[THHN Wire] Red, 350 MCM, Alum",Wire
300' 350 MCM XHHW Alu Wire Bla,Wire
1/2” emt conduit,Conduit
"3"" Conduit -Site  PVC Sch 80",Conduit
20Amp 3-Way Switch Decora Whit,Exclude
"3/4"" Acorn Clamp",Exclude
"3"" Plastic Snap On Bushings",Exclude
14 AWG THHN/THWN-2 Stranded Co,Wire
"3/4"" EMT CONDUIT",Conduit
"[Conduit Locknut] 3 1/2"", Stee",Exclude
8/3 PVC coated MC,Conduit
THHN 3 STR BRN,Wire
"[THHN Wire] Yellow, 10 AWG, Co",Wire
"1900 Boxes 2&1/8"" Deep with 1""",Exclude
KYL 012021  1INX750FT ENT UL K,Conduit
"3"" greenfield flex",Conduit
"Round Cover, Blank, Non-Metall",Exclude
#12 STR THHN Black (500' Spool,Wire
cord connect  model CC-1,Exclude
"TOPAZ ELECTRIC 2108 3"" EMT & R",Conduit
"3"" CONDUIT SEAL OFFS",Conduit
"1/2 "" EMT",Conduit
"[NEMA 1 Gutter Ends] 8"" x 8""",Exclude
COP THHN8STRGRN-CUT THHN-8-STR,Wire
10-3 NMBG X 1000 SOUTHWIRE,Wire
"EMT 1.25"" CONDUIT",Conduit
#10 Green solid wire THHN,Wire
"3/4"" EMT one hole",Exclude
BLUE CODING TAPE,Exclude
#10 AWG ORANGE CU WIRE (2500' ,Wire
TH SERIES HANGER 1-1/4 IN EMT ,Exclude
"IMC Conduit, 3"", Galvanized St",Conduit
20' #3 Stranded Green Wire THH,Wire
ALW XHHW4STRGRN-CUT ALW XHHW4S,Wire
NM-B - 12/2 Solid Copper Yell,Wire
SW7197LB Flexible bail cable,Wire
"3/4"" threaded LB metal conduit",Conduit
"1/2"" snap in plastic romex con",Wire
"6"" x 6"" x4"" Deep PVC Gasketed ",Conduit
12 solid thhn cu black 1000' r,Wire
"Liquidtight Connector, Straigh",Exclude
"3/4"" smurf gray 1000' reels",Conduit
600 MCM XHHW-2 AL (RED),Wire
18-4 thhn none shielded  Low v,Wire
"Feet 10/3 NM Romex (1,000' Spo",Wire
Strut,Exclude
"PVC 3"" SCH 40 CONDUIT",Conduit
L -Strut Brakets,Exclude
SOUTHWIRE 4 IN. W X1/2 IN. STE,Wire
THHN-12-BLK-SOL-CU-2500S/R,Wire
# 2  AWG AL BLUE THWN or XXHW.,Wire
4” PVC LB /Rubber Gasket,Conduit
12-2 NC CABLE  120V COLORS,Wire
"Octagon box to 1/2"" rigid pend",Exclude
PIPE FRT,Conduit
"4"" Sq Box 1 1/2"" deep ",Exclude
8/2 UF/ NMC Cable,Wire
"3/4"" CARFLEX",Conduit
"3/8"" x 1 1/4"" fender washer",Exclude
16/2 stranded moisture resista,Wire
COP THHN10SOLBLK2500RL THHN-10,Wire
"4"" EMT 15 DEGREE ELBOW",Exclude
"2"" carflex",Conduit
"Hubbell-Raco 189 4"" Square Box",Exclude
"3"" x 10'  PVC ",Conduit
Two Gang T-11 - Three Hole - 3,Exclude
"2-1/2"" PVC",Conduit
1 1/4”Pvc Conduit,Conduit
"3/4"" x 10' Sticks of GRC ",Conduit
1/2 x 1 chase nipple,Exclude
Single gang bell box 3-hole 3/,Exclude
Arlington FLBC4560DBL Arlingto,Exclude
1/2” steel flex,Conduit
"[EMT] 3 1/2"", 10' Sticks",Conduit
#4 THHN CU (BLUE),Wire
#12 solid White THHN 500' reel,Wire
"Blue ENT, 1/2"", 200' Coil",Exclude
3/0 SER Cable 3C+G Alu,Wire
(3) 4/0 With (1) #4 Ground,Wire
#6 THWN CU GREEN,Wire
"[PVC] 5"", Schedule 40, 10' St",Conduit
malox,Exclude
poured in place inserts 3/8”,Exclude
1 1/2 EMT 30's,Conduit
3 gang white finish plate togg,Exclude
raised metal 4 sq. cover 5/8 d,Exclude
#12 THHN solid green,Wire
12/3 romex,Wire
"6/32 x 2"" Phillips head machin",Exclude
2/O XHHW AL Wire,Wire
EGS RB-4 NEER 1X3/4 REDUCING B,Exclude
1” Pvc Couplings,Exclude
"1/4"" Strut Cone Nut",Exclude
Bottles of Nolox,Exclude
12 thhn solid black,Wire
#10 THHN Green solid 2500' spo,Wire
350 Aluminum XHHW,Wire
"2"" Rigid conduit",Conduit
4/0 XHHW Alum black (wire cut ,Wire
#8 Copper Wire - GREEN,Wire
"3"" Conduit - Site PVC 40",Conduit
760' 250 MCM Alu XHHW Wire (Bl,Wire
"3/4"" CONDUIT HANGER STRAP (MIN",Exclude
"10"" grounding pigtails 12 AWG",Exclude
4” PVC LB,Conduit
"3/8""X1-1/4"" FENDER WASHERS",Exclude
LOAD CENTER QO FILLER PLATE,Exclude
1 1/4 LBE PVC,Conduit
"1"" PVC",Conduit
10/3 NM-B ROMEX (1000' SPOOLS),Wire
#12 THHN Blue Stranded 2500' r,Wire
thhn-12-str-grn-500s,Wire
"1 1/4"" PVC Conduit (10 FT stic",Conduit
PANDUIT SR-750-1Y Splicer/Redu,Exclude
#10 THHN Green,Wire
CADWELD 150PLUSF20,Exclude
[Carflex NonMetallic Liquidtig,Conduit
"4"" Schedule 40 PVC",Conduit
12/2 Mc,Wire
3” carflex,Conduit
Ilsco ACO-4/0 Al Cmp 4/0 T Ul ,Wire
"4"" metallic flex",Conduit
#2 Alum XHHW,Wire
"1 1/2"" EMT PIPE",Conduit
"4"" PVC MA",Conduit
"12-2 MC CABLE BROWN, GREY, GRE",Wire
"EMT Conduit, 1-1/2"", Galvaniz",Conduit
# 10  AWG CU THWN Green with ,Wire
"3/4"" EMT Couplings",Exclude
"1/2"" blue ENT",Conduit
1/0 AWG SER single Phase (1000,Wire
"3"" flexible metal conduit",Conduit
EMT100,Conduit
Blue Tape,Exclude
350 Wire XHHW-2 / RW90 - Alum,Wire
ELECTRICAL UNDERGROUND ENCLOSU,Exclude
"[XHHW Wire] Blue, 10 AWG, Copp",Wire
"2"" ""bang on bushing""",Exclude
10-3 SO cord,Exclude
"3/4"" Smurf Conduit",Conduit
"PVC Elbow 4"", Schedule 40, 90D",Exclude
"1/2"" Mule Tape, 1250lb, 5000 ",Exclude
1” steel flex,Conduit
"1 1/4"" rise plaster ring (4"" s",Exclude
"[PVC] 4"", Schedule 40, 10' Sti",Conduit
"3"" EMT Conduit",Conduit
NA/7210602/G30346S/55904/07888,Wire
"4"" Sch 40 PVC",Conduit
# 10 awg  THHN Solid Blue,Wire
THHN No. 10 White Copper,Wire
"9"" sawzall blades metal",Exclude
#4awg XHHW AL WIRE,Wire
4S DEEP,Exclude
raco 260 boxes,Exclude
concrete mix 80 pounds,Exclude
14/2 MC,Wire
"PVC Glue - 1-Quart, Brush Top",Exclude
2' EMT ,Conduit
10-32 Green Ground Screws,Exclude
500 MCM XHHW AL,Wire
"1 1/2"" GRC COUPLING PVC Coated",Exclude
074 XHHW-2-AL-2/0-STR-BLK-CUT,Wire
THHN 2 SOL,Wire
"4 X 2 1/8"" ROUND PLASTIC NAIL ",Exclude
"167 P1119AS EG RS COND CLMP 3""",Exclude
"1/2"" FLEX CONDUIT",Conduit
Neptco 10722 Polyester MuleTa,Exclude
#4 Green THHN solid Cu,Wire
"[THHN Wire] Green, 6 AWG, Alum",Wire
"Single-Pole Toggle Switch, 15A",Exclude
3 x 330' 4/0 thhn copper wire,Wire
PVC 07520 3/4-PVC-SCHED-40-20F,Conduit
3-STEEL THINWALL CONDUIT,Conduit
12/3 Copper MC Cable,Wire
1/2” carflex,Conduit
"1/4 20 x 3/4""",Exclude
two gang bell box in use cover,Exclude
"[THWN/2 Wire] Green, 10 AWG, C",Wire
12/4-(2 hots-2 tracer neutral-,Wire
"Reducing Bushing, Threaded, 3/",Exclude
SAWZALL BLADES BI METALL 9” Wo,Exclude
"ground rod, 10 mil thickness,",Exclude
12/2 CU MC Cable Solid,Wire
18/2 T-stat cable spool,Wire
"Master bundle of 1"" EMT",Conduit
2” Sleeves,Exclude
"3/4"" smurf gray",Conduit
#8 copper thhn Red (275'),Wire
12 THHN/THWN red ,Wire
COUP - BATTERIES,Exclude
"18""x18""x6"" jbox",Exclude
160'of 4/0 CU THHN X4,Wire
1/2 BLACK BUTTONS,Exclude
4/0 thhn orange cu,Wire
4/0-4/0-4/0-2 Aluminum MC,Wire
"8-32 x 1"" Steel Round Head Mac",Exclude
"3/4"" Steel Thinwall Conduit (",Conduit
Ipex 089145 ent support,Exclude
#10 Red THHN Copper Solid - 25,Wire
COP THHN4STRBLU500RL THHN-4-BL,Wire
1/4x1-1/4 tapcons,Exclude
CJ6 010308,Exclude
1 1/2'' Seal Tight Flex,Conduit
#4 THHN CU SOLID BARE,Wire
2/0 Cu THHN Blue,Wire
"2"" PVC TA",Conduit
"1 1/4""  PVC SCH 40",Conduit
2500ft roll #12 THHN Blue,Wire
"4"" Conduit -Site  PVC 40",Conduit
4 x 4 adjustable mudrings,Exclude
Roll Brown Phase Tape,Exclude
"2G 1"" 7H WP Box Mtl",Exclude
"1-1/4"" PVC SCH 40 PVC",Conduit
"2"" ENT",Conduit
250 mcm  XHHW Aluminum ,Wire
950' 400 MCM Alu XHHW Wire (Bl,Wire
1/2 inch PVC,Conduit
3” Aluminum Rigid Conduit,Conduit
"4"" PVC F/A",Conduit
"3/4"" steel flex",Conduit
PVC COND 2,Conduit
8/2 MC copper,Wire
8/2 MC (1000' REELS),Wire
WIC MCA 10/3 SOL 250C,Exclude
THHN 3  STR GRN,Wire
2''  EMT UNSTRUT STRAPS,Exclude
#1 AWG THHN WHITE ALUMINUM WIR,Wire
3/4” pvc,Conduit
3/4” sch   pvc,Conduit
Dry Erase Markers,Exclude
"1"" LiquidTight Conduit",Conduit
6/3 Mc cable,Wire
TP252 cut in box,Exclude
"3/4"" pvc LBs",Conduit
1/2 carflex,Conduit
"2-1/2"" EMT COMP CONN STL",Exclude
"3/4"" PVC F/A",Conduit
"[PVC] 4"", Schedule 40, 20' St",Conduit
5 hole 3/4” bell box,Exclude
3/4 emt mineralac,Conduit
"2 1/2"" EMT Conduit",Conduit
"1 1/4"" seal tight straight con",Exclude
EMT 050 1/2X10FT-EMT,Conduit
"3/4"" EMT Or 3/4"" Rigid/RMC, Co",Conduit
4x4 deep boxes,Exclude
"1"" ENT , Gray tube",Conduit
1000ft roll #8 THHN Orange,Wire
3/4 in. x 10 ft. Electric Meta,Exclude
400 XHHW-2 Stranded Aluminum B,Wire
hilti GC 22  FUEL CELL,Exclude
3/4 FORM7 SHT STL COV W/ MOLDE,Exclude
#12 THHN CU RED,Wire
#8 copper thhn Black (275'),Wire
"[THHN Wire] Green, 3/0 AWG, C",Wire
CM-BMA-6,Exclude
#1 xhhw al black,Wire
"2"" PVC Elbows 90 Standard",Exclude
Pass & Seymour TV3W-W Recesse,Exclude
"1"" PVC Male Adapter with Lockn",Exclude
MILWAUKEE 48-73-4014 VALVED RE,Exclude
"1"" FMC FLEX",Conduit
#10 THHN Blue,Wire
FLETC TACTICAL - 2373185,Exclude
"1"" PVC @ 200'",Conduit
#4 romex 4 wire with ground,Wire
6”x 6” X 4” Metal enclosure i,Exclude
#12 black thhn,Wire
3/4- STEEL THINWALL CONDUIT,Conduit
3” EMT,Conduit
1/0 aluminum xhhw,Wire
# 2  AWG CU THWN Green with y,Wire
1000' #6 ground cable green al,Wire
"1/2"" flex",Conduit
"3"" EMT 22",Conduit
#8 THHN GREEN COPPER WIRE,Wire
4S S1 RS COVERS,Exclude
#2 XHHW Aluminum Green,Wire
3/4 compression connectors,Exclude
#10 THHN GRAY,Wire
"[XHHW Wire] Blue, 350 MCM AWG,",Wire
#6 Green THHN Wire,Wire
3/4'' green field St Flex Con,Conduit
"3 1/2"" pvc connector",Exclude
feet #12 green thhn thwn wire,Wire
#12 Thhn  Green stranded,Wire
#12/4C W/GROUND SOLID CABLE MC,Wire
2 RIGID CONDUIT COUPLING,Exclude
"3"" EMT CONDUIT",Conduit
1 1/2” seal 90 degree connecto,Exclude
1 1/2 EMT SS COUPLING,Exclude
NO-THRD CONN 2,Exclude
"3"" EMT Conduit, 10'",Conduit
caulk gun for 2 part epoxy,Exclude
2500 spools of  # 8 awg Blue T,Wire
"2 1/2"" EMT STEEL CMPRESSION C",Conduit
GREEN  # 12 awg THHN ( 500 FOO,Wire
"3"" Schedule 40 PVC",Conduit
1/2” emt,Conduit
3/4'' PVC Conduit,Conduit
2'' EMT CONDUIT,Conduit
"PVC Conduit, 4"", 20', Schedule",Conduit
1/2 STL FLEX REDC WALL UL 100,Conduit
233 4-30D-EMT-ELL,Conduit
10/4 Romex,Wire
# 4 Bare Solid Copper,Exclude
1/0 al xhhw,Wire
"3/4"" EMT Conduit, 10'",Conduit
#2 AL Wire,Wire
CARLON A863CF BOXES,Exclude
Rust-Oleum Professional15 oz. ,Exclude
"3/4"" metallic flexible conduit",Conduit
"1"" PVC SCHEDULE 40",Conduit
"[ENT] 1 1/4"", 50'",Conduit
CES38FHNUSSZJ,Exclude
Calbrite S6072DPLTS 1G SS Dupl,Exclude
"[THHN Wire] Green, 4 AWG, Copp",Wire
Paint roller,Exclude
Hampton Bay Photocell to add D,Exclude
3/16 sds bit,Exclude
A 5-3/4 in. Black Door Pu,Exclude
"Link Seals 4"" PVC EATON LSA30",Conduit
24 packs of bottled water,Exclude
COP THHN10STRWHT500RL THHN-10-,Wire
2-1/2”       Schl 40   pvc  Co,Conduit
"[Cable Tie] 12"", Black, Plenum",Exclude
THHN-300-STR-YEL-CU,Wire
"EMT CONDUIT, 3/4"", GALVANIZED ",Conduit
#12 Red THHN solid copper 500 ,Wire
"EMT 2 1/2"" CONDUIT",Conduit
carflex 3/4,Conduit
"3/4"" PVC pulling L",Conduit
"3"" emt compression connectors",Exclude
"1 ""  PVC SCH 40 (20' Sticks)",Conduit
4 11/16 blank covers,Exclude
"10' rigid conduit 3""",Conduit
"5"" PVC Conduit, 10', Schedule ",Conduit
"1/2"" NM Cable Connector, Push-",Exclude
Arlington BE1-5 Box Extender,Exclude
"2/0 - THHN, CU, STR - BLK,RED,",Wire
EMT COND 3/4,Conduit
250 MCM THHN/THWN-2 STRANDED,Wire
# 12 thhn green solid (2500' r,Wire
1/2-STEEL THINWALL CONDUIT,Conduit
12/2 With Ground MC Cable,Wire
"2"" PVC MA",Conduit
"SDS 3/16"" masonry drill bit (5",Exclude
MC-CABLE-12/3-277V,Wire
1 1/2'' EMT Conduits,Conduit
3M UTILITY DUCT TAPE 1.88 X 50,Exclude
500mcm Copper THHN,Wire
#6 AL XHHW,Wire
Calbrite S61000MH00 Conduit H,Conduit
1 1/2 pvc pipe,Conduit
250' coils 12/2 aluminum MC ca,Wire
"[THHN Wire] Red, 10 AWG, Coppe",Wire
"1"" PVC Sch.40 Conduit 10' Pipe",Conduit
2” EMT,Conduit
bridgeport 280SP,Exclude
cut 30' 2/0 thhnthwn wire whit,Wire
"2.5"" PVC Coated GRC",Conduit
"4"" EMT 100'",Conduit
Red Dot IH3-1-LM 1/2INCH D-T D,Exclude
600 Xhhw,Wire
"10' Stick 1-1/2"" PVC Sch 40 (T",Conduit
"3"" PVC Coupling",Exclude
#12 GREEN THHN CU,Wire
2 Inch Myers Hubs,Exclude
"[THHN Wire] Yellow, 14 AWG, Co",Wire
#3/0 3wire with ground CU mc ,Wire
"2"" Conduit - ENT Orange - Rise",Conduit
14/3 CU MC Cable Solid,Wire
STL FLEX 2-1/2,Conduit
12/2 Aluminum Armored Cable Co,Wire
Black #10 str,Wire
"3/8"" Nut",Exclude
"3"" pvc LB",Conduit
2” carflex,Conduit
3/4 PVC LB,Conduit
4/0 to 3/4” groundrod through ,Wire
4” PVC 48” Sweep 90’s,Exclude
2'' Seal Tight Flex,Conduit
"2 1/2""steel flex greenfield co",Conduit
#14 stranded Black thhn 500 Ft,Wire
Arlington FLBC5500 Pvc Round F,Conduit
"1 1/2"" SCH 40 PVC",Conduit
"1"" Smurf",Conduit
Luminary MC 12/2 brown/gray 1,Wire
PLS BUSH 1-1/2,Exclude
14 AWG THHN STRANDED YELLOW,Wire
#6 AWG Green,Wire
330' #4 thhn copper wire - gre,Wire
# 4 green thhn cu,Wire
12/2 UF/NMC Copper Grey,Wire
"3/4"" Metallic Flex ( Greenfiel",Conduit
"3/4"" INSULATED GROUNDING BUSHI",Exclude
"1/2"" IMC CONDUIT",Conduit
#12 Awg THHN GREEN copper Soli,Wire
14/2 MC Cable FPLP,Wire
COP THHN10SOLBLK500RL THHN-10-,Wire
IPEX INC IS3545,Exclude
6IN PVC FEMALE ADAPTERS,Exclude
1” pvc schedule 40,Conduit
#8AWG THHN CU Stranded Black,Wire
"Drop-In Anchor, Anchor Size 3/",Exclude
4SQ DEEP BOXES 3/4” KOS,Exclude
"1"" PVC FEMALE ADAPTERS",Exclude
Wire 16/2 Sol Unshield. FPLR R,Wire
"4"" Rigid Metal Conduit",Conduit
2” Ridgid Conduit,Conduit
"3/4"" schedule 40 pvc",Conduit
"3/4"" PVC Shed 40",Conduit
"Service Entrance Cable, SE-R, ",Wire
#10 Red THHN CU,Wire
"3/4"" emt mini straps",Exclude
"[THHN Wire] Brown, 4 AWG, Copp",Wire
"1 1/2"" rigid conduit",Conduit
roof boots,Exclude
2 Inch Greenfield Flex Steel,Conduit
FLEX ALUM 1/2 CUT REEL CONDUIT,Conduit
Cat6 Unshielded Twisted Pair ,Wire
#6 Green THWN Stranded Wire,Wire
"1/2"" 90 degree flex conn",Exclude
3/4 IN. LB PVC,Conduit
#2 Blue copper Thhn,Wire
"1 1/2"" flex  (greenfield)",Conduit
"3/4"" UNI STRUT STRAPS",Exclude
#2 copper THHN wire Brown,Wire
#6 THHN WIRE ORANGE,Wire
Caweld Cable CLEANER T313,Wire
#4 black thhn cu,Wire
"1-1/4"" PVC Conduit, 10, Schedu",Conduit
AP484848M15HBL,Exclude
(115PLUSF20) cadweld shots,Exclude
"1-1/4"" NON-UL FLEX L/T MET CON",Conduit
"1"" PVC Pipe",Conduit
CANTEX 1 IN. 90 DEGREE BELL-EN,Exclude
"2"" SEAL TIGHT FLEX",Conduit
6/2 RMX 1000,Exclude
1 1/2 NPT IRON C FORM 7 CNDT B,Conduit
"[XHHW Wire] Red, 350 MCM AWG, ",Wire
1 AWG XHHW-2 Stranded Aluminu,Wire
PVC COUP 2,Exclude
"1"" Ground Choke Fitting HUB100",Exclude
2 inch pvc schedule 80,Conduit
"3/4"" PVC MA's",Conduit
"[EMT] 3"", 10' Sticks",Conduit
"EMT CONDUIT, 1/2"", GALVANIZED ",Conduit
12-2 mc cable (blk wht grn),Wire
BOENHeavy Duty Blue Poly Tarp ,Exclude
15 AMP TOGGLE SW WHT,Exclude
"Carlon E942E 3/4"" Female Term",Exclude
1 1/4 SEALTIGHT FLEX,Conduit
1 ½” emt ,Conduit
1' PVC CONDUIT SCHEDULE 40,Conduit
HALEX 3/8 IN. FLEXIBLE METAL C,Conduit
ELECTRICAL BOX BRACKET TO STUD,Exclude
Dottie FENW141 Flat Washer,Exclude
"3,400' 2-1/2"" EMT 10' Sections",Conduit
single gang drywall bracket (M,Exclude
1000ft roll #8 THHN Brown,Wire
"12""x12""x6ft wireway/trough NEM",Exclude
F-Clips for cut in boxes,Exclude
#300 XHHW Aluminum B/R/BLU/W,Wire
"4-11/16"" Blank Plate",Exclude
12/2 MC CABLE (1000' REELS),Wire
3” RIGID Threaded CAP,Exclude
"4"" PVC 90's Sweeps 36""",Exclude
Blue wire nuts 22-14 AWG,Exclude
THHN No. 12 Solid White,Wire
"3/4"" PVC SCHEDULE 40",Conduit
"8"" x 8"" x 4"" PVC JUNCTION BOX",Exclude
"2"" PVC Conduit, 10', Schedule",Conduit
2-1/2 INCH LOCKNUT MADE IN USA,Exclude
2/0 AL MC cable black red whit,Wire
6/3C Non-Metallic Cable NM-B ,Wire
thhn 10 stranded black,Wire
"1"" RIGID Conduit",Conduit
"10-2 Mc brwn,gry,grn",Exclude
ELB EMT3002212 3-IN-22-1/2DEG-,Conduit
"3/4"" emt coduit",Conduit
"2"" PVC Pipe",Conduit
3” Locknuts,Exclude
C&I C-88-EC NEMA1 End Cap,Exclude
"1 1/4"" pvc sch 40",Conduit
"[Fire Alarm Cable] 14/2, Unshi",Wire
500 MCM XHHW-2 AL (BLACK),Wire
CANS BLUE MARKING PAINT,Exclude
Dewalt mini drop-in anchor ( 3,Exclude
LITTELFUSE FLNR175,Exclude
"EMT Conduit, 1"", Steel, 10'",Conduit
3/4”Smurf,Conduit
#12 thhn stranded red,Wire
4 sq blank cover,Exclude
#10 AWG THHN STRANDED BLACK WI,Wire
#10 GREEN THHN - 2500' SPOOLS,Wire
250 KCMIL Alum XHHW,Wire
"3/4"" pvc pipe 10' sticks",Conduit
"10' Sticks 2-1/2"" PVC Sch 40 (",Conduit
"1-1/4"" PVC Conduit, 20', Sched",Conduit
#12 yellow thhn,Wire
21015-257 NIP=FLEX,Conduit
"2"" EMT Conduit, 10'",Conduit
COP THHN1STRYEL-CUT MASTER CUT,Wire
small bottle of Teflon paste (,Exclude
"[THHN Wire] Yellow, 1/0 AWG, C",Wire
"1 1/2"" EMT Set Screw Connector",Exclude
"[EMT Strap] 4"", Mini, 2 Hole",Exclude
"1"" lock nuts",Exclude
"3"" car flex",Conduit
"2"" PVC Conduit, 10', Schedule ",Conduit
PVC Floor Box HUBBELL  RF 400,Exclude
"3/4""x10' GRC",Conduit
#6 AWG Green alum,Wire
Blue marking paint,Exclude
MILW 48-20-7514 BIT SDS 3/16 ,Exclude
"[MC] 10-2C w/ GND, Yellow/Gree",Exclude
1/0 THHN Copper Stranded,Wire
"[THWN/2 Wire] Red, 14 AWG, Cop",Wire
#500 XHHW Aluminum B/R/BLU/W,Wire
1 1/2 Minerallac Straps,Exclude
Phenolic Label,Exclude
"3/8"" Hex Nut",Exclude
# 10 Thhn white,Wire
14 THHN RED STRANDED 2500 SPO,Wire
"7/8"" Shallow strut",Exclude
"5/8"" x 8' Copper Ground Rods ",Exclude
1/2 nuts,Exclude
FLEX 1,Conduit
"3"" PVC MA",Conduit
PVC 125 1-1/4-PVC-SCHED-40-CON,Conduit
"3/4"" non metalic flex 1000' re",Conduit
2500ft roll #10 THHN Black,Wire
CES12FHNUSSZJ,Exclude
THHN-12-RED-SOL-CU-2500S/R,Wire
12-2 romex 1000' spool,Wire
"1/2"" EMT (1-hole strap)",Exclude
4 SQ OUTLET BOX 2 1/8 DP1 KO W,Exclude
#8 copper thhn,Wire
"1/2"" 90 STL FLEX CONN",Exclude
"Ideal 30-451 Wire Connector, ",Exclude
Z6F Fast+Simple Compression F ,Exclude
1/0 AWG RED AL THWN or XXHW. P,Wire
"5"" PVC SCH 40",Conduit
3/4” GRC,Conduit
2500' Roll #10 Orange THHN Wi,Wire
"Rigid Conduit, 1/2"", Galvanize",Conduit
"1 1/4"" PVC PIPE",Conduit
"[THWN/2 Wire] Brown, 14 AWG, C",Wire
"PVC 2"" SCH 40 CONDUIT",Conduit
3/4” Emt Conduit,Conduit
4'' PVC PIPE TRANSFER FROM ACE,Conduit
2/0 thhn gray cu,Wire
THHN 10 SOL BRN 006421 229940,Wire
FEET #12 THHN BLUE,Wire
PVC 100P 1IN SCH40 PVC PIPE,Conduit
ideal orange wirenuts,Exclude
14/2 FPLP UNS BLUE (SPEAKER),Wire
3/8” toggle bolts 3”,Exclude
20' of 4'' Seal Tight Flex,Conduit
#12 green thhn,Wire
"2"" to 1-1/4"" Reducing bushing",Exclude
"Arlington 846 MC/AC Connector,",Exclude
"1/2"" metal flex",Conduit
#4 THHN CU (BLACK),Wire
#6 THHN WHITE COPPER WIRE,Wire
BUYING BRANCH FEDEX,Exclude
"2"" x 10' pvc  ",Conduit
945' 400 MCM XHHW Alu Wire Bla,Wire
14/2 FPLP BLACK,Wire
6-2 MC Cable,Wire
233A 3-30D-EMT-ELL STD RAD,Conduit
"2 1/2"" Flex str connectors",Exclude
Cable Staples-cat Number-0345,Exclude
12awg stranded copper wire gre,Wire
"3"" bushings screw on plastic",Exclude
"100' Total 1-1/2"" PVC SCH 40",Conduit
1” Smurf,Conduit
2' EMT conduit,Conduit
STRONGHOLD CABLE TIE 11.81L (3,Exclude
"3/4"" Compression connectors",Exclude
1 750R ENT UL BL KWIKON RL PCO,Conduit
1-1/4” Emt Conduit,Conduit
"2-1/2"" PVC SCHEDULE 40",Conduit
"4""liquidtight flexable metal ",Conduit
Rolls of Tie Wire,Exclude
Appleton STSR100 1 In Wire Mes,Wire
"1"" pvc conduit",Conduit
14/2 romex 1000' reels,Wire
2 1/2 “ Pvc,Conduit
3/8 mc conn,Exclude
"1"" EMT conduit",Conduit
#350THHNORG,Wire
"PVC 1 1/2"" SCH 40 COUNDUIT",Conduit
"25 total - 1/4"" by 1-1/2"" Tapc",Exclude
4s duplex RS cover,Exclude
Duct Tap,Exclude
12”x 12”x 48” Wire gutter sol,Wire
4/0 THHN WHITE WIRE,Wire
# 10 awg THHN Red Solid ,Wire
2 hole strut L brackets,Exclude
3/0 ALUM. BLACK THWN OR XHHW P,Wire
"18/3 CU LV Wire, White, 1000' ",Wire
"4"" pvc threaded cap",Exclude
1/2 liquidtight conduit non me,Conduit
"[XHHW Wire] Green, 6 AWG, Alum",Wire
1/2-GALV; CONDUIT,Conduit
"[EMT] 1"" Conduit, Gray",Conduit
"12 AWG THHN WHT Solid Copper, ",Wire
Red Danger Tape,Exclude
2” PVC Sch 40,Conduit
"2 1/2"" PVC",Conduit
15A SP CONN,Exclude
1/4IN SPRING NUT HDG,Exclude
#2 AL XHHW,Wire
COP THHN12STRBRN2500RL THHN-12,Wire
3 pole 60s,Exclude
4sq Blank,Exclude
3/0 thhn copper green,Wire
"1 1/4"" emt",Conduit
#6 THHN BLACK COPPER WIRE,Wire
1 “ Male Pvc Adap,Exclude
Caddy512 Ceiling bracket,Exclude
GRC 6,Conduit
12 awg thhn black,Wire
#2 copper THHN wire Gray,Wire
#10 THHN Black stranded,Wire
"16 AWG TFFN, Pink, 500'",Wire
"single gang bell box (w/5-3/4""",Exclude
12/2 wire uf,Wire
"Rigid Conduit, 2"" Diameter, 1",Conduit
017MO01,Exclude
#4 THHN CU BLACK,Wire
METRO TAMPS,Exclude
Black Vinyl Tape (1700),Exclude
#12 THHN Copper Black,Wire
"3/4"" PVC T.A.'S",Conduit
case of 16oz water,Exclude
101 PVC1 SCH40 COND 10',Conduit
#10 thhn stranded  green coppe,Wire
"4"" EMT",Conduit
"disposable paint brushes (2"") ",Exclude
"EMT Conduit, 2"", Galvanized St",Conduit
"4sq 1"" raised double gang p-r",Exclude
2-RIGID CONDUIT,Conduit
"1"" EMT Minni ",Conduit
"400' x 4"" PVC Schedule 40",Conduit
"1 1/4"" 2 screw MC connector",Exclude
"HANDY BOXES W/ 1/2"" KO",Exclude
LT FLEX 2,Conduit
3/4 NM LT FLEX,Conduit
#10 GREEN THHN WIRE,Wire
1-1/2 EMT 45D,Exclude
Hubbell SystemOne Covers S1CFC,Exclude
"1"" Minni's",Exclude
JUNCTION BOX WITH COVER,Exclude
10/3 Copper MC Cable,Wire
1 1/2 RIGID PIPE,Conduit
3-1/2 X 12-GALVANIZED CONDUIT ,Conduit
cut 30' #2 thhn thwn wire blue,Wire
"CPS30 2"" Arlington Concrete Sl",Exclude
1-1/4 SCH40 COUPLING,Exclude
"2 1/2"" RIGID  90 - 36"" SWEEP",Exclude
2 1/2 inch emt 10ft sticks,Conduit
carflex,Conduit
sch 40 pvc 3/4,Conduit
XHHW 1 STR,Wire
SO Cable 10/2,Wire
#2 AWG White ,Wire
"1 1/2"" PVC",Conduit
"1/2"" EMT PIPE",Conduit
4” Pvc Conduit,Conduit
"1"" PVC (20' length)",Conduit
"1"" PVC L.B.",Conduit
"2"" PVC SCHEDULE 40",Conduit
1” EMT RED,Conduit
"4"" GRC Couplings",Exclude
"Appleton 4SD1 4"" Square Box, W",Exclude
"200' 1-1/4"" PVC Sch 40",Conduit
"[EMT Connector] 4"", Set Screw",Exclude
WO3709 AS2 12/4-2/1 ANTI SHRT,Wire
#4 THHN CU BROWN,Wire
2-1/2 Sealtite,Exclude
"Carlon A52171E 4"" ENT side nai",Conduit
2” Pvc Schl 40,Conduit
Romex Staples 1-3/4,Exclude
750 MC XHHW Aluminum,Wire
SOUTHWIRE 4 IN. W X 1/2 IN. D ,Wire
"[THHN Wire] Green, 1/0 AWG, Al",Wire
self-tapper screw hex head 1/2,Exclude
"3/4"" flex st",Conduit
"3/4"" Greenfield Flex",Conduit
EMT CMP CON 1/2,Conduit
Rolls of Red Phasing Tape,Exclude
4” metalic seal-tight 90 conne,Exclude
"PVC 3"" CONDUIT SCH 40 10'",Conduit
LEVITON WHITE 1-GANG TOGGLE WA,Exclude
Thomas & Betts LT150P Liquidt,Exclude
#10 THHN white Strand CU,Wire
insulated polaris tap 3 port- ,Exclude
"1/2""  ridgid pipe",Conduit
1/2 X CLOSE-GALVANIZED CONDUIT,Conduit
CRESTON SENSOR CABLE 3 WIRE 18,Wire
#18 AWG THHN 600 V Rated Black,Wire
"PVC
034P
3/4IN SCH40 PVC PIPE
",Conduit
2-1/2 Rigid Metal Conduit,Conduit
"1.5"" sch 40 pvc 10'",Conduit
#1 copper thhn,Wire
[Metallic Flexible Conduit Co,Conduit
4/0 THHN/THWN-2 STRANDED,Wire
EMT 1-1/4,Conduit
"3/4"" Steel Lock Nuts",Exclude
"two gang bell box (w/3-3/4"" KO",Exclude
1 1/2” Carflex/liquid tight no,Conduit
HEAT SHRINK TUBE 2,Exclude
14 AWG THHN STRANDED RED,Wire
"1"" GRC",Conduit
"3/4"" EMT Red",Conduit
24 x 24 x 6 nema 1 metal j box,Exclude
2 PORT POLARIS FOR #2 WIRE,Wire
"3"" pvc sch 80 10'",Conduit
TEMP STRING LIGHT 100FT 130W 1,Exclude
"Carlon 12008-750 Blue ENT, 1""",Conduit
#12 Wire solid white THHN,Wire
Heat Gun Heavy Duty 1700Watts,Exclude
"2"" Greenfield Flex",Conduit
4/0 BARE COPPER WIRE,Wire
Caddy 781 Anti Rattle Clip,Exclude
Yellow Caution Tape - One Roll,Exclude
#350 AL XHHW,Wire
"1 1/2"" LTFNMC (Car Flex)",Conduit
"10 AWG THHN SOLID COPPER, BROW",Wire
# 10 awg  THHN Solid Red ,Wire
"EMT 1 1/2"" Pipe",Conduit
#10 THHN Solid Yellow,Wire
PIPE STA TO MCA2,Conduit
"PVC 1"" SCH 40 ELBOW 90",Exclude
"2 1/2"" EMT conduit",Conduit
"[PVC] 3"", Schedule 40, 20’Stic",Conduit
3/4 Inch. ENT To 3/4 Inch. EM,Conduit
100' 1'' Rigid conduit,Conduit
"3/4"" PVC conduit",Conduit
#10 thhn solid white,Wire
THHN 10 STR GRY,Wire
10-2 RMX,Exclude
"[THHN Wire] Brown, 350 MCM, Al",Wire
COP RMX122WG1000RL NM-B-12/2-C,Wire
COP THHN14STRORN500RL THHN-14-,Wire
One Galon Pvc Glue ,Exclude
12 solid thhn cu white 1000' r,Wire
Green #8 THHN,Wire
72C1 4-11/16 CVR,Exclude
1in pvc pipe 10' stick,Conduit
"[XHHW Wire] Green, 4 AWG, Alum",Wire
"2"" CONDUIT SEAL OFFS",Conduit
1” Scd 40 Pvc,Conduit
"[Custom Feeder] (4) 6 AWG, THH",Wire
2/0 thhn orange cu,Wire
"1/4"" X 1-1/2"" LAG BOLTS",Exclude
"2"" RIGID Conduit",Conduit
COP THHN12STRYEL2500RL THHN-12,Wire
"1-1/4"" GRC",Conduit
"1"" EMT LR",Conduit
#6 AL Green THHN Wire,Wire
CADDY CAT12BC,Exclude
low voltage cable 4 cond x 16 ,Wire
#6 Red Wire THHN / T90 - Coppe,Wire
VDW CAT6234PUTPCMRBL1000PB CAT,Wire
#300 AL XHHW,Wire
"1 1/2"" EMT Lock Nut",Exclude
4” PVC 90’s  ,Exclude
"3/4"" Metal flexible conduit",Conduit
"2 1/2"" PVC Sch 40",Conduit
"3/0 - THHN, CU, STR - BLK,RED,",Wire
1 1/4 emt,Conduit
#4 THHN/T90 Cu GREEN,Wire
3/8 X 10' STAINLESS STEEL THRE,Exclude
BLACK ELECTRICAL TAPE,Exclude
"3/8"" Bang On ROD HANGER",Exclude
COP THHN14STRBLU500RL THHN-14-,Wire
GALV COUP 1,Exclude
Ideal 31-381 ClearGlide Wire P,Wire
Korky Universal Toilet Flapper,Exclude
#12 Black THWN (Solid) 2500' s,Wire
Metal Zipit,Exclude
"[PVC] 3"", Schedule 80, 10' St",Conduit
Yellow Wire Nut,Exclude
2 1/2 emt,Conduit
1/0 AWG SER Single phase (100,Wire
001MO01 49230 EMT100 1X10',Conduit
tarps 20' x 10',Exclude
"1/2"" compression connector",Exclude
12 thhn green standed,Wire
"[PVC] 6"", Schedule 80, 10' Sti",Conduit
Cat 6 Cable,Wire
"12 AWG THHN Solid Copper, Blue",Wire
"2 1/2"" emt LB",Conduit
"1/2"" emt",Conduit
Rolls of Plastic Store SKU # 9,Exclude
"4"" PVC 90 degree elbows  16"" R",Exclude
WIRENUT WINGED RED 500 BAG,Exclude
"2-1/2"" EMT",Conduit
CONDUIT 3/4-EMT,Conduit
3/4 Inch Seal Tight Metal Stra,Exclude
THHN Solid Wire No. 12 Black,Wire
#12 wire Thhn Thwn green solid,Wire
2IN ALUM METAL FLEX,Conduit
"1 1/2"" EMT minerallac strap (c",Exclude
#10 thhn white,Wire
8/3 RMX,Exclude
12-2 mc cable orn/gry/grn,Wire
#4 Bare Thhn Copper,Wire
"3/4"" GRAY ENT tubing",Conduit
THHN 6 STR,Wire
"1/4""X1-1/4"" Phillips head Tapc",Exclude
"42"" Leviton Wireless Structure",Wire
"1-1/4"" EMT Conduit, 10'",Conduit
#3/0 XHHW AL,Wire
"[ENT] 3/4"", 200'",Conduit
14/2 romex,Wire
#12 SOL BL/W W/ BL STRIPE,Wire
WIC. MCA 6/3 STR MR,Exclude
"1/2"" BLUE ENT",Conduit
ORB 4AR1G-58 1-G 4S ADJUSTABLE,Exclude
036A CME +150' CUT FEE,Exclude
1300' 500 MCM XHHW Alu Wire Wh,Wire
"LINEAR FEET OF 6"" PVC SCHED 40",Exclude
XHHW 6 STR GRN,Wire
mater bundle of 1 5/8'' Unstru,Exclude
1 IN. LB PVC,Conduit
"[SER Cable] Aluminum, 3/0-3/0-",Wire
#1/0 XHHW AL,Wire
"[NM-B Wire] 12/2, Yellow, 1000",Wire
"^MPC25 1/4"" Ko Muti-Purpose Ca",Exclude
"1 1/2"" PVC Conduit Sch 40",Conduit
Putty pad; 7 in. x 7 in. x 3/1,Exclude
"#8  3/4"" long self starting fr",Exclude
"4"" EMT CODUIT 10' LONG",Conduit
"[Wedge Anchor] 1 3/4"" Length,",Exclude
24215-024 OVER QUOTE,Exclude
zipits,Exclude
4/0 copper wire THWN,Wire
250 xhhw  AL  Yellow,Wire
"2"" schedule 40 PVC",Conduit
"[Sawzall Blade] 6"", Metal (5PK",Exclude
# 10 awg Solid Red  THHN,Wire
2” emt,Conduit
1”x3” Rigid Nipple,Exclude
"[PVC] 1 1/2"", Schedule 80, 10'",Conduit
"12 AWG THHN SOLID COPPER, GREE",Wire
"1"" ENT connector",Exclude
"1-1/4"" EMT CONDUIT",Conduit
#4 THHN STR Cu BLACK,Wire
MA ADPTR 2-1/2IN X 2.48IN PVC,Conduit
3/4 flex aluminum,Conduit
"1-1/4"" PVC Conduit, 10', Sched",Conduit
"[GRC/RMC] 2"", 10' Sticks",Conduit
4” schedule 40 pvc,Conduit
SCH 80 3 IN. PVC,Conduit
810' 500 MCM XHHW Alu Wire Bl,Wire
4sq blank cover plates,Exclude
White nylon single gang gfci c,Exclude
3/8 Sammy's,Exclude
#10 thhn red (2500' spool),Wire
32 7/8'' Band saw Blades (3-PK,Exclude
# 4  AWG CU GREEN THWN or XXHW,Wire
"4"" square extension boxes 1/2 ",Exclude
TSGB24 caddy slider bracket,Exclude
10 thwn stranded red,Wire
"SQUEEZE CONNECTOR 2-1/2""",Exclude
Thomas & Betts TC712ART EMT Co,Conduit
3/4 rain tight connectors emt,Exclude
XHHW 400 GRN,Wire
PVC 07580 3/4-PVC-SCHED-80-CON,Conduit
"MASTER BUNDLE 3/4"" EMT CONDUIT",Conduit
18-2 wire (500' spools),Wire
"3"" x 3"" Galvanized Conduit Nip",Conduit
PULL CORD,Exclude
"Cable Tie, Standard, 11.1"" Lo",Exclude
#12 THHN STR WHITE,Wire
500 alum xhhw,Wire
12”x12” x48” nema 1 trough,Exclude
Sleeve of Black Electrical Ta,Exclude
Caddy KX Clips,Exclude
3/0 awg GREEN  aluminum ,Wire
DUCT TAPE ECONOMY 8 MIL,Exclude
"2""X3"" PHENOLIC LABELS",Exclude
"2.5"" schedule 40 pvc",Conduit
1-1/2 EMT,Conduit
"1-1/2"" PVC Female Terminal Ada",Exclude
"2 1/2"" Greenfield Flex",Conduit
"3/4"" PVC M/A",Conduit
TAPE 165 GRAY,Exclude
1/4 in. x 1-3/4 in. Hex-Washer,Exclude
EMT300,Conduit
3/4 pvc female adap,Exclude
"[4 SQ Box] 3 1/2"" Deep, 1/2"" &",Exclude
2” PVC Conduit,Conduit
14 AWG THHN/THWN Stranded Copp,Wire
500' Black #14 THHN Wire Stran,Wire
14STR-1/0 DR LUG,Exclude
Cantex 1 in. 90-Degree Bell-En,Exclude
6X6 NON PAINTED GUTTER END CAP,Exclude
#8 Thhn red copper,Wire
Carlon B618RR Round Old Work B,Exclude
2500' roll #12 awg green thhn,Wire
"1"" to 3/4"" reducing washer",Exclude
2”EMT COMPRESSION STEEL COUPL,Exclude
"1""PVC Couplings",Exclude
2/0-2/0-2/0-1 AL SER Cable (B,Wire
12/2 MC 1000' reels,Wire
2” Locknut,Exclude
"4-1/2"" angle grinder wheel (st",Exclude
"2"" PVC sch. 80",Conduit
3/0 Alum xhhw,Wire
"4"" UNISTRUT STRAPS",Exclude
#12 Blue Solid WIRE,Wire
250 MCM Alu Wire Blue (METER S,Wire
350 Kcmil XHHW AL Colors or Bl,Wire
24” x 24” x 12” Interior Dry L,Exclude
"#8 X 1"" SELF TAPPER PHILLIPS ",Exclude
"1/2"" strut straps universal",Exclude
#12 THHN Green,Wire
Danger Tape Red,Exclude
"2 1/2""  PVC SCH 40 (20' LENGT",Conduit
3 IN EMT Compression Conduit C,Exclude
12/2 MC-CABLE HV BRN/GRY-1000R,Wire
10-3 MC Cable BRN/Orange/GRAY,Wire
3C #10 SJOOW CORD,Wire
300 mcm al,Exclude
"2"" grc compression coupling",Exclude
6IN HDPE TO PVC TRANSITION FI,Conduit
TYNDALL CHAPEL 23004-150  MOD7,Exclude
Charlotte Pipe 2 in. PVC Socke,Conduit
2/0 awg GREEN  Aluminum XHHW ,Wire
"1"" PVC Sch 80",Conduit
1/4 - 20 x 1 bolts,Exclude
Large Hole saw Arber,Exclude
TYNDALL FLIGHT 22014-320,Exclude
1” Pvc Schl 40,Conduit
PVC Transport CES,Conduit
4/0 Bare Copper,Wire
STREMT 75 EMT TO LT FLEX,Conduit
"3/4"" emt pipe",Conduit
350 Kcmil ORANGE AL THWN or XX,Wire
"#4 THHN, Black",Wire
ARL SB130,Exclude
"[XHHW Wire] Black, 500 MCM AWG",Wire
1 1/4'' EMT Compression Coupl,Exclude
#12 black solid,Wire
2'' PVC CONDUITS,Conduit
3/4' to 1/2' reducing washers,Exclude
8x 500' rolls #12 thhn solid w,Wire
2 gang nail on Range box with ,Exclude
Feet of #10 THHN CU Solid (Whi,Wire
thhn-12-str-blk-500s,Wire
 3/4 ENT,Conduit
"6""x6""x48"" NEMA 1 WIREWAY WITH ",Exclude
160' 350 MCM Alu XHHW Wire (Bl,Wire
"3/4"" emt pulling L",Conduit
"EMT Conduit, 1"", Galvanized S",Conduit
"3/4"" WP COMP COUP",Exclude
"4"" PVC Conduit, 10', Schedule",Conduit
#4 THHN RED,Wire
#10 THHN Green Stranded 2500' ,Wire
"18/2, FPLR, Non-Plenum, Unshie",Wire
"[4 SQ Mud Ring] 1"" Raised, 1 ",Exclude
4”Pvc Schl 40,Conduit
#10 THHN Black Stranded 2500' ,Wire
"1.25"" PVC coated GRC",Conduit
3 1/2” Sealtight Str Conn,Exclude
193WA 15007-CUT REEL3/4LT FLEX,Conduit
xhhw 250 kcmil AL Black ,Wire
Rolls Black Electrical Tape,Exclude
"Dottie MB14114 1/4"" Tap Bolt",Exclude
2” 3 Piece WP Ko Seal,Exclude
#6 BROWN THHN COPPER,Wire
thhn wire 10 Red AWG copper so,Wire
"24X24X6"" J BOXES",Exclude
"4-11/16"" Single Gang P-Ring 3",Exclude
1/0 THHN Cooper Wire Red,Wire
"4"" RIGID CONDUIT",Conduit
8 AWG THHN/THWN-2 Stranded Co,Wire
RAC 590 3-1/2 DEEP SW BOX PLAS,Exclude
"4"" PVC SCHEDULE 40",Conduit
"3/4"" Rigid conduit",Conduit
12 AWG XHHW Solid Copper Blue ,Wire
"1"" PVC conduit Schedule 40",Conduit
12-2 ROMEX,Wire
4” PVC x 10’  pipe,Conduit
handy box cover,Exclude
FLEX LIQ TIGHT CONDUIT,Conduit
CAT 6 - PVC JACKET - BLUE,Conduit
"10-2   MC cable. Blk,wht,grn",Wire
Cad welder for 4/0 T Ground Mo,Wire
36'' RACK,Exclude
CAULK,Exclude
"1 1/2"" PVC conduit (10 FT stic",Conduit
3/4 carflex 100' spools,Conduit
THHN #8 RED,Wire
"4"" PVC schedule 40",Conduit
"PVC 1"" ELBOW SCH 40 90° STANDA",Exclude
1 1/2” Pvc Conduit,Conduit
"EMT Conduit, 2-1/2"", Steel, 10",Conduit
"3 gang 5/8"" rise plaster ring",Exclude
"2000ft 12/4 Low ""Black and Red",Wire
30' total Green #6 Alu wire Xh,Wire
"[ENT] 3/4"", 750'",Conduit
Arlington RW44 Reducing Washer,Exclude
"2-1/2"" PVC Conduit Coupling",Exclude
"12 AWG THHN/THWN SOLID COPPER,",Wire
"4-11/16"" 1"" raised single gan",Exclude
FELICITY 22008-141AL01,Exclude
"Carlon UA7FRB 6"" PVC Elbow, 4",Exclude
185' 300 MCM XHHW Alu Wire Blu,Wire
"3"" PVC",Conduit
STL FLEX 1/2,Conduit
cat6 blue,Wire
"3"" X 8"" rigid nipple",Exclude
ARLINGTON BE1 2 GANG,Exclude
2/0 THHN/THWN-2 STRANDED,Wire
"1/4""  rod couplings",Exclude
#12 solid Blue THHN 500'reel,Wire
#6AWG XHHW AL WIRE GREEN,Wire
4/0 THHN Copper,Wire
"[PVC] 2"", Schedule 40, 10' Sti",Conduit
16/2 pink and purple wire,Wire
#10 brown thhn,Wire
Arlington 5010AST MC/AC/Flex C,Conduit
Wire THHN # 10 green,Wire
roll red phase tape,Exclude
4/0 SER,Wire
THHN Solid No.12  Green,Wire
14/2 RMX,Wire
"3/4"" PVC Conduit, 10', Schedu",Conduit
"1"" F.A.",Exclude
#1 XHHW AL,Wire
4x4 Combo Boxes,Exclude
"GRADE 5 3/8"" HEX NUT",Exclude
"4"" PVC TA",Conduit
"[Ethernet Wire] Cat 6, Plenum,",Wire
3 -1/2 ”       Schl 40   pvc  ,Conduit
"7/8"" STRUT",Exclude
"1/2"" PVC Schedule 40",Conduit
1 thru 45 wire numbers,Wire
500' 6-3 ROMEX,Wire
1000' 2/0-3wire MC Cable Alumi,Wire
Fire caulk,Exclude
3/4” emt ,Conduit
Caddy #CJ6 Cable Support,Wire
2 EMT TO FLEX CONT,Conduit
#10 THHN Blue Stranded 2500' r,Wire
"3/4"" FLEX",Conduit
"1/2"" EMT CONDUIT",Conduit
MC ALUM 6/4,Exclude
THHN GRY,Wire
"3/4"" Flex",Conduit
"Hubbell-Raco 773 4"" Square Cov",Exclude
"#10 x 2"" Steel Self Drilling S",Wire
#4 Yellow THHN CU,Wire
F CLIPS,Exclude
#10 SOL BR/GY W BR STRIPE,Wire
"2"" Sealtight",Conduit
Quarts PVC Glue,Exclude
3/4 BLUE ENT COND,Conduit
"Black, 2 AWG,  Stranded, 30'",Wire
Cat6 Blue CMR Cable 2000',Wire
20'x20' heavy duty poly tarps,Exclude
"3"" PVC Sch.40 Conduit",Conduit
TA4,Exclude
"1"" Sch 40 PVC Conduit",Conduit
brown 10 thhn,Wire
3/4” pvc Male Adaptors ,Exclude
eyf250 emerson seal off,Exclude
"tie raps 12"" black",Exclude
1/4 All Tread Rod 10 Foot,Exclude
"1""PVC MA",Conduit
