Description,ConduitType
"""1""""CONDUIT-EMT""",CONDUIT - EMT
EMT COND 1,CONDUIT - EMT
EMT COND 3/4,CONDUIT - EMT
GRC 1-1/4,CONDUIT - GRC
LT STR FLEX 1-1/4,CONDUIT - FLEX
LT STR FLEX 3/4,CONDUIT - FLEX
GRC 1,CONDUIT - GRC
EMT 3/4,CONDUIT - EMT
EMT 1,CONDUIT - EMT
SQZ FLEX 2,CONDUIT - FLEX
EMT 15D EL 2-1/2,CONDUIT - EMT
EMT 2-1/2,CONDUIT - EMT
STL FLEX 3/4,CONDUIT - FLEX
SQZ FLEX 3/4,CONDUIT - FLEX
PVC COND 2,CONDUIT - PVC
LT STR FLEX 2,CONDUIT - FLEX
STL FLEX 1/2,CONDUIT - FLEX
EMT 2,CONDUIT - EMT
SQZ FLEX 1/2,CONDUIT - FLEX
FLEX 1/2,CONDUIT - FLEX
FLEX 3/4,CONDUIT - FLEX
FLEXCON 1,CONDUIT - FLEX
M4 EMT 3/4,CONDUIT - EMT
LT STR FLEXCON 1,CONDUIT - FLEX
SQZ FLEX 1-1/2,CONDUIT - FLEX
"3/4"" RED EMT",CONDUIT - EMT
"FLEXIBLE STEEL CONDUIT, 1/2"", ",CONDUIT - FLEX
APPLETON TWCC75 EMT COMBINATI,CONDUIT - EMT
"FLEXIBLE STEEL CONDUIT, 3/4"", ",CONDUIT - FLEX
"1/2"" steel flex",CONDUIT - FLEX
"1"" steel flex",CONDUIT - FLEX
"1"" EMT",CONDUIT - EMT
"1 1/4"" Liquid tight flex (meta",CONDUIT - FLEX
EMT 1-1/4,CONDUIT - EMT
"EMT Conduit, 3/4"", Galvanized ",CONDUIT - EMT
"1 1/2"" EMT conduit",CONDUIT - EMT
"1"" seal tight flex (metal insi",CONDUIT - FLEX
PVC COND 3/4,CONDUIT - PVC
PVC COND 1-1/2,CONDUIT - PVC
PVC COND 1,CONDUIT - PVC
PVC COND 1-1/4,CONDUIT - PVC
PVC COND 4,CONDUIT - PVC
EMT 1/2,CONDUIT - EMT
GRC 3/4,CONDUIT - GRC
GRC 1-1/2,CONDUIT - GRC
GRC 2,CONDUIT - GRC
2” Pvc Scd 40,CONDUIT - PVC
1-1/4 Pvc Scd 40,CONDUIT - PVC
1” Pvc Ma,CONDUIT - PVC
"3"" PVC Conduit, 10', Schedule ",CONDUIT - PVC
"Rigid Conduit, 2"", Galvanized ",CONDUIT - GRC
1-1/4 Scd Pvc,CONDUIT - PVC
"Rigid Conduit, 3/4"", Galvanize",CONDUIT - GRC
1-1/2 Rigid Metal Conduit,CONDUIT - PVC
2-1/2 Rigid Metal Conduit,CONDUIT - PVC
1” Scd 40 Pvc,CONDUIT - PVC
"3/4"" EMT ",CONDUIT - EMT
"foot 1/2"" steel flex",CONDUIT - FLEX
3/4” EMT,CONDUIT - EMT
3/4 Emt,CONDUIT - EMT
3” PVC MA’s,CONDUIT - PVC
1”emt,CONDUIT - EMT
1” Emt,CONDUIT - EMT
3/4 Steel Flex,CONDUIT - FLEX
"Flexible Steel Conduit, 1/2"", ",CONDUIT - FLEX
"[EMT] 1"" Conduit",CONDUIT - EMT
"[EMT] 3/4"" Conduit",CONDUIT - EMT
[Metallic Flexible Conduit] Al,CONDUIT - FLEX
3/4 emt,CONDUIT - EMT
1” emt,CONDUIT - EMT
[Metallic Flexible Conduit] St,CONDUIT - FLEX
"EMT Conduit, 1"", Galvanized St",CONDUIT - EMT
2” Metal Flex,CONDUIT - FLEX
1-1/2” Metal Flex,CONDUIT - FLEX
2-1/2 Metal Flex,CONDUIT - FLEX
3/4 Flex Metal Flex Conduit,CONDUIT - FLEX
"EMT Conduit, 1-1/2"", Galvanize",CONDUIT - EMT
1/2 Metal Flex,CONDUIT - FLEX
1” Metal Flex,CONDUIT - FLEX
3” Sealtight,CONDUIT - FLEX
3/4”:sealtight,CONDUIT - FLEX
"[EMT] 3 1/2"" Conduit",CONDUIT - EMT
1/2” Steel Metal Flex,CONDUIT - FLEX
PVC COND 3,CONDUIT - PVC
GRC 4,CONDUIT - GRC
GRC 3,CONDUIT - GRC
"[PVC] 3/4"", Schedule 40, 10' S",CONDUIT - PVC
Panduit ST35-075-66YL PVC Elec,CONDUIT - PVC
"3/4"" PVC Conduit, 10', Schedul",CONDUIT - PVC
"[PVC] 1 1/2"", Schedule 40, 10'",CONDUIT - PVC
"[GRC/RMC] 2"", 10' Sticks",CONDUIT - GRC
"Carlon E986L 3"" LB PVC Conduit",CONDUIT - PVC
"2"" GRC ",CONDUIT - GRC
"3"" GRC ",CONDUIT - GRC
"3/4"" x 10' Sticks of GRC ",CONDUIT - GRC
"[PVC] 6"", Schedule 40, 20' Sti",CONDUIT - PVC
"6"" PVC SCHED 40 - 20' LENGTHS",CONDUIT - PVC
"[PVC] 4"", Schedule 40, 20' Sti",CONDUIT - PVC
"[PVC] 3"", Schedule 40, 10' Sti",CONDUIT - PVC
"[PVC] 4"", Schedule 40, 10' Sti",CONDUIT - PVC
"[PVC] 1/2"", Schedule 40, 10' S",CONDUIT - PVC
"[PVC] 1"", Schedule 40, 10' Sti",CONDUIT - PVC
"[PVC] 1 1/4"", Schedule 40, 10'",CONDUIT - PVC
GRC 5,CONDUIT - GRC
LT FLEX 1/2,CONDUIT - FLEX
"[EMT] 3/4"", 10' Sticks",CONDUIT - EMT
"[EMT] 1"", 10' Sticks",CONDUIT - EMT
"[EMT] 4"", 10' Sticks",CONDUIT - EMT
"[EMT] 3"", 10' Sticks",CONDUIT - EMT
781 through thestudconduit sup,UNK
"[EMT] 3 1/2"", 10' Sticks",CONDUIT - EMT
"[EMT] 2"" Conduit",CONDUIT - EMT
"[EMT] 1 1/2"" Conduit",CONDUIT - EMT
"[EMT] 3"" Conduit",CONDUIT - EMT
[Metallic Flexible Conduit Con,CONDUIT - FLEX
"[EMT] 4"" Conduit",CONDUIT - EMT
"[EMT] 1 1/4"" Conduit",CONDUIT - EMT
TPZ ELB2CG 3/4 AL EMT LB COND ,CONDUIT - EMT
"[ENT] 3/4"", 200'",UNK
3/4 L/T FLEX PVC,CONDUIT - FLEX
1-STEEL THINWALL CONDUIT,CONDUIT - EMT
"[EMT] 1 1/4"", 10' Sticks",CONDUIT - EMT
"[EMT] 2"", 10' Sticks",CONDUIT - EMT
[Metallic Flexible Conduit Co,CONDUIT - FLEX
"[PVC] 4"", Schedule 40, 20' St",CONDUIT - PVC
"[PVC] 2"", Schedule 40, 20' St",CONDUIT - PVC
"3/4"" PVC SCH 40",CONDUIT - PVC
"1"" PVC Conduit, 10', Schedule ",CONDUIT - PVC
"4"" PVC CONDUIT, 10', SCHEDULE ",CONDUIT - PVC
"2"" PVC CONDUIT, 10', SCHEDULE ",CONDUIT - PVC
"1-1/2"" PVC Conduit, 10', Sched",CONDUIT - PVC
"1 ""  PVC SCH 40",CONDUIT - PVC
"2 1/2"" pvc conduit-10' sticks",CONDUIT - PVC
"2"" PVC Conduit, 10', Schedule ",CONDUIT - PVC
"4"" PVC Conduit, 10', Schedule ",CONDUIT - PVC
"2 1/2""  PVC SCH 40",CONDUIT - PVC
"1-1/2"" PVC Conduit, 10', Sche",CONDUIT - PVC
"3"" PVC Conduit, 10', Schedule",CONDUIT - PVC
GRC 6,CONDUIT - GRC
"[EMT] 1/2"" Conduit",CONDUIT - EMT
3/4 ent correctors,CONDUIT - ENT
"1-1/2"" PVC Utility Duct, 20', ",CONDUIT - PVC
"3/4"" ENT",UNK
"1"" ENT",UNK
"[EMT] 3/4"" Conduit, Gray",CONDUIT - EMT
"[EMT] 1"" Conduit, Gray",CONDUIT - EMT
ENT COND 3/4,CONDUIT - ENT
"[PVC] 2"", Schedule 40, 10' Sti",CONDUIT - PVC
"1-1/4"" EMT Conduit, 10'",CONDUIT - EMT
"REEL, 3/4"" CARFLEX LIQUIDTIGHT",CONDUIT - FLEX
"Gray ENT w/ Blue Stripe, 1-1/4",CONDUIT - ENT
198 KTA25 1-1/4 PVC CON 189680,CONDUIT - PVC
193WA 15007-CUT REEL3/4LT FLEX,CONDUIT - FLEX
"4"" PVC Conduit, 10', Schedule",CONDUIT - PVC
"Flexible Steel Conduit, 3"", 25",CONDUIT - FLEX
2” pvc conduit,CONDUIT - PVC
1/2” emt to flex,CONDUIT - FLEX
carflex 3/4”,CONDUIT - FLEX
"EMT CONDUIT, 1/2"", GALVANIZED ",CONDUIT - EMT
"EMT Conduit, 1/2"", Galvanized ",CONDUIT - EMT
"Aluminum Flex, 1-1/2""",CONDUIT - FLEX
BLU ENT 3/4,CONDUIT - ENT
"2 ""  PVC SCH 40",CONDUIT - PVC
"3""  PVC SCH 40",CONDUIT - PVC
"2""  PVC SCH 40",CONDUIT - PVC
ENT BLU 1 REPL,CONDUIT - ENT
ENT 3/4,CONDUIT - ENT
4” PVC Conduit,CONDUIT - PVC
1” PVC Conduit,CONDUIT - PVC
2IN HDPE TO PVC TRANSITION FI,CONDUIT - PVC
3in pvc pipe,CONDUIT - PVC
1” PVC LB CONDULETS WITH GASK,CONDUIT - PVC
1” PVC LB CONDULETS WITH GASKE,CONDUIT - PVC
6IN HDPE TO PVC TRANSITION FI,CONDUIT - PVC
4” PVC CONDUIT,CONDUIT - PVC
4” Pvc Conduit,CONDUIT - PVC
3” Pvc Conduit,CONDUIT - PVC
2” Pvc Conduit,CONDUIT - PVC
"3"" PVC Schedule 40",CONDUIT - PVC
"2"" PVC sched 40",CONDUIT - PVC
"[PVC] 2"", Schedule 40, 10' St",CONDUIT - PVC
"[PVC] 4"", Schedule 40, 10' St",CONDUIT - PVC
"3/4"" PVC Shed 40",CONDUIT - PVC
"4"" PVC SCH 40",CONDUIT - PVC
"2"" pvc sched 40",CONDUIT - PVC
"4"" PVC Sched 40",CONDUIT - PVC
PVC-4 GENERIC VENDOR-PVCPA 4 S,CONDUIT - PVC
PVC-3/4 GENERIC VENDOR-PVCPA 3,CONDUIT - PVC
"1 1/2"" PVC Conduit Schedule 40",CONDUIT - PVC
"6"" PVC Schedule 40",CONDUIT - PVC
"2-1/2"" PVC Conduit, 10', Sched",CONDUIT - PVC
"1 1/2"" pvc sch 40",CONDUIT - PVC
pvc 1 1/2 ,CONDUIT - PVC
15005-CUT 1/2 L/T FLEX PVC,CONDUIT - FLEX
"1/2"" pvc",CONDUIT - PVC
"1 1/2"" PVC Conduit Sch 40",CONDUIT - PVC
"1/2"" PVC Schedule 40",CONDUIT - PVC
BLU ENT 1,CONDUIT - ENT
LT FLEX 2,CONDUIT - FLEX
1” ENT,UNK
kwikon esu-10-35 ipex ENT chai,CONDUIT - ENT
LQT FLEX 1/2,CONDUIT - FLEX
10-35 ENT KWIKON,CONDUIT - ENT
1” EMT,CONDUIT - EMT
1in blue ent,UNK
3” PVC,CONDUIT - PVC
1 1/2” EMT,CONDUIT - EMT
1 1/2” EMT CONDUIT,CONDUIT - EMT
PVC OOUP 3/4,CONDUIT - PVC
PVC COOUP 1,CONDUIT - PVC
3/4” EMT CONDUIT,CONDUIT - EMT
PVC 22-1/2D EL 4,CONDUIT - PVC
1/2” Carflex,CONDUIT - FLEX
"3/4"" EMT",CONDUIT - EMT
"4"" emt",CONDUIT - EMT
1 1/2 emt,CONDUIT - EMT
"3"" EMT",CONDUIT - EMT
"EMT Conduit, 4"", Galvanized St",CONDUIT - EMT
"EMT Conduit, 3"", Galvanized St",CONDUIT - EMT
"1 1/2"" Flex",CONDUIT - FLEX
"2"" EMT",CONDUIT - EMT
"4""liquidtight flexable metal ",CONDUIT - FLEX
"4"" liquidtight flexable condui",CONDUIT - FLEX
3/4 EMT,CONDUIT - EMT
3/4-STEEL THINWALL CONDUIT,CONDUIT - EMT
"Flexible Steel Conduit, 2"",",CONDUIT - FLEX
"3"" flexible metal conduit",CONDUIT - FLEX
LB65 MT LB65-MT 2 EMT LB COND ,CONDUIT - EMT
"Aluminum Flex, 1-1/2"", 25' Coi",CONDUIT - FLEX
CONDUIT 3/4-EMT,CONDUIT - EMT
CONDUIT 3-30D-EMT-EL,CONDUIT - EMT
4IN METAL FLEX,CONDUIT - FLEX
emt conduit 1 1/2,CONDUIT - EMT
2IN ALUM METAL FLEX,CONDUIT - FLEX
3/4 EMT PIPE,CONDUIT - EMT
1IN EMT PIPE,CONDUIT - EMT
CONDUIT 1-1/2-EMT,CONDUIT - EMT
1 1/2 EMT SS,CONDUIT - EMT
4in metal flex,CONDUIT - FLEX
"EMT 1 1/2"" CONDUIT",CONDUIT - EMT
EMT EL 1-1/2,CONDUIT - EMT
"2"" greenfield flex",CONDUIT - FLEX
pvc 1 1/2,CONDUIT - PVC
"3/4"" non metalic flex",CONDUIT - FLEX
"EMT Conduit, 1"", Steel, 10'",CONDUIT - EMT
"EMT Conduit, 3/4"", Steel, 10'",CONDUIT - EMT
"4"" PVC Schedule 80",CONDUIT - PVC
"1/2"" metal flex",CONDUIT - FLEX
"3/4"" metal flex",CONDUIT - FLEX
"3/4"" non metalic flex 1000' re",CONDUIT - FLEX
"4"" EMT 100'",CONDUIT - EMT
"1"" Aluminum metal flex 250'",CONDUIT - FLEX
"2"" metalic flex",CONDUIT - FLEX
EMT 1-1/2,CONDUIT - EMT
FLEX 4,CONDUIT - FLEX
3/4 EMT STEEL THINWALL CONDUIT,CONDUIT - EMT
1/2 L/T FLEX PVC,CONDUIT - FLEX
"Liquidtight Flexible Conduit, ",CONDUIT - FLEX
"1-1/2"" Flexible Steel Conduit,",CONDUIT - FLEX
"Aluminum Flex, 1/2"", 50' Reel",CONDUIT - FLEX
FLEX ALUM 1/2 CUT REEL CONDUIT,CONDUIT - FLEX
2'' FLEX,CONDUIT - FLEX
1/2 carflex,CONDUIT - FLEX
1/2 car flex,CONDUIT - FLEX
1/2'' STL FLEX,CONDUIT - FLEX
"REEL, 1"" CARFLEX LIQUIDTIGHT 5",CONDUIT - FLEX
3/4 EMT Steel Thinwall,CONDUIT - EMT
"1/2""X 25' LIQUIDTITE NON-FLEX ",CONDUIT - FLEX
"1 1/2"" EMT",CONDUIT - EMT
528WC PVC ROW 4 ADJ,CONDUIT - PVC
1/2 in. Flexible Metal Conduit,CONDUIT - FLEX
Halex 3/8 in. Flexible Metal C,CONDUIT - FLEX
3/8 in. Flexible Metal Conduit,CONDUIT - FLEX
1/2 in. x 10 ft. PVC Schedule ,CONDUIT - PVC
"2"" Carflex",CONDUIT - FLEX
"EMT Conduit, 2-1/2"", Galvanize",CONDUIT - EMT
"EMT Conduit, 2"", Galvanized St",CONDUIT - EMT
"Carlon 12008-750 Blue ENT, 1"",",UNK
1 1/2” EMT MINERALACS,CONDUIT - EMT
1 1/2 EMT MINERALACS,CONDUIT - EMT
Calbrite S61000MH00 Conduit Ha,UNK
Calbrite S61000MH00 Conduit H,UNK
"1"" pvc pipe",CONDUIT - PVC
"3"" pvc pipe",CONDUIT - PVC
"[PVC] 1"", Schedule 40, 10' St",CONDUIT - PVC
"[PVC] 3/4"", Schedule 40, 10' ",CONDUIT - PVC
"1/2"" CARFLEX LT",CONDUIT - FLEX
"[PVC] 2"", Schedule 80, 10' Sti",CONDUIT - PVC
1/2 fmc flex conduit,CONDUIT - FLEX
"[EMT] 1/2"", 10' Sticks",CONDUIT - EMT
"Flexible Conduit] Alum 3/4"", ",CONDUIT - FLEX
"[ENT] 2"", 500'",UNK
"1/2"" EMT Conduit, 10'",CONDUIT - EMT
"3/4"" EMT Conduit, 10'",CONDUIT - EMT
LT FLEX NM 3/4,CONDUIT - FLEX
"EMT Conduit, 1/2"", Steel, 10'",CONDUIT - EMT
"[GRC/RMC] 1 1/2"", 10' Sticks",CONDUIT - GRC
"2"" Rigid (GRC)",CONDUIT - GRC
"1/2"" metallic flex (FMC)",CONDUIT - FLEX
"1-1/4"" PVC Conduit, 10', Sched",CONDUIT - PVC
"1"" PVC Schedule 40 ",CONDUIT - PVC
"1-1/4"" PVC ",CONDUIT - PVC
"3/4"" PVC  Schedule  40",CONDUIT - PVC
"2"" PVC CONDUIT SCHEDULE 40",CONDUIT - PVC
"3/4"" PVC CONDUIT SCH 40",CONDUIT - PVC
"1 1/4""  PVC SCH 40",CONDUIT - PVC
Appleton CL100MN Rigid Conduit,CONDUIT - PVC
"Rigid Conduit, 6"", Galvanized",CONDUIT - GRC
"Rigid Conduit, 4"", Galvanized ",CONDUIT - GRC
PVC034P3/4IN SCH40 PVC PIPE,CONDUIT - PVC
"MUD RNG SQUR 2G PVC 5/8"" CARL",CONDUIT - PVC
"6"" PVC Conduit, 10', Schedule ",CONDUIT - PVC
"IMC Conduit, 3"", Galvanized St",CONDUIT - GRC
"1/2"" PVC Conduit, 10', Schedul",CONDUIT - PVC
"1/2"" Carflex",CONDUIT - FLEX
"4"" EMT Pipe",CONDUIT - EMT
"2"" EMT Pipe",CONDUIT - EMT
"3"" EMT Pipe",CONDUIT - EMT
3/4 Carflex,CONDUIT - FLEX
"3/4"" PVC Pipe",CONDUIT - PVC
"1"" PVC Pipe",CONDUIT - PVC
"4"" PVC Conduit, 20', Schedule ",CONDUIT - PVC
"3"" PVC Pipe",CONDUIT - PVC
"4"" PVC SCH 40 PIPE",CONDUIT - PVC
"3/4"" CONDUIT",UNK
"2"" PVC Pipe",CONDUIT - PVC
"1-1/2"" EMT Pipe",CONDUIT - EMT
"1"" EMT Pipe",CONDUIT - EMT
"1-1/2"" Liquidtight Conduit",CONDUIT - FLEX
"3/4"" EMT Pipe",CONDUIT - EMT
LQT NM150-CUT 1-1/2-FLEX-NM-LI,CONDUIT - FLEX
carflex,CONDUIT - FLEX
EMT 075 3/4X10FT-EMT,CONDUIT - EMT
14-2C SOL BC LSPVC UNSHLD LSPV,CONDUIT - PVC
KLEIN TOOLS 15FT. MID-FLEX GLO,CONDUIT - FLEX
4'' - 2'' PVC TRANSFER FROM JA,CONDUIT - PVC
4'' PVC PIPE TRANSFER FROM ACE,CONDUIT - PVC
PIPE STA TO MCA2,UNK
4” Rigid PIPE,CONDUIT - PVC
1” Rigid PIPE,CONDUIT - PVC
Schedule 80 1” PVC,CONDUIT - PVC
4in rigid pipe,CONDUIT - PVC
2” PVC,CONDUIT - PVC
4” PVC LB /Rubber Gasket,CONDUIT - PVC
2” PVC LB,CONDUIT - PVC
2” PVC Sch 40,CONDUIT - PVC
4”PVC Sch 40,CONDUIT - PVC
4” PVC LB,CONDUIT - PVC
"3/4"" PVC COnduit",CONDUIT - PVC
"2"" PVC Conduit, 10', Schedule",CONDUIT - PVC
"Rigid Conduit, 1/2"", Galvanize",CONDUIT - GRC
"3"" PVC SCH 40 (10' Lenghts )",CONDUIT - PVC
"2"" PVC SCH40 ( 10' Lengths )",CONDUIT - PVC
"1"" pvc pipe sch. 40",CONDUIT - PVC
"2"" PVC",CONDUIT - PVC
SQZ FLEX 4,CONDUIT - FLEX
FLEX STL 4,CONDUIT - FLEX
"3"" car flex",CONDUIT - FLEX
"4"" car flex",CONDUIT - FLEX
EMT CMP CON 1/2,CONDUIT - EMT
"[EMT] 3/4"" Conduit, Red",CONDUIT - EMT
3/4 emt pipe,CONDUIT - EMT
"3/4"" EMT CONDUIT",CONDUIT - EMT
"3/4"" EMT CONDUIT MASTER BUNDLE",CONDUIT - EMT
"master bundle 1"" emt conduit",CONDUIT - EMT
"3/4"" RED EMT CONDUIT",CONDUIT - EMT
5620 TB 5620 2 INCH T&B EMT CO,CONDUIT - EMT
"3/4"" emt conduit",CONDUIT - EMT
"1"" emt conduit",CONDUIT - EMT
"3/4"" red emt conduit",CONDUIT - EMT
"MASTER BUNDLE 3/4"" EMT CONDUIT",CONDUIT - EMT
"master bundle of 1"" emt condui",CONDUIT - EMT
"1 1/4"" emt conduit",CONDUIT - EMT
"3/4"" EMT CODUIT",CONDUIT - EMT
"1 "" EMT CONDUIT",CONDUIT - EMT
"1 1/4"" SEAL TIGHT FLEX",CONDUIT - FLEX
"2"" SEAL TIGHT FLEX",CONDUIT - FLEX
"master bundle 2"" emt conduit",CONDUIT - EMT
"1"" EMT PIPE",CONDUIT - EMT
"3/4"" emt coduit",CONDUIT - EMT
"WEATHERPROOF 3/4""EMT CONDULET ",CONDUIT - EMT
"1 1/2"" SEAL TIGHT FLEX NOT CA",CONDUIT - FLEX
"Red EMT Conduit, 3/4""",CONDUIT - EMT
STREMT 75,CONDUIT - EMT
"3/4 "" SEAL TIGHT FLEX/ PVC COA",CONDUIT - FLEX
"1""SEAL TIGHT FLEX/ PVC COATED ",CONDUIT - FLEX
"1 1/4"" EMT CONDUIT",CONDUIT - EMT
2 1/2 emt conduit,CONDUIT - EMT
"2"" SEAL TIGHT FLEX PVC COATED ",CONDUIT - FLEX
"1 1/2"" emt coduit",CONDUIT - EMT
EMT 1  223  1071872,CONDUIT - EMT
EMT 3/4  223  1071872,CONDUIT - EMT
"EMT LB 2 1/2"" Thread",CONDUIT - EMT
"2 1/2"" EMT STEEL CMPRESSION C",CONDUIT - EMT
"2 1/2"" EMT STEEL CMPRESSION CO",CONDUIT - EMT
STREMT 75 EMT TO LT FLEX,CONDUIT - FLEX
STREMT 200 EMT TO LT FLEX,CONDUIT - FLEX
"1"" emt  pipe",CONDUIT - EMT
"2 1/2"" steel greenfield flex c",CONDUIT - FLEX
"1/2"" emt conduit",CONDUIT - EMT
"2 1/2"" greenfield flex",CONDUIT - FLEX
"2 1/2""steel flex greenfield co",CONDUIT - FLEX
"1 1/2"" greenfield flex",CONDUIT - FLEX
"3"" greenfield flex",CONDUIT - FLEX
"1 1/4 ""SEAL TIGHT FEX TO EMT C",CONDUIT - FLEX
"50' 1 1/2"" emt pipe",CONDUIT - EMT
"1 1/2"" EMT CONDUIT",CONDUIT - EMT
"STREMT150 1 1/2 "" EMT TO SEAL ",CONDUIT - EMT
"1 1/2"" EMT PIPE",CONDUIT - EMT
1/2 flex,CONDUIT - FLEX
"3/4""emt",CONDUIT - EMT
"4"" greenfield flex",CONDUIT - FLEX
1-1/2-STEEL THINWALL CONDUIT,CONDUIT - EMT
"3/4"" sealtight",CONDUIT - FLEX
2-STEEL THINWALL CONDUIT,CONDUIT - EMT
"3/4"" EMT & Rigid LB Type Combi",CONDUIT - EMT
"1"" LiquidTight Conduit",CONDUIT - FLEX
"3/4"" Flexible Steel Conduit",CONDUIT - FLEX
"1/2"" Flex Meatal conduit",CONDUIT - FLEX
1/2-STEEL THINWALL CONDUIT,CONDUIT - EMT
FLEXSTEEL CONDUIT,CONDUIT - FLEX
"EMT CONDUIT, 3/4"", GALVANIZED ",CONDUIT - EMT
"EMT Conduit, 3/4"", Galvanized",CONDUIT - EMT
"EMT Conduit, 1"", Galvanized S",CONDUIT - EMT
"3/4"" x 2"" Galvanized Conduit ",CONDUIT - GRC
"bridgeport 4365-DC2""/EMT TO CA",CONDUIT - EMT
"4"" EMT CODUIT 10' LONG",CONDUIT - EMT
"SPEC-FLX-50B 1/2"" FLEX METAL C",CONDUIT - FLEX
2 1/2 pvc pipe,CONDUIT - PVC
"[PVC] 5"", Schedule 40, 10' St",CONDUIT - PVC
"[PVC] 3"", Schedule 40, 10' St",CONDUIT - PVC
"[PVC] 2 1/2"", Schedule 40, 10",CONDUIT - PVC
"[PVC] 1 1/2"", Schedule 40, 10",CONDUIT - PVC
"[PVC] 1 1/4"", Schedule 40, 10",CONDUIT - PVC
"[PVC] 2 1/2"", Schedule 40, 10'",CONDUIT - PVC
"3/4"" PVC MA's",CONDUIT - PVC
"110' 3/4"" PVC",CONDUIT - PVC
"2-1/2"" GRC ",CONDUIT - GRC
"[PVC] 3 1/2"", Schedule 40, 10'",CONDUIT - PVC
"[GRC/RMC] 4"", 10' Sticks",CONDUIT - GRC
3/4 pvc conduit,CONDUIT - PVC
"[EMT] 2 1/2"" Conduit",CONDUIT - EMT
1/2 steel greenfield flex,CONDUIT - FLEX
"1/2"" EMT ",CONDUIT - EMT
"1"" EMT Minni ",CONDUIT - EMT
1/2 emt pipe,CONDUIT - EMT
1/2 EMT CMPCON OQY 21015-088PR,CONDUIT - EMT
1 EMT CMOCON OQY 21015-088PR,CONDUIT - EMT
EMT CMP CON 2,CONDUIT - EMT
3/4 ENT,UNK
3/8 EMT,CONDUIT - EMT
1 1/4 Inch Greenfield Flex Con,CONDUIT - FLEX
2 Inch Greenfield Flex Steel,CONDUIT - FLEX
1 1/4 Inch Greenfield Flex St,CONDUIT - FLEX
2 Inch Ridgid Steel Conduit,CONDUIT - GRC
1/2 ALUM FLEX,CONDUIT - FLEX
"1/2"" EMT",CONDUIT - EMT
1/2 Greenfield Flex AL,CONDUIT - FLEX
1/2 EMT To 1/2 Greenfield Flex,CONDUIT - FLEX
3/4 Green Field Flex,CONDUIT - FLEX
[Metallic Flexible Conduit] A,CONDUIT - FLEX
1 1/2 ( C ) Treaded Conduit Bo,UNK
3'' EMT BSHG,CONDUIT - EMT
3/4 Nonmatalic Conduit (smurf ,CONDUIT - ENT
"[GRC/RMC] 1"", 10' Sticks",CONDUIT - GRC
"[GRC/RMC] 3/4"", 10' Sticks",CONDUIT - GRC
2 Inch Seal Tight Flex With Me,CONDUIT - FLEX
1 Inch Seal Tight Flex With Me,CONDUIT - FLEX
CONDUIT - GALV-STEEL 1IN,CONDUIT - GRC
FLEX LIQ TIGHT CONDUIT,CONDUIT - FLEX
2 Inch ( C ) Treaded Conduit B,UNK
NIP-SQZ FLEX 257,CONDUIT - FLEX
21015-257 NIP=FLEX,CONDUIT - FLEX
1/2'' emt,CONDUIT - EMT
3/4'' emt,CONDUIT - EMT
2'' emt,CONDUIT - EMT
"1/2"" mini's EMT",CONDUIT - EMT
"3/4"" mini's EMT",CONDUIT - EMT
"4"" EMT conduit",CONDUIT - EMT
2' EMT conduit,CONDUIT - EMT
"1/2"" EMT conduit",CONDUIT - EMT
1 inch Greenfield flex STEEL,CONDUIT - FLEX
3/4 inch Greenfield flex STEEL,CONDUIT - FLEX
2 inch EMT,CONDUIT - EMT
11/2 Greenfield flex,CONDUIT - FLEX
11/2 EMT Conduit,CONDUIT - EMT
3/4'' EMT,CONDUIT - EMT
1 Inch Greenfield Flex Steel,CONDUIT - FLEX
3/4 Inch Greenfield Flex Steel,CONDUIT - FLEX
3/4 Rigid Conduit,CONDUIT - PVC
1/2-RIGID CONDUIT,CONDUIT - PVC
1/2-ALUMINUM FLEXIBLE CONDUIT,CONDUIT - FLEX
"4"" emt conduit",CONDUIT - EMT
1/2” emt,CONDUIT - EMT
"4"" EMT",CONDUIT - EMT
1/2 greenfield flex steel,CONDUIT - FLEX
[Steel Metallic Flexible Condu,CONDUIT - FLEX
"EMT Conduit, 1/2"", Galvanized",CONDUIT - EMT
TRANSFER PVC FROM JXLTG TO FT ,CONDUIT - PVC
TRANSFER PVC FROM JXLTG TO FT,CONDUIT - PVC
"3/4"" Rigid Metal Conduit",CONDUIT - PVC
"1"" Rigid Metal Conduit",CONDUIT - PVC
"1-1/4"" Rigid Metal Conduit",CONDUIT - PVC
"2"" Rigid Metal Conduit",CONDUIT - PVC
"2-1/2"" Rigid Metal Conduit",CONDUIT - PVC
"4"" Rigid Metal Conduit",CONDUIT - PVC
1-IN D/C SQZ FLEX CON,CONDUIT - FLEX
3/4IN STEEL FLEX UL COND 100FT,CONDUIT - FLEX
1 1/2 “ Pvc  Conduit,CONDUIT - PVC
1in pvc pipe,CONDUIT - PVC
2in pvc pipe,CONDUIT - PVC
2” Pvc Lbs,CONDUIT - PVC
2IN UNIVERSAL RIGID/CONDUIT C,CONDUIT - PVC
PVC 200P 2IN SCH40 PVC CONDUIT,CONDUIT - PVC
PVC 212P 2-1/2IN SCH40 PVC PIP,CONDUIT - PVC
PVC 100P 1IN SCH40 PVC PIPE,CONDUIT - PVC
3/4IN NM FLEX PVC CONDUIT 100,CONDUIT - FLEX
1 1/4 “  Pvc,CONDUIT - PVC
1” Pvc,CONDUIT - PVC
2” Pvc,CONDUIT - PVC
2 1/2”pvc Conduit,CONDUIT - PVC
3” Pvc  Conduit,CONDUIT - PVC
PVC 034P 3/4IN SCH40,CONDUIT - PVC
PVC 114P 1-1/4IN SCH40,CONDUIT - PVC
PVC 112P 1-1/2 SCH40,CONDUIT - PVC
3/4 pvc pipe,CONDUIT - PVC
2”pvc,CONDUIT - PVC
2 1/2 “ Pvc,CONDUIT - PVC
1 1/4” Pvc,CONDUIT - PVC
1 1/2” Pvc,CONDUIT - PVC
"3/4"" PVC ",CONDUIT - PVC
3/4” Pvc Conduit,CONDUIT - PVC
3/4” Rigid Conduit,CONDUIT - PVC
2” PVC Conduit,CONDUIT - PVC
1 1/2” Pvc Conduit,CONDUIT - PVC
1 1/4”Pvc Conduit,CONDUIT - PVC
"3/4"" PVC pipe schedule 40",CONDUIT - PVC
"1 1/2"" PVC pipe",CONDUIT - PVC
"2 1/2"" PVC conduit",CONDUIT - PVC
1 1/4” Pvc Conduit,CONDUIT - PVC
"3"" rigid conduit",CONDUIT - PVC
"2 1/2"" rigid conduit",CONDUIT - PVC
"4"" rigid conduit",CONDUIT - PVC
"4"" SCH 80 PVC",CONDUIT - PVC
"2 1/2"" sch 40 PVC",CONDUIT - PVC
"3"" sch 40 PVC",CONDUIT - PVC
"2"" sch 40 PVC",CONDUIT - PVC
"1 1/4"" sch 40 PVC",CONDUIT - PVC
"1"" sch 40 PVC",CONDUIT - PVC
"3/4"" sch 40 PVC",CONDUIT - PVC
"3/4"" PVC",CONDUIT - PVC
"2 1/2"" Rigid conduit",CONDUIT - PVC
"3/4"" EMT Conduit",CONDUIT - EMT
"1"" EMT Conduit",CONDUIT - EMT
"2"" EMT Conduit",CONDUIT - EMT
"2-1/2"" EMT Conduit",CONDUIT - EMT
"1-1/4"" EMT Conduit",CONDUIT - EMT
"3"" EMT Conduit",CONDUIT - EMT
"4"" EMT Conduit",CONDUIT - EMT
Flex Cnnectors,CONDUIT - FLEX
3/4 Emt Red In Color,CONDUIT - EMT
4” Seal Tight Flex,CONDUIT - FLEX
3/4 flex,CONDUIT - FLEX
3/4 steel flex,CONDUIT - FLEX
3/4IN STEEL FLEX UL COND 100F,CONDUIT - FLEX
"1"" FLEX",CONDUIT - FLEX
"3/4"" FLEX",CONDUIT - FLEX
STL FLEX 1-1/2,CONDUIT - FLEX
STL FLEX 2-1/2,CONDUIT - FLEX
FLEX 1,CONDUIT - FLEX
SQZ FLEX 2-1/2,CONDUIT - FLEX
3/8 FLEX,CONDUIT - FLEX
LT STR FLEXCON 2-1/2,CONDUIT - FLEX
1/2” Emt,CONDUIT - EMT
"3/4"" emt ",CONDUIT - EMT
"1"" emt ",CONDUIT - EMT
"1/2"" carflex",CONDUIT - FLEX
"3/4"" GRC CONDUIT",CONDUIT - GRC
"3/4"" Red EMT",CONDUIT - EMT
"2"" rigid conduit",CONDUIT - PVC
3'' seal tight flex,CONDUIT - FLEX
3/4'' rigid conduit,CONDUIT - PVC
"TC 1277 3/4"" RIGID IRON PIPE S",CONDUIT - PVC
MIDWEST 511 3/4 RGD 3/4 EMT C,CONDUIT - EMT
"3/4"" Carlon Carflex",CONDUIT - FLEX
"3/4"" sealtight flex",CONDUIT - FLEX
"1 1/2"" metal flex",CONDUIT - FLEX
"1 1/4"" metal flex",CONDUIT - FLEX
"1 1/2"" rigid conduit",CONDUIT - PVC
"1 1/4"" rigid conduit",CONDUIT - PVC
"1"" metal flex",CONDUIT - FLEX
"3/8"" FLEXSTEEL CONDUIT",CONDUIT - FLEX
"4"" steel flex",CONDUIT - FLEX
"3"" steel flex",CONDUIT - FLEX
"2 1/2"" steel flex",CONDUIT - FLEX
"2"" steel flex",CONDUIT - FLEX
"1 1/4"" steel flex",CONDUIT - FLEX
"3/4"" sealtight flex (metal in",CONDUIT - FLEX
"1 1/4"" EMT",CONDUIT - EMT
"3/4"" Rigid conduit",CONDUIT - PVC
"2"" Rigid conduit",CONDUIT - PVC
"3/4"" steel flex",CONDUIT - FLEX
"2"" Sealtight",CONDUIT - FLEX
3-STEEL THINWALL CONDUIT,CONDUIT - EMT
EMT PY26-100E 1 IN. EMT CONDUI,CONDUIT - EMT
"Master bundle 3/4"" EMT",CONDUIT - EMT
"Master bundle red 3/4"" EMT",CONDUIT - EMT
"Master bundle of 1"" EMT",CONDUIT - EMT
"1/2"" Metal-Flex Conduit-Steel",CONDUIT - FLEX
"3/4"" Metal-Flex Conduit-Steel",CONDUIT - FLEX
"1"" Metal-Flex Conduit-Steel",CONDUIT - FLEX
"1-1/4"" Metal-Flex Conduit-Stee",CONDUIT - FLEX
3/4 galv pipe,CONDUIT - GRC
1/2” Seal Tight Flex,CONDUIT - FLEX
2” steal flex,CONDUIT - FLEX
3/4” Seal Tight Flex,CONDUIT - FLEX
1/2” Sealtight Flex,CONDUIT - FLEX
1/2” Sealtight Conectors,CONDUIT - FLEX
"2"" sealtight",CONDUIT - FLEX
"2"" PVC Conduit, 20', Schedule ",CONDUIT - PVC
"1-1/2"" PVC Conduit, 20', Sched",CONDUIT - PVC
"1-1/4"" PVC Conduit, 20'",CONDUIT - PVC
PIPE FRT,UNK
1 Inch Pvc Pipe ,CONDUIT - PVC
1 1/2 pvc pipe,CONDUIT - PVC
1 1/4 pvc pipe,CONDUIT - PVC
1” pvc conduit,CONDUIT - PVC
1” PVC CONDUIT,CONDUIT - PVC
"1 1/2"" PVC CONDUIT",CONDUIT - PVC
1”carflex,CONDUIT - FLEX
1” Carflex,CONDUIT - FLEX
"1"" PVC Conduit, 10', Schedule",CONDUIT - PVC
"3/4"" PVC Conduit, 10', Schedu",CONDUIT - PVC
LT FLEX 1-1/2,CONDUIT - FLEX
"5"" PVC Conduit, 10', Schedule",CONDUIT - PVC
"3"" x 3"" PVC Conduit Base Duct",CONDUIT - PVC
"4"" x 3"" PVC Conduit Base Duct",CONDUIT - PVC
"5"" PVC Conduit, 10', Schedule ",CONDUIT - PVC
"Rigid Conduit, 1"", Galvanized ",CONDUIT - GRC
4 GRC,CONDUIT - GRC
"5"" PVC Sweep",CONDUIT - PVC
"Rigid Conduit, 1-1/2"", Galvani",CONDUIT - GRC
"Rigid Conduit, 2-1/2"", Galvani",CONDUIT - GRC
"2-1/2"" PVC schedule 40",CONDUIT - PVC
"3-1/2"" PVC schedule 40",CONDUIT - PVC
"4"" GRC ",CONDUIT - GRC
"[GRC/RMC] 3"", 10' Sticks",CONDUIT - GRC
Thomas & Betts 371 Conduit Hu,UNK
"5"" PVC SCH 40",CONDUIT - PVC
"[PVC] 5"", Schedule 40, 10' Sti",CONDUIT - PVC
6x6x6 pvc weatherproof junctio,CONDUIT - PVC
"4"" x 6"" Galvanized Conduit Nip",CONDUIT - GRC
"4"" x 8"" Galvanized Conduit Nip",CONDUIT - GRC
1 1/2” Carflex/liquid tight no,CONDUIT - FLEX
"1"" x 1-1/2"" Galvanized Conduit",CONDUIT - GRC
"3/4"" x 2"" Galvanized Conduit N",CONDUIT - GRC
"3"" PVC",CONDUIT - PVC
"Rigid Conduit, 3"", Galvanized ",CONDUIT - GRC
6x6x6 Sch 40 PVC WP Junction B,CONDUIT - PVC
"4"" PVC SCHEDULE 40",CONDUIT - PVC
"3"" PVC SCHEDULE 40 CONDUIT",CONDUIT - PVC
"2"" PVC SCHEDULE 40",CONDUIT - PVC
"1 1/2"" PVC SCHEDULE 40 CONDUIT",CONDUIT - PVC
"1"" PVC Conduit schedule 40",CONDUIT - PVC
"1 1/4"" PVC Conduit Sch 40",CONDUIT - PVC
"4"" Sch 40 PVC",CONDUIT - PVC
"2” Ridgid Conduit, 10’ Long.",CONDUIT - PVC
2 1/2 IN Conduit Liquid Tight,CONDUIT - FLEX
3/4 IN Conduit Liquid Tight No,CONDUIT - FLEX
"2"" Liquid tight conduit",CONDUIT - FLEX
"3/4"" PVC Conduit (10 FT stick)",CONDUIT - PVC
"1 1/4"" PVC Conduit (10 FT stic",CONDUIT - PVC
"1 1/2"" PVC conduit (10 FT stic",CONDUIT - PVC
"3/4"" PVC Conduit (10 FT stick",CONDUIT - PVC
"1 1/4"" PVC Conduit (10 FT sti",CONDUIT - PVC
"1 1/2"" PVC conduit (10 FT sti",CONDUIT - PVC
"2"" PVC MA",CONDUIT - PVC
"1 1/2"" LTFNMC (Car Flex)",CONDUIT - FLEX
EMT 100 1X10FT-EMT,CONDUIT - EMT
"JM eagle 2"" X 10' PVC SCH 40 c",CONDUIT - PVC
"3/4"" EMT CONDUIT 10FT STICK",CONDUIT - EMT
2” Rigid Conduit 10 FT,CONDUIT - PVC
"1/2 "" Metal Flex",CONDUIT - FLEX
3/4 EMT Conduit,CONDUIT - EMT
"1"" Metal Flex conduit",CONDUIT - FLEX
2 IN PVC Conduit 10 FT stick S,CONDUIT - PVC
"3/4 "" PVC 10 FT Conduit",CONDUIT - PVC
"1/2 "" EMT conduit 10FT",CONDUIT - EMT
"1"" NM Conduit (Liquid Tight)",CONDUIT - FLEX
3/4 Metal liquid tight conduit,CONDUIT - FLEX
PVC COND 2-1/2,CONDUIT - PVC
"1 1/2""  PVC SCH 40",CONDUIT - PVC
"1-1/4"" PVC Conduit, 10', Sche",CONDUIT - PVC
2 in. x 10 ft. PVC Schedule 40,CONDUIT - PVC
"1-1/2"" PVC Sweep",CONDUIT - PVC
"[PVC] 2 1/2"", Schedule 80, 10'",CONDUIT - PVC
"3/4"" Smurf Conduit",CONDUIT - ENT
"EMT 3/4"" CONDUIT",CONDUIT - EMT
"1/2"" EMT Conduit",CONDUIT - EMT
Liquidtight Flexible Steel Con,CONDUIT - FLEX
"2 1/2""  PVC SCH 40 (20' LENGT",CONDUIT - PVC
4in pvc pipe,CONDUIT - PVC
"4"" PVC SCHED 40",CONDUIT - PVC
"3"" PVC SCHED 40",CONDUIT - PVC
"1"" pvc conduit schedule 40",CONDUIT - PVC
"1"" PVC",CONDUIT - PVC
"1/2"" pvc pipe X 10' length",CONDUIT - PVC
"1/2"" pvc T.A'S",CONDUIT - PVC
"3/4"" pvc pipe X 10' length",CONDUIT - PVC
1/2-GALV; CONDUIT,CONDUIT - GRC
10' STICK PVC PIPE,CONDUIT - PVC
"3/4"" PVC T.A.'S",CONDUIT - PVC
"3/4"" PVC L.B.",CONDUIT - PVC
PVC PIPE 1/2,CONDUIT - PVC
PVC PIPE 3/4,CONDUIT - PVC
"2"" ENT",UNK
2-1/2 PVC,CONDUIT - PVC
3/4 MET LT FLEX,CONDUIT - FLEX
"1"" PVC schedule 40",CONDUIT - PVC
1'' PVC COND,CONDUIT - PVC
"4"" pvc schedule 40",CONDUIT - PVC
"4"" PVC TA",CONDUIT - PVC
"1"" pvc schedule 40",CONDUIT - PVC
"1"" emt",CONDUIT - EMT
"3"" pvc LB",CONDUIT - PVC
"4"" metal flex",CONDUIT - FLEX
3/4 PVC LB,CONDUIT - PVC
3/4 pvc,CONDUIT - PVC
"2"" STICK EMT",CONDUIT - EMT
"EMT 3/4"" PULLING L",CONDUIT - EMT
"Conduit 1-1/2"" NM",UNK
"3/4"" Liquid tight conduit",CONDUIT - FLEX
"3/4"" pvc",CONDUIT - PVC
1in pvc pipe 10' total,CONDUIT - PVC
"20' total 2 1/2"" PVC",CONDUIT - PVC
"1"" PVC ",CONDUIT - PVC
"300' 3/4"" EMT",CONDUIT - EMT
"200' 1/2"" EMT",CONDUIT - EMT
"4"" PVC Sch 40",CONDUIT - PVC
"3.5"" PVC Sch 40",CONDUIT - PVC
2-1/2” Pvc,CONDUIT - PVC
"2-1/2"" PVC Weather good for 25",CONDUIT - PVC
 3/4 ENT,UNK
"3/4"" Metal Flex",CONDUIT - FLEX
1/2 aluminum flex,CONDUIT - FLEX
1/2 liquidtight conduit non me,CONDUIT - FLEX
"3"" metal flex",CONDUIT - FLEX
"2 1/2"" emt",CONDUIT - EMT
"1"" car flex",CONDUIT - FLEX
3/4  EMT,CONDUIT - EMT
"EMT 3/4"" Conduit",CONDUIT - EMT
1/2 ALUMINUM flex,CONDUIT - FLEX
1/2 sealtight carflex 2000 ft.,CONDUIT - FLEX
"1/2 "" carflex",CONDUIT - FLEX
3/4 EMT conduit,CONDUIT - EMT
3/4 pvc lb,CONDUIT - PVC
"6' total 2 1/2"" Flex Non Metal",CONDUIT - FLEX
"100' total 1-1/2"" pvc sch 40",CONDUIT - PVC
"400' total 3"" PVC Sch 40 10' ",CONDUIT - PVC
"40 foot 3"" PVC Conduit Sch 40",CONDUIT - PVC
"3"" PVC LB's",CONDUIT - PVC
"4"" PVC SCH 40 by 10' Long",CONDUIT - PVC
"3"" PVC SCH 40 by 10' Long",CONDUIT - PVC
"100' 3"" PVC Sch 40 10 foot lon",CONDUIT - PVC
"2000' Total 1-1/4"" pvc",CONDUIT - PVC
"100' Total 3"" PVC SCH 40",CONDUIT - PVC
"100' Total 1-1/2"" PVC SCH 40",CONDUIT - PVC
"50' - 2"" PVC Sch 40",CONDUIT - PVC
PVC-F LB20,CONDUIT - PVC
"250' 2"" PVC Conduit",CONDUIT - PVC
"200' 2"" PVC Sch 40",CONDUIT - PVC
"200' 1-1/2"" PVC Sch 40",CONDUIT - PVC
"200' 1-1/4"" PVC Sch 40",CONDUIT - PVC
"200' 1"" PVC Sch 40",CONDUIT - PVC
"3/4"" GRC x 10' ",CONDUIT - GRC
"Link Seals 4"" PVC EATON LSA30",CONDUIT - PVC
24” x 9” X 6” PVC Junction Bo,CONDUIT - PVC
"3-1/2"" PVC Conduit, 10', Sched",CONDUIT - PVC
RACO 509 3X2 OLD WORK CONDUIT ,UNK
"1/2"" Carflex ",CONDUIT - FLEX
"20' total - 3"" GRC",CONDUIT - GRC
"3/4"" ENT ( smurf Tube )",CONDUIT - ENT
"3/4"" & 1"" KO's PVC ENT Slab Bo",CONDUIT - ENT
"1000' 1-1/4"" smurf tube",CONDUIT - ENT
"1000' 1"" smurf tube",CONDUIT - ENT
"3/4"" smurf tube",CONDUIT - ENT
"1/2"" EMT to MC Cable transiti",CONDUIT - EMT
"200' 2"" EMT",CONDUIT - EMT
"1/2"" EMT to MC Cable transitio",CONDUIT - EMT
"4"" EMT ",CONDUIT - EMT
"[ENT] 1"", 100'",UNK
2” Ridgid Conduit,CONDUIT - PVC
3/4” Ridgid Conduit,CONDUIT - PVC
"sticks of 3/4"" PVC",CONDUIT - PVC
"[ENT] 3/4"", 100'",UNK
"4,310' 3"" EMT 10' Sections",CONDUIT - EMT
"3,400' 2-1/2"" EMT 10' Sections",CONDUIT - EMT
"[ENT] 1 1/4"", 1000'",UNK
"2-1/2"" EMT",CONDUIT - EMT
"1-1/2"" EMT ",CONDUIT - EMT
3/4-ALUMINUM FLEXIBLE CONDUIT,CONDUIT - FLEX
233A 3-30D-EMT-ELL STD RAD,CONDUIT - EMT
Liquid Tight Flexible Conduit ,CONDUIT - FLEX
233 15007-CUT REEL 3/4 LT FLEX,CONDUIT - FLEX
233 3-30D-EMT-ELL,CONDUIT - EMT
233 4-30D-EMT-ELL,CONDUIT - EMT
3/4- STEEL THINWALL CONDUIT,CONDUIT - EMT
GENERIC VENDOR-PVCPA JUNCTION ,CONDUIT - PVC
1-1/4” smurf ENT 500’,CONDUIT - ENT
3-30D-EMT-ELL,CONDUIT - EMT
4-30D-EMT-ELL,CONDUIT - EMT
"200' 1"" EMT",CONDUIT - EMT
[Metallic Flexible Conduit] S,CONDUIT - FLEX
"[PVC] 1/2"", Schedule 40, 10' ",CONDUIT - PVC
"3/4"" carflex",CONDUIT - FLEX
3/4 CARFLEX,CONDUIT - FLEX
1/2'' EMT PIPE,CONDUIT - EMT
"EMT 3/4"" Pipe",CONDUIT - EMT
carflex 3/4,CONDUIT - FLEX
3/4 carflex,CONDUIT - FLEX
"200' 1/2"" non metallic flex",CONDUIT - FLEX
"300' 1"" EMT",CONDUIT - EMT
"500' 4"" EMT",CONDUIT - EMT
"[ENT] 1"", 500'",UNK
"[ENT] 3/4"", 300'",UNK
"[ENT] 3/4"", 500'",UNK
"Calbrite S60500MH00 1/2"" Pipe ",UNK
Klein Tool 50350 13” Flexible ,CONDUIT - FLEX
CAT 6 - PVC JACKET - BLUE,CONDUIT - PVC
Liquid-Tight Flexible Nonmetal,CONDUIT - FLEX
"Blue ENT, 3/4"", 1000 Ft Roll ",UNK
KYL 012011 *3/4INX1000FT ENT U,CONDUIT - ENT
"[ENT] 3/4"", 750'",UNK
Arlington 5010AST MC/AC/Flex C,CONDUIT - FLEX
PVC 5-IN-SCHED-40 CONDUIT,CONDUIT - PVC
"3"" x 10'  PVC ",CONDUIT - PVC
"2"" x 10' pvc  ",CONDUIT - PVC
4 inch pvc,CONDUIT - PVC
Thomas & Betts 3112 AC/Flex Co,CONDUIT - FLEX
"[ENT] 1/2"", 10'",UNK
"[ENT] 1"", 1000'",UNK
1-inch ENT (grey),CONDUIT - ENT
4-inch pvc,CONDUIT - PVC
1-1/2 ENT,UNK
1 inch EMT,CONDUIT - EMT
1Inch pvc,CONDUIT - PVC
1/2 inch PVC,CONDUIT - PVC
1/2 PVC LB's,CONDUIT - PVC
"3/4"" seal tight conduit",CONDUIT - FLEX
"Kraloy 012011 ENT, Gray w/ Bl",UNK
"Kraloy 012011 ENT, Gray w/ Blu",UNK
"Liquidtight Flexible Conduit,",CONDUIT - FLEX
2” EMT,CONDUIT - EMT
"1-1/2"" EMT Conduit, 10'",CONDUIT - EMT
"1"" EMT Conduit, 10'",CONDUIT - EMT
"[PVC] 3"", Schedule 40, 20' St",CONDUIT - PVC
"[PVC] 6"", Schedule 40, 20' St",CONDUIT - PVC
"[PVC] 6"", Schedule 40, 10' Sti",CONDUIT - PVC
"[PVC] 3"", Schedule 40, 20’Stic",CONDUIT - PVC
2 1/2 PVC pipe,CONDUIT - PVC
Carlon E910F PVC Conduit Repai,CONDUIT - PVC
"2.5"" schedule 80 pvc",CONDUIT - PVC
"1.5"" schedule 80 pvc",CONDUIT - PVC
"4"" schedule 40 pvc",CONDUIT - PVC
"3/4"" pvc conduit",CONDUIT - PVC
3” carflex,CONDUIT - FLEX
"emt 1/2"" conduit",CONDUIT - EMT
"3/4"" emt",CONDUIT - EMT
"3"" emt",CONDUIT - EMT
"2"" emt",CONDUIT - EMT
"3"" emt ",CONDUIT - EMT
"2"" pvc LB (weatherproof)",CONDUIT - PVC
"2"" pvc",CONDUIT - PVC
"1.5"" schedule 40 pvc",CONDUIT - PVC
"3/4"" schedule 40 pvc",CONDUIT - PVC
"1"" schedule 40 pvc",CONDUIT - PVC
"EMT LB CONDUIT 1""",CONDUIT - EMT
"3/4"" emt lb",CONDUIT - EMT
"3/4"" fmc to emt transition",CONDUIT - EMT
"2.5"" schedule 40 pvc",CONDUIT - PVC
"1"" emt to fmc transition",CONDUIT - EMT
"1/2"" EMT PIPE",CONDUIT - EMT
"3/4"" EMT PIPE",CONDUIT - EMT
"3/4"" PVC PIPE",CONDUIT - PVC
"1/2"" PVC",CONDUIT - PVC
"1/2"" CARFLEX",CONDUIT - FLEX
"1/2"" METAL FLEX",CONDUIT - FLEX
3/4 PVC SCH 40 CONDUIT,CONDUIT - PVC
"1-1/2"" PVC ",CONDUIT - PVC
"3"" pvc sch 80 10'",CONDUIT - PVC
1-1/2 sch 40 pvc,CONDUIT - PVC
"4"" sch 40 pvc",CONDUIT - PVC
"3"" pvc weatherheads",CONDUIT - PVC
"4"" pvc sch 40 pipe",CONDUIT - PVC
"2.5"" pvc schedule 40 conduit",CONDUIT - PVC
"2"" pvc sch 40 conduit",CONDUIT - PVC
"4"" pvc sch 40 conduit",CONDUIT - PVC
"4"" PVC Schedule  40",CONDUIT - PVC
"Rigid Conduit, 1-1/2"", Galvan",CONDUIT - GRC
"4"" pvc sch 40 pipe 10' sticks",CONDUIT - PVC
"3/4"" pvc pipe 10' sticks",CONDUIT - PVC
"4"" PVC Schedule 40 (20 foot s",CONDUIT - PVC
"2 1/2"" pvc pipe",CONDUIT - PVC
"4"" PVC Coated GRC",CONDUIT - GRC
"3"" PVC Coated GRC",CONDUIT - GRC
"2.5"" PVC Coated GRC",CONDUIT - GRC
"2"" PVC Coated GRC",CONDUIT - GRC
"1.5"" PVC Coated GRC",CONDUIT - GRC
"1.25"" PVC coated GRC",CONDUIT - GRC
"1"" PVC Coated GRC",CONDUIT - GRC
"2"" sch 40 pvc 10'",CONDUIT - PVC
"1.5"" sch 40 pvc 10'",CONDUIT - PVC
"PVC Coated Rigid Conduit, 4"", ",CONDUIT - PVC
"PVC Coated Conduit, 2-1/2"", 10",CONDUIT - PVC
"PVC Coated Rigid Conduit, 2"", ",CONDUIT - PVC
"PVC Coated Rigid Conduit, 1-1/",CONDUIT - PVC
"PVC Coated Rigid Conduit, 1"", ",CONDUIT - PVC
"PVC Coated Rigid Conduit, 3"", ",CONDUIT - PVC
1-1/2” pvc scd 40,CONDUIT - PVC
4” Scd 40 PVC,CONDUIT - PVC
2'' PVC RGD COND,CONDUIT - PVC
"2-1/2"" PVC Coated Rigid Condui",CONDUIT - PVC
"4"" PVC Sched 40 10' sections",CONDUIT - PVC
"PVC Coated Rigid Conduit, 2"",",CONDUIT - PVC
"400' x 4"" PVC Schedule 40",CONDUIT - PVC
3/4 Emt conduit,CONDUIT - EMT
"3"" PVC schedule 40 conduit",CONDUIT - PVC
RIDGID1 Gal. Dark Pipe Threadi,CONDUIT - PVC
1-1/2 CONDUIT,UNK
2-1/2 CONDUIT,UNK
"3"" pvc conduit",CONDUIT - PVC
2-1/2 carflex,CONDUIT - FLEX
3/4” Emt,CONDUIT - EMT
2-1/2” Pvc Coated Rigid,CONDUIT - PVC
"3/4"" EMT         ",CONDUIT - EMT
"2"" EMT       15°",CONDUIT - EMT
"2"" EMT       30°",CONDUIT - EMT
"2 1/2"" EMT",CONDUIT - EMT
"2 1/2"" EMT       30°",CONDUIT - EMT
1/2” Greenfield to emt transit,CONDUIT - EMT
"[GRC/RMC] 1"", PVC Coating, 10",CONDUIT - GRC
1 1/2” pvc conduit Schedule 40,CONDUIT - PVC
1/2” Greenfield to emt transi,CONDUIT - EMT
"1-1/4"" EMT",CONDUIT - EMT
"1"" Green field (metal Flex)",CONDUIT - FLEX
"1 1/2"" Rigid conduit",CONDUIT - PVC
2-1/2-STEEL THINWALL CONDUIT,CONDUIT - EMT
"10' sticks of 3"" rigid conduit",CONDUIT - PVC
"10' sticks x 1"" rigid conduit",CONDUIT - PVC
"10' sticks of 2"" Rigid conduit",CONDUIT - PVC
"2 1/2"" EMT Conduit",CONDUIT - EMT
"1 1/4"" EMT Conduit",CONDUIT - EMT
2-1/2-ALUMINUM FLEXIBLE CONDUI,CONDUIT - FLEX
3-ALUMINUM FLEXIBLE CONDUIT,CONDUIT - FLEX
2-1/2-RIGID CONDUIT,CONDUIT - PVC
"3/4"" PVC Conduit",CONDUIT - PVC
"3/4"" PVC coated Rigid Conduit",CONDUIT - PVC
"11/4"" Emt Conduit x 10' Sticks",CONDUIT - EMT
"3/4"" Metallic Flex ( Greenfiel",CONDUIT - FLEX
1 X CLOSE-GALVANIZED CONDUIT N,CONDUIT - GRC
3/4 X CLOSE-GALVANIZED CONDUIT,CONDUIT - GRC
4 X CLOSE-GALVANIZED CONDUIT N,CONDUIT - GRC
1-1/2 X 4-GALVANIZED CONDUIT N,CONDUIT - GRC
RYMCO - EMT 1-1/2IN,CONDUIT - EMT
RYMCO - EMT 2-1/2IN,CONDUIT - EMT
RYMCO - EMT 3IN,CONDUIT - EMT
AF EC754US 1-1/2 STL CMP EMT C,CONDUIT - EMT
AF EC763US 1-1/4 STL CMP EMT C,CONDUIT - EMT
3/8-ALUMINUM FLEXIBLE CONDUIT,CONDUIT - FLEX
"2 1/2"" EMT 30's",CONDUIT - EMT
2-ALUMINUM FLEXIBLE CONDUIT,CONDUIT - FLEX
1 1/2 EMT 30's,CONDUIT - EMT
PIPE EMT,CONDUIT - EMT
"2"" Prefab EMT PIPE",CONDUIT - EMT
1 1/2 PVC Pulling C,CONDUIT - PVC
"10' stick of 3/4"" PVC plumbing",CONDUIT - PVC
"Spatula, Flexible, 5/8"", Sprin",CONDUIT - FLEX
"4"" PVC Conduit 20' Lenghts",CONDUIT - PVC
"2 1/2"" PVC Conduit",CONDUIT - PVC
"1 1/2"" PVC Conduit",CONDUIT - PVC
1” PVC Sched 40,CONDUIT - PVC
"4"" PVC Conduit ",CONDUIT - PVC
PVC COND 4 22015-003BO REFUSED,CONDUIT - PVC
"1"" PVC Conduit",CONDUIT - PVC
1”  PVC SCHEDULE 40,CONDUIT - PVC
1” PVC MA,CONDUIT - PVC
1 1/2” PVC MA,CONDUIT - PVC
2” PVC MA,CONDUIT - PVC
"1"" GRC",CONDUIT - GRC
"4"" GRC",CONDUIT - GRC
"1-1/2"" GRC ",CONDUIT - GRC
3/4” PVC Sched 40,CONDUIT - PVC
3/4” PVC SCHD 40,CONDUIT - PVC
3/4” PVC SCHED 40,CONDUIT - PVC
3/4” PVC MA,CONDUIT - PVC
1” Sched 40 PVC,CONDUIT - PVC
3” PVC SCHED 40,CONDUIT - PVC
2” PVC SCHED 40,CONDUIT - PVC
3/4 Schedule 40 PVC Conduit,CONDUIT - PVC
1” Schedule 40 PVC Conduit,CONDUIT - PVC
3/4” Schedule 40 Pvc,CONDUIT - PVC
1” Schedule 40 Pvc,CONDUIT - PVC
2” Schedule 40 Pvc,CONDUIT - PVC
2 1/2” Schedule 40 Pvc,CONDUIT - PVC
3” Schedule 40 Pvc,CONDUIT - PVC
2 1/2” Pvc Scedule 40 Conduit,CONDUIT - PVC
PVC 006272,CONDUIT - PVC
"PVC CONDUIT 2"" SCHEDULE-40",CONDUIT - PVC
"PVC CONDUIT 3"" SCHEDULE-40",CONDUIT - PVC
"PVC CONDUIT 1"" SCHEDULE-40",CONDUIT - PVC
4” pvc schedule 40,CONDUIT - PVC
3/4” schedule 40 pvc,CONDUIT - PVC
1” pvc schedule 40,CONDUIT - PVC
2” Car Flex,CONDUIT - FLEX
1/2” EMT,CONDUIT - EMT
3” EMT,CONDUIT - EMT
"3"" EMT ",CONDUIT - EMT
3” Aluminum Rigid Conduit,CONDUIT - PVC
"1/2"" GRC",CONDUIT - GRC
3/4” RED EMT,CONDUIT - EMT
1” EMT RED,CONDUIT - EMT
3/4” EMT MINI’s,CONDUIT - EMT
1” EMT MINI’s,CONDUIT - EMT
3/4” GRC,CONDUIT - GRC
Red Emt 1”,CONDUIT - EMT
1'' EMT,CONDUIT - EMT
3'' PVC COND,CONDUIT - PVC
2'' PVC COND,CONDUIT - PVC
"REEL, 3/4"" CARFLEX LIQUIDTIGH",CONDUIT - FLEX
"REEL, 1"" CARFLEX LIQUIDTIGHT ",CONDUIT - FLEX
3/4” Carflex Nonmetallic ,CONDUIT - FLEX
"[GRC/RMC] 1 1/4"", 10' Sticks",CONDUIT - GRC
4”EMT,CONDUIT - EMT
1” schedule 40 pvc,CONDUIT - PVC
1/2” sealtight,CONDUIT - FLEX
3/4” emt,CONDUIT - EMT
1 1/2” flex,CONDUIT - FLEX
1/2” carflex,CONDUIT - FLEX
1/2” steel flex,CONDUIT - FLEX
3/4” steel flex,CONDUIT - FLEX
1” steel flex,CONDUIT - FLEX
1 1/2” emt,CONDUIT - EMT
2” emt,CONDUIT - EMT
3/4” car flex,CONDUIT - FLEX
4” schedule 40 pvc,CONDUIT - PVC
1/2” car flex,CONDUIT - FLEX
3” schedule 40 PVC,CONDUIT - PVC
3/4” carflex,CONDUIT - FLEX
3/4” emt ,CONDUIT - EMT
1” red emt,CONDUIT - EMT
2” pvc achedule 40,CONDUIT - PVC
3/4” red emt,CONDUIT - EMT
2” ridig conduit,CONDUIT - PVC
3” pvc scjedule 40,CONDUIT - PVC
1/2” metal flex,CONDUIT - FLEX
1 1/2” pvc,CONDUIT - PVC
1/2” flex Steel,CONDUIT - FLEX
3/4” pvc,CONDUIT - PVC
LQT NM0751000RL 3/4-IN-FLEX-NM,CONDUIT - FLEX
1 1/4” emt,CONDUIT - EMT
"PVC 3/4"" CONDUIT",CONDUIT - PVC
EMT 3/4 PIPE,CONDUIT - EMT
LQT NM050100CL 1/2-FLEX-NM-LIQ,CONDUIT - FLEX
"2 1/2"" Sealtite Flex",CONDUIT - FLEX
"3 1/2"" Sealtite Flex",CONDUIT - FLEX
"3"" Sealtite Flex",CONDUIT - FLEX
"[ENT] 3/4"", 250'",UNK
1” Sealtight,CONDUIT - FLEX
ELB GRC4001114 4IN GAL 11-1/4,CONDUIT - GRC
"1/2"" PVC Conduit, 10', Schedu",CONDUIT - PVC
"1-1/4"" PVC (10' sticks)",CONDUIT - PVC
"1-1/4"" PVC (20' sticks)",CONDUIT - PVC
1 1/2in pvc pipe 20' lengths,CONDUIT - PVC
1in pvc pipe 20' lengths,CONDUIT - PVC
"1"" PVC (20' sticks)",CONDUIT - PVC
"1/2"" PVC Conduit",CONDUIT - PVC
"1"" PVC (20' length)",CONDUIT - PVC
"2"" PVC SCH80",CONDUIT - PVC
"1"" PVC Conduit, 20', Schedule ",CONDUIT - PVC
"1-1/4"" PVC Conduit, 20', Sched",CONDUIT - PVC
"PVC Conduit, Schedule 40, 3"" D",CONDUIT - PVC
"PVC Conduit, Schedule 80, 1"" D",CONDUIT - PVC
"PVC 4"" CONDUIT SCH 40 20'",CONDUIT - PVC
"PVC Conduit, 3/4"", 20', Sched",CONDUIT - PVC
"1"" PVC Conduit, 20', Schedule",CONDUIT - PVC
"1"" sealtight",CONDUIT - FLEX
"1/2"" car flex",CONDUIT - FLEX
"IMC Conduit, 3/4"", Galvanized ",CONDUIT - GRC
"EMT Conduit, 1-1/4"", Steel, 1",CONDUIT - EMT
"Arlington 818 ARL 818 4"" EMT S",CONDUIT - EMT
3/4 LT FLEX,CONDUIT - FLEX
"3/4"" CONDUIT - EMT",CONDUIT - EMT
"1""     CONDUIT - EMT",CONDUIT - EMT
EGS TCI-502 3/4 IN EMT SSCR CO,CONDUIT - EMT
1-1/2 metal flex,CONDUIT - FLEX
1-1/4 metal flex,CONDUIT - FLEX
"1-1/2"" x 5"" Galvanized Conduit",CONDUIT - GRC
"3/4"" Carflex® Black Liquidtigh",CONDUIT - FLEX
"EMT Pipe 3/4""",CONDUIT - EMT
"1/2"" flex",CONDUIT - FLEX
"1"" carflex",CONDUIT - FLEX
"[PVC] 4"", Schedule 80, 10' Sti",CONDUIT - PVC
1 in. x 10 ft. PVC Schedule 40,CONDUIT - PVC
"3/4"" GRC ",CONDUIT - GRC
"1-1/4"" GRC ",CONDUIT - GRC
"[PVC] 3"", Schedule 80, 10' Sti",CONDUIT - PVC
"[PVC] 3"", Schedule 80, 10' St",CONDUIT - PVC
3/4 PVC,CONDUIT - PVC
"1 1/2"" GRC CONDUIT 10FT STICK",CONDUIT - GRC
"[PVC] 1"", Schedule 80, 10' St",CONDUIT - PVC
1' PVC CONDUIT SCHEDULE 40,CONDUIT - PVC
"1"" PVC CONDUIT",CONDUIT - PVC
3/4 EMT CONDUIT,CONDUIT - EMT
"1"" EMT CONDUIT",CONDUIT - EMT
1-1/4 EMT CONDUIT,CONDUIT - EMT
1-1/2 EMT CONDUIT,CONDUIT - EMT
"2"" EMT CONDUIT",CONDUIT - EMT
"1"" EMT ",CONDUIT - EMT
"1-1/2"" EMT",CONDUIT - EMT
"2-1/2"" GRC",CONDUIT - GRC
"1-1/4"" GRC",CONDUIT - GRC
"3/4"" GRC",CONDUIT - GRC
"2"" GRC",CONDUIT - GRC
3/4” Emt To flex Combonation c,CONDUIT - FLEX
"[PVC] 1"", Schedule 40, 20' Sti",CONDUIT - PVC
2 X CLOSE-GALVANIZED CONDUIT N,CONDUIT - GRC
"3/4"" Minni's for EMT ",CONDUIT - EMT
"2 1/2"" EMT CONDUIT",CONDUIT - EMT
"EMT 2 1/2"" CONDUIT",CONDUIT - EMT
"3"" CARFLEX",CONDUIT - FLEX
CONDUIT 3/4IN EF/LT LIQ-TITE G,CONDUIT - FLEX
200' of 1/2 greenfield flex,CONDUIT - FLEX
"1"" greenfield flex (50')",CONDUIT - FLEX
"3/4"" LIQUID TIGHT CONDUIT",CONDUIT - FLEX
"3/4"" EMT CONDUITS SILVER",CONDUIT - EMT
"3/4"" RIGID CONDUITS",CONDUIT - PVC
"3/4"" RIGID CONDUIT",CONDUIT - PVC
"3/4"" FMC FLEX",CONDUIT - FLEX
"1"" FMC FLEX",CONDUIT - FLEX
"CONDUIT-EMT 1""",CONDUIT - EMT
ARLINGTON EMT75,CONDUIT - EMT
ARLINGTON EMT100,CONDUIT - EMT
"1/2"" FLEX FMC",CONDUIT - FLEX
"1"" CARFLEX",CONDUIT - FLEX
"3/4""X100'ALUM FLEX CONDUIT",CONDUIT - FLEX
"3/4"" CARFLEX",CONDUIT - FLEX
"1/2""EMT CONDUIT",CONDUIT - EMT
1” carflex,CONDUIT - FLEX
"3/4"" EMT CONDUIT`",CONDUIT - EMT
"2"" EMT CONDUITS",CONDUIT - EMT
"3"" emt conduit",CONDUIT - EMT
Panduit ST35-075-66WH PVC Ele,CONDUIT - PVC
Panduit ST35-075-66GR PVC Ele,CONDUIT - PVC
"1"" PVC SCH 40",CONDUIT - PVC
"1"" pvc LB",CONDUIT - PVC
"EMT 1"" Pipe",CONDUIT - EMT
"3/4"" pvc scedule 40",CONDUIT - PVC
"3/4"" pvc M/A's",CONDUIT - PVC
"1"" pvc",CONDUIT - PVC
Thomas & Betts XJG28-EMT 3/4 ,CONDUIT - EMT
Thomas & Betts XJG38-EMT 1 EM,CONDUIT - EMT
Thomas & Betts XJG38-EMT 1 EMT,CONDUIT - EMT
"3/4"" Steel Thinwall Conduit (",CONDUIT - EMT
3/4-RIGID CONDUIT,CONDUIT - PVC
"1/2"" emt",CONDUIT - EMT
"3"" flex",CONDUIT - FLEX
"4"" PVC MA",CONDUIT - PVC
"1"" PVC pipe",CONDUIT - PVC
"1""PVC MA",CONDUIT - PVC
"1/2"" EMT pipe",CONDUIT - EMT
"3/4"" EMT pipe",CONDUIT - EMT
"1-1/2"" EMT pipe",CONDUIT - EMT
"1/2"" flex FMC",CONDUIT - FLEX
Halex 5/16 in. Flexible Metal ,CONDUIT - FLEX
"1"" rigid conduit",CONDUIT - PVC
"1"" flex",CONDUIT - FLEX
"3/4"" flex",CONDUIT - FLEX
"3/4"" threaded LB metal conduit",UNK
HALEX 3/8 IN. FLEXIBLE METAL C,CONDUIT - FLEX
DYNA FLEX,CONDUIT - FLEX
"4"" pvc sch 40",CONDUIT - PVC
"3"" pvc Sch 40",CONDUIT - PVC
"10' 2"" PVC sch 40",CONDUIT - PVC
"10'   4"" sch 80 pvc",CONDUIT - PVC
"ipex PP3540    2"" pvc poly plu",CONDUIT - PVC
"2"" pvc sch 40",CONDUIT - PVC
"ipex PP3540    2"" pvc poly pl",CONDUIT - PVC
"3"" pvc sch 40",CONDUIT - PVC
"PVC Conduit, 4"", 20', Schedule",CONDUIT - PVC
"2"" pvc schedule 40",CONDUIT - PVC
"1 1/4"" pvc schedule 40",CONDUIT - PVC
"2"" pvc LB",CONDUIT - PVC
1 1/4 pvc,CONDUIT - PVC
"1"" pvc TA",CONDUIT - PVC
"2"" PVC TA",CONDUIT - PVC
"1 1/2"" pvc",CONDUIT - PVC
"2"" EMT ",CONDUIT - EMT
"2-1/2"" EMT ",CONDUIT - EMT
1 1/2 in emt,CONDUIT - EMT
4” emt ,CONDUIT - EMT
3 ½” emt ,CONDUIT - EMT
2 ½” emt ,CONDUIT - EMT
2” emt ,CONDUIT - EMT
1 ½” emt ,CONDUIT - EMT
1/2 emt,CONDUIT - EMT
1-1/2 EMT QT 1-1/4,CONDUIT - EMT
"1 1/2"" emt",CONDUIT - EMT
"1"" pvc sch 40",CONDUIT - PVC
"1 1/4"" pvc sch 40",CONDUIT - PVC
"Bridgeport 61-DC  1/2"" emt pul",CONDUIT - EMT
1 1/4 emt,CONDUIT - EMT
"1/2"" EMT (Minis)",CONDUIT - EMT
"1"" EMT (Minis)",CONDUIT - EMT
"3/4"" EMT (Minis)",CONDUIT - EMT
Calbrite S62000MH00 CONDUIT MI,UNK
1 1/2  EMT,CONDUIT - EMT
118 ADJ 582047 BPT280SP1/2EMT,CONDUIT - EMT
118 ADJ 582047 BPT280SP 1/2EMT,CONDUIT - EMT
"2 1/2"" flex",CONDUIT - FLEX
"2"" flex",CONDUIT - FLEX
Bridgeport® Knockout Conduit ,UNK
1 1/2 NPT IRON C FORM 7 CNDT B,UNK
"1 1/2"" flex  (greenfield)",CONDUIT - FLEX
"2-1/2"" EMT 10'",CONDUIT - EMT
"4"" flex",CONDUIT - FLEX
3/4 flex aluminum,CONDUIT - FLEX
"1 1/2"" flex",CONDUIT - FLEX
"3"" Emt",CONDUIT - EMT
3 1/2 emt,CONDUIT - EMT
FLX ALC150RW25CL 1-1/2-FLEX-AL,CONDUIT - FLEX
EMT 150 1-1/2X10FT-EMT,CONDUIT - EMT
"4"" flex (greenfeild)",CONDUIT - FLEX
"1 1/4"" emt",CONDUIT - EMT
"1 1/2"" flex (greenfeild)",CONDUIT - FLEX
"2 1/2"" emt LB",CONDUIT - EMT
"1/2"" emt pulling L",CONDUIT - EMT
"3/4"" emt pulling L",CONDUIT - EMT
"1 1/2"" emt LB  (eaton LB55-CGN",CONDUIT - EMT
3/4 flex (greenfield),CONDUIT - FLEX
"1/2"" flex (greenfield)",CONDUIT - FLEX
"4"" flex (greenfield)",CONDUIT - FLEX
FLX ALC200RW25CL 2-IN-FLEX-ALU,CONDUIT - FLEX
"3/4"" car flex",CONDUIT - FLEX
1 1/4 pvc ta,CONDUIT - PVC
"1 1/4""pvc TA",CONDUIT - PVC
1 1/2 pvc schedule 40,CONDUIT - PVC
1 1/2 pvc ta,CONDUIT - PVC
FLX ALC250RW-CUT 2-1/2-FLEX-AL,CONDUIT - FLEX
EMT 050 1/2X10FT-EMT,CONDUIT - EMT
1-IN L/T FLEX PVC,CONDUIT - FLEX
EMT 125 1-1/4X10FT-EMT,CONDUIT - EMT
EMT 250 2-1/2X10FT-EMT,CONDUIT - EMT
PVC 200 2-IN-PVC-SCHED-40-COND,CONDUIT - PVC
1-1/4-ALUMINUM FLEXIBLE CONDUI,CONDUIT - FLEX
1-ALUMINUM FLEXIBLE CONDUIT,CONDUIT - FLEX
3/4 emt mineralac,CONDUIT - EMT
"EMT Conduit, 3-1/2"", Galvanize",CONDUIT - EMT
10/2 mc pvc jacket,CONDUIT - PVC
8/3 PVC coated MC,CONDUIT - PVC
"1 1/2"" emt mineralac",CONDUIT - EMT
"2"" emt mineralac",CONDUIT - EMT
arlington EMT75,CONDUIT - EMT
"3/4"" pvc LBs",CONDUIT - PVC
"[PVC] 6"", Schedule 80, 10' Sti",CONDUIT - PVC
"5"" Schedule 40 PVC",CONDUIT - PVC
"4"" Schedule 40 PVC",CONDUIT - PVC
"3"" Schedule 40 PVC",CONDUIT - PVC
"2"" Schedule 40 PVC",CONDUIT - PVC
"1 1/2"" Schedule 40 PVC",CONDUIT - PVC
"1"" Schedule 40 PVC",CONDUIT - PVC
"3/4"" Schedule 40 PVC",CONDUIT - PVC
1-1/4” Pvc Conduit,CONDUIT - PVC
1”Pvc Conduit,CONDUIT - PVC
1-1/4” PVC conduit,CONDUIT - PVC
1/2” Pvc Conduit,CONDUIT - PVC
"2-1/2"" PVC Conduit, 10', Sche",CONDUIT - PVC
"3/4"" smurf gray 1000' reels",CONDUIT - ENT
"1"" smurf gray 750' reels",CONDUIT - ENT
"1"" smurf gray",CONDUIT - ENT
"3/4"" smurf gray",CONDUIT - ENT
"1"" GRAY ENT 750' SPOOL",CONDUIT - ENT
"3/4"" GRAY ENT 1000' SPOOL",CONDUIT - ENT
"3/4"" GRAY ENT tubing",CONDUIT - ENT
"4"" schedule 40 PVC",CONDUIT - PVC
"1"" schedule 40 PVC",CONDUIT - PVC
"2"" schedule 40 PVC",CONDUIT - PVC
pvc conduit 1,CONDUIT - PVC
"2"" EMT Conduit, 10'",CONDUIT - EMT
"1"" Sch 40 PVC Conduit",CONDUIT - PVC
3/4 BLUE ENT COND,CONDUIT - ENT
1 750R ENT UL BL KWIKON RL PCO,CONDUIT - ENT
"200 10' 1"" PVC schedule 40",CONDUIT - PVC
"100 10' 4"" PVC schedule 40",CONDUIT - PVC
"1"" scedule 40 PVC conduit",CONDUIT - PVC
"2"" gray ENT tubing",CONDUIT - ENT
"1"" gray ENT tubing",CONDUIT - ENT
"2"" PVC Conduit, 20', Schedule",CONDUIT - PVC
"PVC Conduit, Schedule 40, 6"" ",CONDUIT - PVC
"1/2"" blue ENT",UNK
"3/4"" schedule 40 PVC",CONDUIT - PVC
"3"" schedule 80 PVC",CONDUIT - PVC
"10' rigid conduit 3""",CONDUIT - PVC
1” ENT  conduit,CONDUIT - ENT
1” Smurf,CONDUIT - ENT
3/4”Smurf,CONDUIT - ENT
"3/4"" Smurf",CONDUIT - ENT
"1-1/2"" Carflex  ",CONDUIT - FLEX
"3/4"" ENT( Smurf Tube Rated for",CONDUIT - ENT
EMT4 - CONDUIT - EMT 4IN,CONDUIT - EMT
EMT3 - CONDUIT - EMT 3IN,CONDUIT - EMT
EMT2 - CONDUIT - EMT 2IN,CONDUIT - EMT
EMT1 - CONDUIT - EMT 1IN,CONDUIT - EMT
EMT34 - CONDUIT - EMT 3/4IN,CONDUIT - EMT
"3/4"" gray ENT",UNK
"1"" gray ENT",UNK
"EMT Conduit, 1-1/2"", Galvaniz",CONDUIT - EMT
"4"" EMT PIPE",CONDUIT - EMT
"1"" ENT , Gray tube",CONDUIT - ENT
3/4 Inch. ENT To 3/4 Inch. EMT,CONDUIT - ENT
1 Inch. ENT To 1 Inch. EMT Non,CONDUIT - ENT
3/4 Inch. ENT To 3/4 Inch. EM,CONDUIT - ENT
"1/2"" BLUE ENT",UNK
EMT 4X 22-1/2,CONDUIT - EMT
"5 1000' spools blue 3/4"" ENT",UNK
"6 750' spools 1"" gray ENT",UNK
"1/2"" EMT CONDUIT",CONDUIT - EMT
"3/4"" Metal flexible conduit",CONDUIT - FLEX
"1/2"" METAL ALUMINUN FLEX",CONDUIT - FLEX
"Flexible Metal Conduit, 3/4""",CONDUIT - FLEX
"3/4"" Carflex",CONDUIT - FLEX
"1"" EMT conduit",CONDUIT - EMT
"3/8"" super flexible metallic c",CONDUIT - FLEX
"3/4"" rigid conduit",CONDUIT - PVC
"3/4"" carflex  ",CONDUIT - FLEX
"3/8"" super flex flexible metal",CONDUIT - FLEX
"3/4"" blue ENT",UNK
"1/2"" ENT",UNK
"Aluminum Flex, 3/8"", 250' Reel",CONDUIT - FLEX
"3/8"" aluminum Superflex",CONDUIT - FLEX
"EMT 1 1/2"" Pipe",CONDUIT - EMT
"1/2"" Blue ENT",UNK
"4"" PVC Conduit SQ 40",CONDUIT - PVC
"2 1/2"" EMT conduit",CONDUIT - EMT
"Carlon 1/2ENT - 1/2"" ENT Non-M",CONDUIT - ENT
"3/4"" ENT CONDUICT BLUE",CONDUIT - ENT
"BLUE 3/4"" ENT",UNK
"BLUE 1/2"" ENT",UNK
"10' 1 1/2"" rigid conduit",CONDUIT - PVC
"2"" aluminum flex",CONDUIT - FLEX
"3/4"" aluminum flex",CONDUIT - FLEX
"1"" aluminum flex",CONDUIT - FLEX
"1"" flexible metallic tubing al",CONDUIT - FLEX
"3/4"" flexible metallic tubing ",CONDUIT - FLEX
"3/4"" BLUE ENT smurf",CONDUIT - ENT
"3"" metallic flex",CONDUIT - FLEX
"1/2"" flexible metallic conduit",CONDUIT - FLEX
"3/4"" BLUE ENT",UNK
"2"" metallic flex",CONDUIT - FLEX
"4"" metallic flex",CONDUIT - FLEX
"1/2"" metallic flexible conduit",CONDUIT - FLEX
"3/4"" metallic flexible conduit",CONDUIT - FLEX
"1"" Smurf",CONDUIT - ENT
3/4 blue PVC ENT,CONDUIT - PVC
1-1/2 EMT COUNDUITS,CONDUIT - EMT
KYL 012011  3/4INX1000FT ENT U,CONDUIT - ENT
KYL 012021  1INX750FT ENT UL K,CONDUIT - ENT
"3/4"" EMT CONDUITS",CONDUIT - EMT
"3/4""EMT",CONDUIT - EMT
"3/4"" flex st",CONDUIT - FLEX
1/2 X CLOSE-GALVANIZED CONDUIT,CONDUIT - GRC
"1/2"" ENT BLUE SMURFS",CONDUIT - ENT
EMT 400 ARLINGTON,CONDUIT - EMT
EMT 200 ARLINGTON,CONDUIT - EMT
EMT 75 ARLINGTON,CONDUIT - EMT
EMT 100 ARLINGTON,CONDUIT - EMT
KYL 012002  1/2INX1500FT ENT U,CONDUIT - ENT
GRC 075 3/4-GALV-STEEL,CONDUIT - GRC
FLX ALC075RW100CL 3/4-FLEX-ALU,CONDUIT - FLEX
"1 1/2"" threaded plastic pvc bu",CONDUIT - PVC
"1 1/4"" threaded plastic pvc bu",CONDUIT - PVC
"4"" emt conduits",CONDUIT - EMT
3/4” Emt Conduit,CONDUIT - EMT
4” Carflex,CONDUIT - FLEX
"Carlon 12008-750 Blue ENT, 1""",UNK
1-1/4 in. Ratcheting PVC Cutte,CONDUIT - PVC
½” EMT conduit,CONDUIT - EMT
"2"" GRC CONDUIT",CONDUIT - GRC
XENTURY,UNK
HERITAGE PLASTIC PVC-6-20 SCH4,CONDUIT - PVC
"4"" PVC Conduit, 20', Schedule",CONDUIT - PVC
Thomas & Betts Round PVC Floor,CONDUIT - PVC
3/4 PVC PIPE,CONDUIT - PVC
"3/4"" PVC Sch. 80",CONDUIT - PVC
"1"" PVC Sch. 80",CONDUIT - PVC
"1-1/4"" PVC sch. 80",CONDUIT - PVC
"2"" PVC sch. 80",CONDUIT - PVC
"4"" PVC Sch. 80",CONDUIT - PVC
"2-1/2"" PVC",CONDUIT - PVC
"PVC 2 1/2"" SCH40",CONDUIT - PVC
"3/4"" PVC SCHEDULE 40 CONDUIT",CONDUIT - PVC
"2"" SCHEDULE 40 PVC CONDUIT",CONDUIT - PVC
"2"" SCHEDULE 80 PVC CONDUIT",CONDUIT - PVC
"1-1/2"" sch.40 PVC",CONDUIT - PVC
"2"" Sch. 40 PVC",CONDUIT - PVC
"1"" PVC L.B.",CONDUIT - PVC
"2"" Sch.40 PVC",CONDUIT - PVC
"3/4"" sch. 40 PVC",CONDUIT - PVC
"3/4"" PVC sch. 40",CONDUIT - PVC
"3/4"" PVC sch.40",CONDUIT - PVC
"1"" PVC sch.40",CONDUIT - PVC
2 inch PVC schedule 40,CONDUIT - PVC
2 inch pvc schedule 80,CONDUIT - PVC
156PR 15007-CUT REEL 3/4LTFLEX,CONDUIT - FLEX
"1-1/4"" Carflex",CONDUIT - FLEX
"1"" Carflex",CONDUIT - FLEX
"4"" Sch. 40 PVC",CONDUIT - PVC
"3/4"" EMT to greenfield chngeov",CONDUIT - EMT
2 inch car flex,CONDUIT - FLEX
XENTURY ADJ,UNK
1in emt,CONDUIT - EMT
1in pvc,CONDUIT - PVC
"1"" PVC TA's",CONDUIT - PVC
1’ PVC SCHEDULE 80,CONDUIT - PVC
3/4 PVC SCHEDULE 80,CONDUIT - PVC
"4"" southwire (topaz) EMT",CONDUIT - EMT
2 1/2 inch emt 10ft sticks,CONDUIT - EMT
"EMT Conduit, 3"", Steel, 10'",CONDUIT - EMT
"EMT Conduit, 1-1/4"", Steel, 10",CONDUIT - EMT
2 1/2 emt,CONDUIT - EMT
2/1/2 emt,CONDUIT - EMT
"EMT 3"" Pipe",CONDUIT - EMT
2 1/2 flex,CONDUIT - FLEX
1 1/2 emt 30s,CONDUIT - EMT
3/4 pvc TA,CONDUIT - PVC
3/4 seal-tight flex,CONDUIT - FLEX
1/2 seal-tight flex,CONDUIT - FLEX
2-1/2 FLEX STL CONDUIT,CONDUIT - FLEX
"3/4"" FLEX STL CONDUIT",CONDUIT - FLEX
Conduit 3 type UL Liquidtight,CONDUIT - FLEX
PVC Primer Quart,CONDUIT - PVC
"1"" pvc TAs",CONDUIT - PVC
1/2 in emt,CONDUIT - EMT
1 1/4 SEALTIGHT FLEX,CONDUIT - FLEX
2 1/2 in pvc TA,CONDUIT - PVC
2 1/2 emt 30s,CONDUIT - EMT
2 1/2 emt LB,CONDUIT - EMT
3/4 pvc f/a,CONDUIT - PVC
1-1/2 Car flex,CONDUIT - FLEX
1-1/2 rigid pipe,CONDUIT - PVC
1”1/2 EMT CONDUIT,CONDUIT - EMT
3/4 EMT pipe,CONDUIT - EMT
"2-1/2"" Flex STL Conduit",CONDUIT - FLEX
EMT Conduit 1“,CONDUIT - EMT
"1-1/2"" PVC MA",CONDUIT - PVC
"3"" PVC MA",CONDUIT - PVC
"1-1/4"" PVC",CONDUIT - PVC
"2"" PVC  ",CONDUIT - PVC
"3/4"" PVC SCH 40 (20' Sticks)",CONDUIT - PVC
"1 ""  PVC SCH 40 (20' Sticks)",CONDUIT - PVC
"1 -1/4""  PVC SCH 40",CONDUIT - PVC
"4"" PVC SCH 40 (20' Sticks)",CONDUIT - PVC
3 IN. PVC SCH 40,CONDUIT - PVC
3 IN SCH 40 PVC,CONDUIT - PVC
SCH 40 3/4 PVC,CONDUIT - PVC
3/4 SCH 40 PVC,CONDUIT - PVC
SCH 80- 1 IN PVC,CONDUIT - PVC
"SCHEDULE 40 3/4"" PVC",CONDUIT - PVC
2IN RIGID PIPE,CONDUIT - PVC
1 1/2 RIGID PIPE,CONDUIT - PVC
1 IN. RIGID PIPE,CONDUIT - PVC
1 IN. SCH 40 PVC,CONDUIT - PVC
"3/4"" FLEX CONDUIT",CONDUIT - FLEX
"1/2"" FLEX CONDUIT",CONDUIT - FLEX
"1"" GRC Minni's",CONDUIT - GRC
"2"" GRC Weatherhead",CONDUIT - GRC
"3"" GRC Weatherhead",CONDUIT - GRC
"1-1/4"" PVC LB",CONDUIT - PVC
"3"" PVC LB",CONDUIT - PVC
[Carflex NonMetallic Liquidtig,CONDUIT - FLEX
3 1/2 IN. PVC SCH 40,CONDUIT - PVC
F-C-3010 STI WF sealent 5 Gall,CONDUIT - ENT
4 IN. SCH 80 PVC,CONDUIT - PVC
1 1/2 sch 80 pvc,CONDUIT - PVC
SCH 80 3 IN. PVC,CONDUIT - PVC
1 1/2 SCH. 40 PVC,CONDUIT - PVC
1 1/2 PVC MA,CONDUIT - PVC
1 1/2 SCH 80 PVC,CONDUIT - PVC
3 IN. PVC LR,CONDUIT - PVC
3 IN SCH. 40 PVC,CONDUIT - PVC
4IN. NM LIQUID TIGHT FLEX,CONDUIT - FLEX
1 1/4 LBE PVC,CONDUIT - PVC
4 IN PVC LBE,CONDUIT - PVC
4 IN SCH 40 PVC,CONDUIT - PVC
3 IN. SCHEDULE 80 PVC,CONDUIT - PVC
2 IN. SCHEDLE 80 PVC,CONDUIT - PVC
1 IN. LB PVC,CONDUIT - PVC
3/4 IN. LB PVC,CONDUIT - PVC
3/4 NM LT FLEX,CONDUIT - FLEX
3 1/2 in. PVC MA,CONDUIT - PVC
3 in. PVC MA,CONDUIT - PVC
2 in. PVC LBE,CONDUIT - PVC
3 IN PVC SCH 40,CONDUIT - PVC
3/4 PVC MA,CONDUIT - PVC
2 in sch 40 pvc,CONDUIT - PVC
2 IN METAL LT FLEX,CONDUIT - FLEX
PVC 1 1/4 sch40,CONDUIT - PVC
PVC 100 1-IN-PVC-SCHED-40-COND,CONDUIT - PVC
3 in sch 40 PVC,CONDUIT - PVC
"Blue ENT, 3/4"", 1000' reel",UNK
"3/4"" PVC( 120- 10 ft sticks) *",CONDUIT - PVC
PVC heat gun,CONDUIT - PVC
1-IN BLUE ENT COND,CONDUIT - ENT
1-1/4 BLU ENT COND,CONDUIT - ENT
"CTX 5133668 2"" PVC LB",CONDUIT - PVC
4-STEEL THINWALL CONDUIT,CONDUIT - EMT
"3"" Greenfield Flex",CONDUIT - FLEX
"2"" Greenfield Flex",CONDUIT - FLEX
"3/4"" Greenfield Flex",CONDUIT - FLEX
"1"" EMT Red",CONDUIT - EMT
"2"" Red EMT",CONDUIT - EMT
"3/4"" EMT Red",CONDUIT - EMT
3/4 Green field flex,CONDUIT - FLEX
"1"" Red EMT",CONDUIT - EMT
"1"" EMT ( 2000ft total)",CONDUIT - EMT
100ft Roll of 3/4 Flex,CONDUIT - FLEX
"2000ft of 3/4"" EMT",CONDUIT - EMT
"10ft 2 1/2"" EMT",CONDUIT - EMT
"100ft Red 2"" EMT",CONDUIT - EMT
"1"" RED EMT",CONDUIT - EMT
"WI LT FLEXMT COND 50FT X 2""",CONDUIT - FLEX
2 1/2 EMT/RIGID TO FLEX CONT,CONDUIT - FLEX
MULTIGRIP PIPE THINWALL IMC RG,CONDUIT - EMT
2 EMT TO FLEX CONT,CONDUIT - FLEX
"2"" Conduit Pulling C",UNK
"4"" PVC Schedule 40  (20' secti",CONDUIT - PVC
"2"" PVC Schedule 40",CONDUIT - PVC
"3/4"" PVC Schedule 40",CONDUIT - PVC
"4"" PVC Schedule 40  (10' secti",CONDUIT - PVC
"2"" PVC weatherhead",CONDUIT - PVC
Charlotte Pipe 2 in. PVC Socke,CONDUIT - PVC
"1"" PVC conduit Schedule 40",CONDUIT - PVC
"1"" PVC MA",CONDUIT - PVC
"12"" x 12"" x 4"" PVC Junction Bo",CONDUIT - PVC
"1"" PVC LB",CONDUIT - PVC
Carlon B120R or equivalent,UNK
LQT NM0501000RL 1/2-IN-FLEX-NM,CONDUIT - FLEX
"1"" EMT LB",CONDUIT - EMT
"3/4"" PVC (500' total)",CONDUIT - PVC
3/4 PVC SCH48,CONDUIT - PVC
PVC 075 3/4-PVC-SCHED-40-CONDU,CONDUIT - PVC
LQT NM200-CUT 2-IN-FLEX-NM-LIQ,CONDUIT - FLEX
AI NMLT200  2IN PVC LT STR CON,CONDUIT - PVC
"3/4"" PVC conduit",CONDUIT - PVC
"3/4"" PVC LB",CONDUIT - PVC
KLEIN TOOLS 25FT MULTI FLEX GL,CONDUIT - FLEX
HUSKY1-1/4 in. Ratcheting PVC ,CONDUIT - PVC
HALEX1/2 in. Rigid Conduit Loc,CONDUIT - PVC
"3"" Schedule 80 PVC Conduit",CONDUIT - PVC
"3"" PVC Weatherhead",CONDUIT - PVC
"3"" PVC Conduit",CONDUIT - PVC
"4""  PVC Conduit",CONDUIT - PVC
"3"" PVC Sweep",CONDUIT - PVC
"[ENT] 3/4"", 1000'",UNK
"1"" sch40 PVC",CONDUIT - PVC
"Cor-Line 3/4"" ENT #012009 100",CONDUIT - ENT
1 ENT BLUE COND SMURF TUB,CONDUIT - ENT
all thead 10ft lenth,UNK
"4"" EMT Conduit, 10'",CONDUIT - EMT
SMBS-H-15 PVC SHALLOW SLAB BO,CONDUIT - PVC
1 “ Schedule 40 pvc conduit,CONDUIT - PVC
"1/2"" Carflex NM Flexible Condu",CONDUIT - FLEX
"4"" PVC Schedule 40",CONDUIT - PVC
"1"" PVC Schedule 40",CONDUIT - PVC
"1/2"" Flex",CONDUIT - FLEX
"6"" x 6"" x4"" Deep PVC Gasketed ",CONDUIT - PVC
"1"" Emt",CONDUIT - EMT
"1/2"" Emt",CONDUIT - EMT
PVC4TA,CONDUIT - PVC
"4"" Emt",CONDUIT - EMT
"1-1/2"" Schedule 80 PVC",CONDUIT - PVC
"3/4"" PVC pulling L",CONDUIT - PVC
"3/4"" sch40PVC",CONDUIT - PVC
"1 1/4"" PVC Schedule 40",CONDUIT - PVC
"1 1/2"" PVC Schedule 40",CONDUIT - PVC
"3/4"" Flex",CONDUIT - FLEX
3/4” CARFLEX,CONDUIT - FLEX
1 1/4” EMT,CONDUIT - EMT
3” RIGID PIPE,CONDUIT - PVC
"1"" Metal Flex",CONDUIT - FLEX
"3/4"" Emt",CONDUIT - EMT
1 1/4” PVC SCHED 40,CONDUIT - PVC
1/2” CARFLEX,CONDUIT - FLEX
"3"" Flex",CONDUIT - FLEX
"2"" PVC LB Condulet",CONDUIT - PVC
"3/4"" PVC LB Condulet",CONDUIT - PVC
"3/4"" Sealtite Flex",CONDUIT - FLEX
"2 1/2"" Greenfield Flex",CONDUIT - FLEX
"1 1/2"" Greenfield Flex",CONDUIT - FLEX
"1-1/2"" GRC",CONDUIT - GRC
"3"" GRC",CONDUIT - GRC
"3/4"" PVC SCHEDULE 40",CONDUIT - PVC
"1"" PVC SCHEDULE 40",CONDUIT - PVC
"1-1/4"" PVC SCHEUDLE 40",CONDUIT - PVC
"1-1/2"" PVC SCHEDULE 40",CONDUIT - PVC
"2-1/2"" PVC SCHEDULE 40",CONDUIT - PVC
"3"" PVC SCHEDULE 40",CONDUIT - PVC
"1"" GRC ",CONDUIT - GRC
"1-1/4""  EMT",CONDUIT - EMT
"3"" EMT Conduit, 10'",CONDUIT - EMT
"2"" Emt",CONDUIT - EMT
"1/4"" all thread 6' lenths",UNK
"2"" EMT conduit",CONDUIT - EMT
"3/4"" EMT Or 3/4"" Rigid/RMC, Co",CONDUIT - EMT
4” PVC x 10’  pipe,CONDUIT - PVC
"3/4"" Schedule 80 pvc",CONDUIT - PVC
"1-1/2"" PVC",CONDUIT - PVC
"4"" PVC",CONDUIT - PVC
3/4 lb pvc,CONDUIT - PVC
"1"" schedule 40 pvc conduit",CONDUIT - PVC
"Rigid Conduit, 2"" Diameter, 1",CONDUIT - PVC
"2"" Conduit - PVC 40",CONDUIT - PVC
"2"" Conduit - RMC Galvanized",CONDUIT - GRC
"12"" H x 12"" W x 6"" D PVC Junct",CONDUIT - PVC
"2"" Conduit - ENT Orange - Rise",CONDUIT - ENT
"Aluminum Flex, 1/2"", 1000' Ree",CONDUIT - FLEX
PVC 1G nail on B120A,CONDUIT - PVC
"2"" PVC LB",CONDUIT - PVC
"2"" PVC conduit",CONDUIT - PVC
1/2 EMT conduit,CONDUIT - EMT
"4"" RIGID CONDUIT",CONDUIT - PVC
POW PS-1300-AS-1-1/2-EG PIPE C,UNK
"3"" PVC schedule 40",CONDUIT - PVC
"2"" PVC schedule 40",CONDUIT - PVC
"1"" PVC CONDUIT SCHEDULE 40",CONDUIT - PVC
2” PVC LB THREADED,CONDUIT - PVC
1 1/2 pvc ma's,CONDUIT - PVC
2”Rigid Conduit/bar For Wire S,CONDUIT - PVC
"1-1/4"" PVC Conduit, 10, Schedu",CONDUIT - PVC
"[PVC] 1 1/4"", Schedule 40, 20'",CONDUIT - PVC
1-1/2” PvC,CONDUIT - PVC
1in pvc pipe 10' stick,CONDUIT - PVC
MA ADPTR 2-1/2IN X 2.48IN PVC,CONDUIT - PVC
"1-1/4"" PVC MA'S",CONDUIT - PVC
"4""PVC SCH 40",CONDUIT - PVC
"3""PVC SCH 40",CONDUIT - PVC
"1"" PVC SCH 80 CONDUIT",CONDUIT - PVC
101 PVC1 SCH40 COND 10',CONDUIT - PVC
"2"" PVC CONDUIT",CONDUIT - PVC
"1"" PVC SCH 40 PVC",CONDUIT - PVC
"1-1/4"" PVC SCH 40 PVC",CONDUIT - PVC
"3/4"" PVC Sch 40",CONDUIT - PVC
1/2” PVC MA,CONDUIT - PVC
EMT AC/MC 14/3 TO 10/3,CONDUIT - EMT
"EMT 1-1/2"" Pipe",CONDUIT - EMT
"2"" PVC MA'S",CONDUIT - PVC
"4"" SCH 40 PVC",CONDUIT - PVC
J123AL01 35043 ELBEMT4002212,CONDUIT - EMT
123AL01 35043 ELBEMT4002212,CONDUIT - EMT
"1""EMT",CONDUIT - EMT
"3/4"" LIQUIDTIGHT METAL FLEXIBL",CONDUIT - FLEX
"3"" PVC MA'S",CONDUIT - PVC
"3/4"" PVC MA'S",CONDUIT - PVC
"1"" PVC MA'S",CONDUIT - PVC
"1/2"" LIQUID METAL FLEXABLE CON",CONDUIT - FLEX
"3/4"" LIQUID METAL FLEXABLE CON",CONDUIT - FLEX
LIQUID FLEXABLE METAL CONDUIT ,CONDUIT - FLEX
"4"" PVC MA's",CONDUIT - PVC
"3/4"" Flexible Liquidtight Meta",CONDUIT - FLEX
"3/4"" Flexible Liquid tight Met",CONDUIT - FLEX
"3"" Flexible Liquid tight Metal",CONDUIT - FLEX
"1/2"" FLEX GREENFIELD",CONDUIT - FLEX
"1/2"" FLEXABLE NON-METALIC LIQU",CONDUIT - FLEX
3'' EMT INS BSHG,CONDUIT - EMT
12 in. x 12 in. x 6 in. PVC Ju,CONDUIT - PVC
"1 1/4"" Sch 40 PVC",CONDUIT - PVC
GALVANIZED CUT PIPE 1 IN. X 18,CONDUIT - GRC
3/4” Gray SEALTIGHT,CONDUIT - FLEX
3/4” Sealtight,CONDUIT - FLEX
Carflex 1 1/4,CONDUIT - FLEX
1/2” Steel FLEX,CONDUIT - FLEX
"EMT Conduit, 4"", Galvanized S",CONDUIT - EMT
Thomas & Betts TC712ART EMT Co,CONDUIT - EMT
"2"" x 4"" Galvanized Conduit Nip",CONDUIT - GRC
"2-1/2"" x 3"" Galvanized Conduit",CONDUIT - GRC
"3"" x 3"" Galvanized Conduit Nip",CONDUIT - GRC
smurf ENT tube 1”,CONDUIT - ENT
"[PVC] 1 1/2"", Schedule 80, 10'",CONDUIT - PVC
3'' PVC,CONDUIT - PVC
2'' PVC,CONDUIT - PVC
(Metallic Flexible Conduit Con,CONDUIT - FLEX
"[ENT] 1 1/4"", 50'",UNK
1 1/4 greenfield flex,CONDUIT - FLEX
"2"" emt pipe",CONDUIT - EMT
belden 9729 or equivalent,UNK
3/4” None Metalic Carlon Flex ,CONDUIT - FLEX
3/4” None Metalic Carlon Flex,CONDUIT - FLEX
1-1/4”       Schl 40   pvc  Co,CONDUIT - PVC
1-1/2”       Schl 40   pvc  Co,CONDUIT - PVC
2-1/2”       Schl 40   pvc  Co,CONDUIT - PVC
3-1/2 ”       Schl 40   pvc  C,CONDUIT - PVC
1-1/4”       Schl 40   pvc  Ma,CONDUIT - PVC
1-1/2”       Schl 40   pvc  Ma,CONDUIT - PVC
2-1/2”       Schl 40   pvc  Ma,CONDUIT - PVC
3 -1/2 ”       Schl 40   pvc  ,CONDUIT - PVC
1-1/4”       Schl 40   pvc  Fe,CONDUIT - PVC
1-1/2”       Schl 40   pvc  Fe,CONDUIT - PVC
2-1/2”       Schl 40   pvc  Fe,CONDUIT - PVC
3-1/2”       Schl 40   pvc  Fe,CONDUIT - PVC
3-1/2”       Schl 40   pvc  F,CONDUIT - PVC
3/4 Pvc Schl 40,CONDUIT - PVC
1” Pvc Schl 40,CONDUIT - PVC
1-1/2” Pvc Schl 40,CONDUIT - PVC
2” Pvc Schl 40,CONDUIT - PVC
2 -1/2”Pvc Schl 40,CONDUIT - PVC
3-1/2”Pvc Schl 40,CONDUIT - PVC
4”Pvc Schl 40,CONDUIT - PVC
3” Pvc Schl 40,CONDUIT - PVC
1-1/2 “ Pvc Schl 40,CONDUIT - PVC
3/4” Pvc Pipe Schl 40,CONDUIT - PVC
1-1/4”Pvc Schl 40,CONDUIT - PVC
1-1/2”Pvc Schl 40,CONDUIT - PVC
1” pvc conduit schl 40,CONDUIT - PVC
3/4” pvc conduit schl 40,CONDUIT - PVC
1” non metallic flexible Liqud,CONDUIT - FLEX
"2"" PVC SCH 40 CONDUIT",CONDUIT - PVC
"1.5"" PVC SCH 40 CONDUIT",CONDUIT - PVC
"1"" PVC SCH 40 CONDUIT",CONDUIT - PVC
3/4 “ pvc,CONDUIT - PVC
1“ pvc,CONDUIT - PVC
1-1/2”pvc,CONDUIT - PVC
3” pvc schl 40,CONDUIT - PVC
3” Emt Conduit,CONDUIT - EMT
1-1/4” Emt Conduit,CONDUIT - EMT
1” Emt Conduit,CONDUIT - EMT
"2"" PVC ",CONDUIT - PVC
"4"" PVC ",CONDUIT - PVC
1/2” Emt Conduit ,CONDUIT - EMT
3/4” Emt Conduit ,CONDUIT - EMT
1” emt conduit,CONDUIT - EMT
1/2” emt conduit,CONDUIT - EMT
3” flex metal,CONDUIT - FLEX
1-1/4”metal flex,CONDUIT - FLEX
1-1/2” emt conduit,CONDUIT - EMT
1/2” none metalic flex carlon ,CONDUIT - FLEX
4” emt conduit,CONDUIT - EMT
3” emt conduit,CONDUIT - EMT
3/4” emt conduit,CONDUIT - EMT
FLEXCON 2,CONDUIT - FLEX
1/2”non metallic flexible Lqui,CONDUIT - FLEX
1/2” none metal carflex,CONDUIT - FLEX
3-1/2” emt cnduit,CONDUIT - EMT
1-1/4” emt conduit,CONDUIT - EMT
2” emt conduit,CONDUIT - EMT
3/4”emt,CONDUIT - EMT
3-1/2 X 12-GALVANIZED CONDUIT ,CONDUIT - GRC
3-1/2”  none metallic flex. - ,CONDUIT - FLEX
"1/2"" AL flex",CONDUIT - FLEX
1-1/2 Pvc MA’s,CONDUIT - PVC
2-1/2 Pvc MA,CONDUIT - PVC
2-1/2 Scd 80 Pvc,CONDUIT - PVC
1-1/2 Scd 80 Pvc,CONDUIT - PVC
1-1/2 Scd 80 PVC,CONDUIT - PVC
1-1/2 PVC MA’s,CONDUIT - PVC
"1/2"" EMT FOR STAKES",CONDUIT - EMT
"6"" SCHEDULE 40 PVC",CONDUIT - PVC
PVC 600 6-IN-PVC-SCHED-40-COND,CONDUIT - PVC
Arlington FLBC5500 Pvc Round F,CONDUIT - PVC
4” Scd 40 Pvc,CONDUIT - PVC
2'' PVC CONDUITS,CONDUIT - PVC
3/4'' PVC Conduit,CONDUIT - PVC
1'' PVC Conduit,CONDUIT - PVC
1-1/4 PVC,CONDUIT - PVC
"1 1/2"" PVC",CONDUIT - PVC
1000' Of 4'' PVC conduit,CONDUIT - PVC
2000' Of  4'' PVC Conduits 20F,CONDUIT - PVC
4'' PVC Conduits 10FT STICK,CONDUIT - PVC
3/4” EMT conduit,CONDUIT - EMT
1/2”EMT conduit,CONDUIT - EMT
1/2'' EMT CONDUIT,CONDUIT - EMT
300' 2' PVC conduit,CONDUIT - PVC
20' 2'' seal Tight Flex,CONDUIT - FLEX
20' -1 1/4'' seal Tight Flex,CONDUIT - FLEX
1 1/4in emt pipe,CONDUIT - EMT
"1/2 "" EMT",CONDUIT - EMT
2' EMT ,CONDUIT - EMT
"1 1/2"" EMT ",CONDUIT - EMT
100'-3/4'' Rigid conduit,CONDUIT - PVC
100' 1'' Rigid conduit,CONDUIT - PVC
2'' EMT CONDUIT,CONDUIT - EMT
2 1/2'' EMT CONDUIT,CONDUIT - EMT
1-1/2 EMT,CONDUIT - EMT
"1/2"" Metal Flex",CONDUIT - FLEX
3'' EMT  Plastic Throated Con,CONDUIT - EMT
1-RIGID CONDUIT,CONDUIT - PVC
14' Of 4'' seal Tight Flex,CONDUIT - FLEX
16' Of Seal Tight Flex,CONDUIT - FLEX
1 1/2'' EMT conduits,CONDUIT - EMT
2-RIGID CONDUIT,CONDUIT - PVC
1'' EMT Conduit,CONDUIT - EMT
40' -1 1/4'' Green Field Flex,CONDUIT - FLEX
40' 1 1/2'' Green Field Flex,CONDUIT - FLEX
1-roll 1'' Green Field Flex,CONDUIT - FLEX
1-roll 3/4'' Green Field Flex,CONDUIT - FLEX
1 1/4'' EMT Conduits,CONDUIT - EMT
1 1/2'' EMT Conduits,CONDUIT - EMT
60' Of 2'' EMT Conduits,CONDUIT - EMT
3'' EMT Conduits,CONDUIT - EMT
1-1/4-STEEL THINWALL CONDUIT,CONDUIT - EMT
800'-1 1/4'' EMT Conduit,CONDUIT - EMT
500'-1 1/2'' EMT Conduit,CONDUIT - EMT
80'-3'' EMT Conduit,CONDUIT - EMT
3/4'' Seal Tight Flex,CONDUIT - FLEX
1 1/2'' Seal Tight Flex,CONDUIT - FLEX
100'-1 1/2'' Rigid Conduits,CONDUIT - PVC
100'- 2'' Rigid Conduit,CONDUIT - PVC
40'- 2 1/2'' Rigid Conduit,CONDUIT - PVC
80' 2'' Rigid Conduit,CONDUIT - PVC
80'-2 1/2'' Rigid Conduit,CONDUIT - PVC
2'' Seal Tight Flex,CONDUIT - FLEX
2 1/2'' Seal Tight Flex,CONDUIT - FLEX
3/4'' green field St Flex Con,CONDUIT - FLEX
1''EMT Conduits,CONDUIT - EMT
1'' Seal Tight Flex,CONDUIT - FLEX
1'' Rigid Conduit,CONDUIT - PVC
12' -2 1/2'' SEAL TIGHT FLEX,CONDUIT - FLEX
160'  1 1/2'' EMT conduits,CONDUIT - EMT
200' 3/4'' Rigid Conduit,CONDUIT - PVC
1/2'' EMT Conduits,CONDUIT - EMT
1'' EMT Conduits,CONDUIT - EMT
"1"" Metal Flex Greenfield",CONDUIT - FLEX
20' of 4'' Seal Tight Flex,CONDUIT - FLEX
"1 1/4"" metal flex conduit",CONDUIT - FLEX
30' 2'' Rigid Conduits,CONDUIT - PVC
3/4'' Mater bundle EMT Conduit,CONDUIT - EMT
FLX ALC400RW25CL 4-IN-FLEX-ALU,CONDUIT - FLEX
"10' Sticks 2-1/2"" PVC Sch 40 ",CONDUIT - PVC
"10' Stick 1-1/2"" PVC Sch 40 (T",CONDUIT - PVC
"10' Sticks 4"" PVC Sch 40 (Tota",CONDUIT - PVC
"10' Sticks 2-1/2"" PVC Sch 40 (",CONDUIT - PVC
"320' 4"" PVC Sch 40",CONDUIT - PVC
"10' Sticks 1/2"" EMT (Total 200",CONDUIT - EMT
2” carflex,CONDUIT - FLEX
"4"" PVC sched 40",CONDUIT - PVC
"3/4"" PVC sched 40",CONDUIT - PVC
"1"" PVC sched 40",CONDUIT - PVC
"1.25"" PVC sched 40",CONDUIT - PVC
"1.5"" PVC sched 40",CONDUIT - PVC
"2.5"" PVC sched 40",CONDUIT - PVC
"3"" PVC sched 40",CONDUIT - PVC
"3/4"" grc conduit",CONDUIT - GRC
"1""x10' GRC conduit (to prefab)",CONDUIT - GRC
GRC 1  008PR,CONDUIT - GRC
"2"" GRC CONDUIT X 10'",CONDUIT - GRC
"3"" PVC Sched 40 X 800'",CONDUIT - PVC
"1"" Sched 40 PVC",CONDUIT - PVC
"2"" Sched 40 PVC",CONDUIT - PVC
"1.25"" CARFLEX @ 30'",CONDUIT - FLEX
"3/4"" CARFLEX @ 100'",CONDUIT - FLEX
"3/4"" PVC MA",CONDUIT - PVC
"4"" PVC SCHED 40 @ 10'",CONDUIT - PVC
"1"" PVC SCHED 40",CONDUIT - PVC
1-1/4 L/T FLEX PVC,CONDUIT - FLEX
1'' GRC OVER QT 006701,CONDUIT - GRC
"EMT 1"" CONDUIT",CONDUIT - EMT
"2.5"" EMT CONDUIT 10'",CONDUIT - EMT
"1/2""  STL FLEX",CONDUIT - FLEX
"1.25"" STL FLEX",CONDUIT - FLEX
"4"" STL FLEX",CONDUIT - FLEX
"EMT 1 "" CONDUIT",CONDUIT - EMT
"3"" STL FLEX",CONDUIT - FLEX
"EMT 1.25"" CONDUIT",CONDUIT - EMT
"EMT 1.5"" CONDUIT",CONDUIT - EMT
"EMT 2"" CONDUIT",CONDUIT - EMT
"EMT 2.5"" CONDUIT",CONDUIT - EMT
"EMT 3"" CONDUIT",CONDUIT - EMT
"EMT 4"" CONDUIT",CONDUIT - EMT
"3/4"" STL FLEX",CONDUIT - FLEX
"1"" STL FLEX",CONDUIT - FLEX
"2.5"" STL FLEX",CONDUIT - FLEX
"2"" STL FLEX",CONDUIT - FLEX
"1.5"" EMT",CONDUIT - EMT
"1"" GRC  150LF",CONDUIT - GRC
"1.25"" EMT",CONDUIT - EMT
"2"" GRC X 10'",CONDUIT - GRC
"master bundle 3/4"" EMT",CONDUIT - EMT
"3/4""x10' GRC",CONDUIT - GRC
"2""GRC",CONDUIT - GRC
"3/4"" EMT SS STL INS THROAT CON",CONDUIT - EMT
"2"" PVC Sched 40 @ 200'",CONDUIT - PVC
"1"" PVC @ 200'",CONDUIT - PVC
"2"" PVC X 10' Sched 40",CONDUIT - PVC
"2"" carflex",CONDUIT - FLEX
"3/4"" EMT @ 3000'",CONDUIT - EMT
TWISTER PROFLEX MINI 343 O/B 5,CONDUIT - FLEX
Allied Tube & Conduit SCH40 Ri,UNK
PVC 100 1-IN-PVC-SCHED-40-CON,CONDUIT - PVC
"2"" pvc 10' schedule 40 pipe",CONDUIT - PVC
"1"" pvc ma",CONDUIT - PVC
"2"" pvc  sch 40",CONDUIT - PVC
3/4 pvc sch 40,CONDUIT - PVC
"rigid 2"" pipe",CONDUIT - PVC
"emt 4"" pipe",CONDUIT - EMT
"1/2"" X 100' Flexible Aluminum ",CONDUIT - FLEX
"1"" pvc conduit",CONDUIT - PVC
100' 1/2 aluminum flex,CONDUIT - FLEX
"1"" pvc lr",CONDUIT - PVC
3/4 carflex 100' spools,CONDUIT - FLEX
3/4 pvc ma,CONDUIT - PVC
sch 40 pvc 3/4,CONDUIT - PVC
"1-1/2"" PVC 20' Lengths",CONDUIT - PVC
"3/4"" PVC  ( 100 sticks)",CONDUIT - PVC
"1"" PVC  (50 sticks)",CONDUIT - PVC
"1-1/4"" PVC 20' lengths",CONDUIT - PVC
"3/4"" PVC 20' lengths",CONDUIT - PVC
"1"" PVC 20' lengths",CONDUIT - PVC
1/2 inch pvc conduit Sch 40,CONDUIT - PVC
"1/2"" PVC PIPE",CONDUIT - PVC
"3/4"" PVC M/A",CONDUIT - PVC
"1"" PVC M/A",CONDUIT - PVC
"1 1/4"" PVC M/A",CONDUIT - PVC
"1 1/2"" PVC M/A",CONDUIT - PVC
"4"" PVC M/A",CONDUIT - PVC
"3/4"" PVC F/A",CONDUIT - PVC
"1 1/4"" PVC F/A",CONDUIT - PVC
"1 1/2"" PVC F/A",CONDUIT - PVC
"3"" PVC F/A",CONDUIT - PVC
"4"" PVC F/A",CONDUIT - PVC
"1 1/4"" PVC CONDUIT",CONDUIT - PVC
"1 1/4"" PVC PIPE",CONDUIT - PVC
"1-1/4"" EMT THINWALL",CONDUIT - EMT
"1/2"" sch 40 pvc",CONDUIT - PVC
3'' EMT INS BSHG  047,CONDUIT - EMT
GRC 150 1-1/2-GALV-STEEL,CONDUIT - GRC
"3"" EMT PIPE",CONDUIT - EMT
"1"" EMT LR",CONDUIT - EMT
"1"" EMT LL",CONDUIT - EMT
"4"" EMT MINI'S",CONDUIT - EMT
"1 1/2"" EMT MINI'S",CONDUIT - EMT
PVC Transport CES,CONDUIT - PVC
"EMT Aluminum Conduit, 2-1/2"" D",CONDUIT - EMT
1 BLUE ENT COND,CONDUIT - ENT
"1 1/4"" EMT - 10ft",CONDUIT - EMT
"1-1/4"" EMT Mini",CONDUIT - EMT
1-1/4 NMLT CONDUIT,UNK
4” sch  40 pvc,CONDUIT - PVC
3” sch  40 pvc,CONDUIT - PVC
3/4” sch   pvc,CONDUIT - PVC
1” sch  40 pvc,CONDUIT - PVC
3/4” smurf tubing,CONDUIT - ENT
3” sch  40 pvc 22 1/2”,CONDUIT - PVC
3/4” sch 40 pvc,CONDUIT - PVC
"Blue ENT, 1"", 750' Reel",UNK
"[PVC] 2"", SCHEDULE 40, 10'",CONDUIT - PVC
"[PVC] 3"", SCHEDULE  40, 10'",CONDUIT - PVC
"[PVC] 3/4"", SCHEDULE 40, 1",CONDUIT - PVC
"[PVC] 4"", SCHEDULE 40, 10'",CONDUIT - PVC
"[PVC] 1 1/2"", SCHEDULE 40",CONDUIT - PVC
GRC 100 1-IN-GALV-STEEL,CONDUIT - GRC
GRC 200 2-IN-GALV-STEEL,CONDUIT - GRC
"ENT 3/4"" 200' REEL",CONDUIT - ENT
"4"" FLEX",CONDUIT - FLEX
4” pvc conduit,CONDUIT - PVC
1/2 ent conduit Blue,CONDUIT - ENT
1-1/2-ALUMINUM FLEXIBLE CONDUI,CONDUIT - FLEX
"1&1/4"" PVC Conduit",CONDUIT - PVC
"4"" PVC Conduit",CONDUIT - PVC
"1"" EMT pipe",CONDUIT - EMT
NIP GRC125XCL 1-1/4XCLOSEX1-5/,CONDUIT - GRC
"2"" Rigid Conduit Threaded",CONDUIT - PVC
Allied Tube & Conduit SCH80 Ri,UNK
"1"" PVC Sch 80",CONDUIT - PVC
"EMT Conduit, 3-1/2"", Steel, 10",CONDUIT - EMT
"3"" Conduit - Site PVC 40",CONDUIT - PVC
"1"" Conduit - PVC 40",CONDUIT - PVC
"4"" Conduit -Site  PVC 40",CONDUIT - PVC
"1"" Sch 40 PVC PIPE",CONDUIT - PVC
PVC 40080 4-IN-PVC-SCHED-80-CO,CONDUIT - PVC
PVC 30080 3-IN-PVC-SCHED-80-CO,CONDUIT - PVC
"2"" x 12"" Galvanized Conduit N",CONDUIT - GRC
"2"" x 12"" Galvanized Conduit Ni",CONDUIT - GRC
"EMT Conduit, 2-1/2"", Steel, 10",CONDUIT - EMT
"1"" Car flex",CONDUIT - FLEX
"1"" Conduit -PVC Sch 80",CONDUIT - PVC
"2"" Conduit - PVC Sch 80",CONDUIT - PVC
"3"" Conduit -Site  PVC Sch 80",CONDUIT - PVC
"4"" Conduit -Site  PVC Sch 80",CONDUIT - PVC
"3"" SCH 40 PVC",CONDUIT - PVC
"2"" SCH 40 PVC",CONDUIT - PVC
"1 1/2"" SCH 40 PVC",CONDUIT - PVC
"1 1/2"" PVC LB W/ GASKET AND CO",CONDUIT - PVC
"1 1/4"" sch 40 pvc",CONDUIT - PVC
"1-1/4"" PVC Sch 40 20' Sections",CONDUIT - PVC
"1-1/2"" PVC Sch 40 20' Sections",CONDUIT - PVC
"2"" PVC Sch 40 20' Sections",CONDUIT - PVC
"2-1/2"" PVC Sch 40 20' Sections",CONDUIT - PVC
"3"" PVC Sch 40 20' Sections",CONDUIT - PVC
"1"" PVC Sch 40 20' Sections",CONDUIT - PVC
"4"" PVC Sch 40 20' Sections",CONDUIT - PVC
"3/4"" ENT Black Plastic Deck St",CONDUIT - ENT
"4"" PVC schedule 40 36"" Radius",CONDUIT - PVC
"1"" PVC x 20' long",CONDUIT - PVC
PIPE PVC075,CONDUIT - PVC
PVC-F TA07,CONDUIT - PVC
"1"" PVC SCH40",CONDUIT - PVC
1-1/4 PVC SCH40,CONDUIT - PVC
"3/4"" PVC Sch.40 Conduit",CONDUIT - PVC
"1"" PVC Sch.40 Conduit",CONDUIT - PVC
"1&1/4"" PVC Sch.40 Conduit",CONDUIT - PVC
PVC In Deck Carlon Nail Down B,CONDUIT - PVC
"2&1/2"" PVC Sch.40 Conduit",CONDUIT - PVC
"3"" PVC Sch.40 Conduit",CONDUIT - PVC
"1/2"" EMT For all the stakes",CONDUIT - EMT
PVC 400 4-IN-PVC-SCHED-40-COND,CONDUIT - PVC
"1"" PVC Sch.40 Conduit 10' Pipe",CONDUIT - PVC
"1-1/4"" PVC Sch.40 Conduit 10' ",CONDUIT - PVC
PVC 150 1-1/2-PVC-SCHED-40-CON,CONDUIT - PVC
PVC 125 1-1/4-PVC-SCHED-40-CON,CONDUIT - PVC
"1&1/2"" PVC Sch.40 Conduit",CONDUIT - PVC
"3/4""  PVC SCH 40 (20' LENGTHS)",CONDUIT - PVC
"1""  PVC SCH 40 (20' LENGTHS)",CONDUIT - PVC
"2 1/2"" PVC Sch 40",CONDUIT - PVC
PVC 07520 3/4-PVC-SCHED-40-20F,CONDUIT - PVC
"3/4"" smurf",CONDUIT - ENT
"3/4"" Sch 40 PVC",CONDUIT - PVC
"1"" Sch 40 PVC",CONDUIT - PVC
"4""  PVC SCH 40 (20' LENGTHS)",CONDUIT - PVC
"2 1/2"" SCH 40 PVC",CONDUIT - PVC
"3"" SCHDULE 80 PVC",CONDUIT - PVC
"2"" PVC sch. 40",CONDUIT - PVC
"Aluminum Flex, 1-1/4"", 50' Coi",CONDUIT - FLEX
"3"" EMT 22's",CONDUIT - EMT
"4"" EMT 22'S",CONDUIT - EMT
2'' EMT,CONDUIT - EMT
"2 1/2"" EMT 22'S",CONDUIT - EMT
"4""EMT 22'S",CONDUIT - EMT
"1"" PVC conduit",CONDUIT - PVC
"Blue ENT, 3/4"", 1000' Reel",UNK
"[EMT] 4"" Conduit Rigid Galvani",CONDUIT - EMT
2” pvc sch 80  10’ sticks,CONDUIT - PVC
3” pvc sch 80 10’ sticks,CONDUIT - PVC
"4"" PVC Schedule  40 ",CONDUIT - PVC
"2"" EMT Minnies",CONDUIT - EMT
"1-1/4"" EMT Minnies",CONDUIT - EMT
Arlington 3838ST AC/MC/Flex Co,CONDUIT - FLEX
"1"" SCHEDULE 40 PVC",CONDUIT - PVC
3/4 ent 50',CONDUIT - ENT
Arlington 5010AST MC/AC/Flex ,CONDUIT - FLEX
Arlington SG3838AST AC/MC/Flex,CONDUIT - FLEX
3/4-EMT,CONDUIT - EMT
1/2-EMT,CONDUIT - EMT
3/4 STL S/SCR EMT,CONDUIT - EMT
1/2 STL S/SCR EMT,CONDUIT - EMT
"1"" CONDUIT EMT",CONDUIT - EMT
15007-100 3/4 6/T FLEX PVC,CONDUIT - FLEX
SC TC112AN-RT 3/4 EMT RAINTIGH,CONDUIT - EMT
001MO01 49230 EMT100 1X10',CONDUIT - EMT
"3/4"" Aluminum Flexible Conduit",CONDUIT - FLEX
"3/4"" X 6"" Galvanized Conduit N",CONDUIT - GRC
3/4 NMLT CONDUIT,UNK
1/2 STL FLEX REDC WALL UL 100,CONDUIT - FLEX
"2"" PVC Conduit, 10', Schedule ",CONDUIT - PVC
"1"" PVC Conduit, 10', Schedule ",CONDUIT - PVC
"3/4"" PVC Conduit, 10', Schedul",CONDUIT - PVC
"1"" PVC CONDUIT SCH 40 10'",CONDUIT - PVC
"2"" PVC Conduit, 10', Schedule",CONDUIT - PVC
"3/4"" PVC SCH 80",CONDUIT - PVC
"1"" PVC SCH 80",CONDUIT - PVC
"3"" IMC conduit",UNK
"2"" IMC Conduit",UNK
"1"" IMC Conduit",UNK
"3/4"" IMC CONDUIT",UNK
"1/2"" IMC CONDUIT",UNK
"2 1/2"" IMC Conduit",UNK
"[GRC/RMC] 1/2"", 10' Sticks",CONDUIT - GRC
"[ENT] 3/4"" Blue ENT, 100' Long",UNK
LQT NM075100CL 3/4-FLEX-NM-LIQ,CONDUIT - FLEX
LQT NM100-CUT 1-IN-FLEX-NM-LIQ,CONDUIT - FLEX
"[PVC] 3/4"", Schedule 80, 10' S",CONDUIT - PVC
"1/2""  ridgid pipe",CONDUIT - PVC
"1""schedule 40 pvc conduit",CONDUIT - PVC
"4"" IMC PVC Coated",CONDUIT - PVC
"1"" schedule 80 pvc conduit",CONDUIT - PVC
"4"" PVC schedule 40",CONDUIT - PVC
"1-1/2"" pvc ma",CONDUIT - PVC
"1-1/2"" pvc",CONDUIT - PVC
PVC4100,CONDUIT - PVC
PIPE PVC400SCH80,CONDUIT - PVC
PVC4150,CONDUIT - PVC
PVC4400,CONDUIT - PVC
PVC4075,CONDUIT - PVC
EMT400,CONDUIT - EMT
EMT300,CONDUIT - EMT
EMT100,CONDUIT - EMT
EMT125,CONDUIT - EMT
EMT150,CONDUIT - EMT
Carlotte Pipe 1-1/2 in. PVC Sc,CONDUIT - PVC
WI ELE40030 Wi 30D Emt Conduit,CONDUIT - EMT
WI ELE30030 Wi 30D Emt Conduit,CONDUIT - EMT
"TOPAZ ELECTRIC 650S 4"" EMT/RIG",CONDUIT - EMT
TOPAZ ELECTRIC 2110 4-IN EMT &,CONDUIT - EMT
"TOPAZ ELECTRIC 2108 3"" EMT & R",CONDUIT - EMT
WI 621022 WI LT FLEXMT COND 25,CONDUIT - FLEX
"4"" PVC Schedule 40 20' Sticks",CONDUIT - PVC
"4"" PVC Schedule 40 10' Sticks",CONDUIT - PVC
"3/4"" EMT conduit",CONDUIT - EMT
"2 1/2"" PVC",CONDUIT - PVC
"3/4"" emt pipe",CONDUIT - EMT
"1"" emt pipe",CONDUIT - EMT
1/2 carlon none metalick flex ,CONDUIT - FLEX
"3/4"" carlon none metalick flex",CONDUIT - FLEX
"4""PVC sch 40 pipe",CONDUIT - PVC
"2"" PVC Conduit 10Ft",CONDUIT - PVC
"1"" PVC Conduit 10Ft",CONDUIT - PVC
"3/4"" PVC Conduit 10Ft",CONDUIT - PVC
Quart PVC Gule,CONDUIT - PVC
"3/4"" PVC CONDUIT",CONDUIT - PVC
"3"" GREENFIELD METAL FLEX",CONDUIT - FLEX
"3/4"" LIQUID TIGHT METAL FLEX",CONDUIT - FLEX
3/4 RIGID CONDUIT,CONDUIT - PVC
2 1/2 EMT Conduit,CONDUIT - EMT
1 1/4 RIGID CONDUIT,CONDUIT - PVC
"1"" GREEN FIELD FLEX. METAL FLE",CONDUIT - FLEX
"3/4"" liquid tight metal flex.",CONDUIT - FLEX
"1 in. to 3/4"" in. Conduit Redu",UNK
"FLEX 3/4"" ALUMINUM",CONDUIT - FLEX
1 1/2” PVC CONDUIT SCH 40,CONDUIT - PVC
"3/4"" PVC SCHED 40",CONDUIT - PVC
"1 1/2"" PVC SCHED 40",CONDUIT - PVC
"2"" PVC SCHED 40",CONDUIT - PVC
"2 1/2"" PVC SCHED 40",CONDUIT - PVC
NIP GRC100X600 1X6-GALV-NIP,CONDUIT - GRC
NIP GRC200X600 2X6-GALV-NIP,CONDUIT - GRC
1” PVC SCHEDULE 40,CONDUIT - PVC
1” PVC,CONDUIT - PVC
"2 1/2"" EMT 9O",CONDUIT - EMT
"3/4""  FLEX AL",CONDUIT - FLEX
"1""   FLEX AL",CONDUIT - FLEX
"2 1/2""   FLEX AL",CONDUIT - FLEX
"1/2"" SEALTIGHT",CONDUIT - FLEX
"3/4"" SEALTIGHT",CONDUIT - FLEX
"1"" SEALTIGHT",CONDUIT - FLEX
"3/4"" RIGID Conduit",CONDUIT - PVC
"1"" RIGID Conduit",CONDUIT - PVC
"1 1/2"" RIGID Conduit",CONDUIT - PVC
"2"" RIGID Conduit",CONDUIT - PVC
"2 1/2"" RIGID Conduit",CONDUIT - PVC
"3"" RIGID Conduit",CONDUIT - PVC
"4"" RIGID Conduit",CONDUIT - PVC
"2""   FLEX AL",CONDUIT - FLEX
"1 1/4""  FLEX AL",CONDUIT - FLEX
1-1/2-22-1/2 DEG STD RAD EMT E,CONDUIT - EMT
ELB EMT3002212 3-IN-22-1/2DEG-,CONDUIT - EMT
"3/4"" X 1/4"" EMT CONDUIT FLANG",CONDUIT - EMT
2 1/2” EMT 22’s,CONDUIT - EMT
3/4 X 12-GALVANIZED CONDUIT NI,CONDUIT - GRC
2 1/2” SEALTIGHT,CONDUIT - FLEX
1/2” SEALTIGHT,CONDUIT - FLEX
3/4” SEALTIGHT,CONDUIT - FLEX
"2"" EMT pipe",CONDUIT - EMT
"2"" PVC pipe sch 40",CONDUIT - PVC
"3"" Sch 80 PVC",CONDUIT - PVC
PVC 07580 3/4-PVC-SCHED-80-CON,CONDUIT - PVC
"3/4"" PVC PIPE SCH 40",CONDUIT - PVC
"3/4"" PVC PIPE SCH 80",CONDUIT - PVC
EGS EFC-100 NEER 3/4 EMT TO FL,CONDUIT - EMT
"3"" EMT CONDUIT",CONDUIT - EMT
"1-1/4"" EMT CONDUIT",CONDUIT - EMT
"3"" EMT 22",CONDUIT - EMT
"1 1/2"" metallic flex",CONDUIT - FLEX
EMT plastic bang on,CONDUIT - EMT
"1 1/4"" metallic sealtight",CONDUIT - FLEX
"Carlon A52171E 4"" ENT side nai",CONDUIT - ENT
FLEXAL 300GFA 3IN. ALUM FLEX 2,CONDUIT - FLEX
PVC 050 1/2-PVC-SCHED-40-CONDU,CONDUIT - PVC
LQT NM15050CL 1-1/2-FLEX-NM-LI,CONDUIT - FLEX
AI NMLT150  1-1/2IN PVC LT STR,CONDUIT - PVC
TB A5217DE 4INX4INX2-3/8IN ENT,UNK
"2"" sch.40 pvc",CONDUIT - PVC
"4"" PVC Sch. 40",CONDUIT - PVC
"3 1/2"" Sch. 40 PVC 10' Pieces",CONDUIT - PVC
"1/2"" metal flexible conduit (g",CONDUIT - FLEX
3/4-STEEL THINWALL CONDUIT RED,CONDUIT - EMT
"PVC 3"" CONDUIT SCH 40 10'",CONDUIT - PVC
"2"" pvc conduit sch 40 10'",CONDUIT - PVC
"1-1/4"" NON-UL FLEX L/T MET CON",CONDUIT - FLEX
"4"" PVC PIPE - SCH 40 - 10 FT",CONDUIT - PVC
"1"" PVC PIPE - SCH 40 - 10 FT ",CONDUIT - PVC
"1-1/4"" PVC PIPE - SCH 40 - 10 ",CONDUIT - PVC
"1-1/2"" PVC PIPE - SCH 40 - 10 ",CONDUIT - PVC
"1-1/2"" NON-UL FLEX L/T MET CON",CONDUIT - FLEX
"2-1/2"" PVC SCH 40 CONDUIT",CONDUIT - PVC
"PVC 1 1/2"" SCH 40 COUNDUIT",CONDUIT - PVC
"PVC 3"" SCH 40 CONDUIT",CONDUIT - PVC
"PVC 4"" SCH 40 CONDUIT",CONDUIT - PVC
"PVC 2"" SCH 40 CONDUIT",CONDUIT - PVC
"PVC 1"" SCH 40 CONDUIT",CONDUIT - PVC
"1"" PVC PIPE",CONDUIT - PVC
3/4 PVC CONDUIT,CONDUIT - PVC
"2"" PVC PIPE",CONDUIT - PVC
"SCH 80 1"" PVC",CONDUIT - PVC
"2-1/2"" PVC PIPE SCH 80",CONDUIT - PVC
"3"" PVC PIPE SCH 80",CONDUIT - PVC
EMT PIPE 3/4,CONDUIT - EMT
"Car flex Conduit. 1/2""",CONDUIT - FLEX
3/4 CARFLEX CONDUIT,CONDUIT - FLEX
EMT 3/4 CONDUIT,CONDUIT - EMT
"3/4"" liquid type flex",CONDUIT - FLEX
