Description,AssemblyDescription
"20' total - 3"" GRC","3"" CONDUIT - GRC"
3/4'' rigid conduit,"3/4"" CONDUIT - PVC"
"1/2"" AL flex","1/2"" CONDUIT - FLEX"
"EMT Conduit, 1-1/2"", Galvaniz","1-1/2"" CONDUIT - EMT"
"[ENT] 3/4"", 1000'","3/4"" UNK"
"Rigid Conduit, 1/2"", Galvanize","1/2"" CONDUIT - GRC"
"2"" emt mineralac","2"" CONDUIT - EMT"
NIP-SQZ FLEX 257,UNK CONDUIT - FLEX
"1-1/4"" PVC Conduit, 20'","1-1/4"" CONDUIT - PVC"
1 1/2” flex,"1-1/2"" CONDUIT - FLEX"
"200' 2"" EMT","2"" CONDUIT - EMT"
Thomas & Betts XJG28-EMT 3/4 ,"3/4"" CONDUIT - EMT"
1/2 emt pipe,"1/2"" CONDUIT - EMT"
101 PVC1 SCH40 COND 10',"1"" CONDUIT - PVC"
2-1/2” Pvc Coated Rigid,"2-1/2"" CONDUIT - PVC"
"EMT 1"" CONDUIT","1"" CONDUIT - EMT"
"2"" PVC PIPE","2"" CONDUIT - PVC"
3/4” PVC SCHD 40,"3/4"" CONDUIT - PVC"
1” PVC Conduit,"1"" CONDUIT - PVC"
3/4-EMT,"3/4"" CONDUIT - EMT"
"1"" pvc TAs","1"" CONDUIT - PVC"
"2"" PVC CONDUIT SCHEDULE 40","2"" CONDUIT - PVC"
"3"" flex","3"" CONDUIT - FLEX"
3/4 IN Conduit Liquid Tight No,"3/4"" CONDUIT - FLEX"
"EMT Conduit, 2-1/2"", Galvanize","2-1/2"" CONDUIT - EMT"
2 1/2 “ Pvc,"2-1/2"" CONDUIT - PVC"
3 -1/2 ”       Schl 40   pvc  ,"3-1/2"" CONDUIT - PVC"
"1"" PVC Sch.40 Conduit 10' Pipe","1"" CONDUIT - PVC"
"1"" flex","1"" CONDUIT - FLEX"
"1/2"" steel flex","1/2"" CONDUIT - FLEX"
"1-1/2"" PVC ","1-1/2"" CONDUIT - PVC"
Calbrite S61000MH00 Conduit H,UNK UNK
NIP GRC125XCL 1-1/4XCLOSEX1-5/,"1-1/4"" CONDUIT - GRC"
2” pvc sch 80  10’ sticks,"2"" CONDUIT - PVC"
1/2 greenfield flex steel,"1/2"" CONDUIT - FLEX"
"3/4"" EMT @ 3000'","3/4"" CONDUIT - EMT"
"1"" SEALTIGHT","1"" CONDUIT - FLEX"
EMT125,UNK CONDUIT - EMT
EMT Conduit 1“,UNK CONDUIT - EMT
4IN METAL FLEX,UNK CONDUIT - FLEX
PVC4075,UNK CONDUIT - PVC
NIP GRC200X600 2X6-GALV-NIP,UNK CONDUIT - GRC
"4"" x 3"" PVC Conduit Base Duct","4"" CONDUIT - PVC"
"[EMT] 2"" Conduit","2"" CONDUIT - EMT"
1 1/4 LBE PVC,"1-1/4"" CONDUIT - PVC"
"3/4"" ENT CONDUICT BLUE","3/4"" CONDUIT - ENT"
"2-1/2"" PVC SCH 40 CONDUIT","2-1/2"" CONDUIT - PVC"
"1-1/4"" PVC SCHEUDLE 40","1-1/4"" CONDUIT - PVC"
12' -2 1/2'' SEAL TIGHT FLEX,"2-1/2"" CONDUIT - FLEX"
1” Pvc Schl 40,"1"" CONDUIT - PVC"
1-1/2 CONDUIT,"1-1/2"" UNK"
"Aluminum Flex, 1/2"", 1000' Ree","1/2"" CONDUIT - FLEX"
"[PVC] 2 1/2"", Schedule 80, 10'","2-1/2"" CONDUIT - PVC"
"2"" x 12"" Galvanized Conduit N","2"" CONDUIT - GRC"
100ft Roll of 3/4 Flex,"3/4"" CONDUIT - FLEX"
"2.5"" pvc schedule 40 conduit","5"" CONDUIT - PVC"
"1"" RED EMT","1"" CONDUIT - EMT"
STREMT 75,UNK CONDUIT - EMT
1 1/4 pvc ta,"1-1/4"" CONDUIT - PVC"
"1"" PVC Coated GRC","1"" CONDUIT - GRC"
1/2 PVC LB's,"1/2"" CONDUIT - PVC"
PVC4TA,UNK CONDUIT - PVC
"2"" Conduit - ENT Orange - Rise","2"" CONDUIT - ENT"
"4"" PVC Conduit, 10', Schedule ","4"" CONDUIT - PVC"
"2"" PVC sched 40","2"" CONDUIT - PVC"
"6"" PVC SCHED 40 - 20' LENGTHS","6"" CONDUIT - PVC"
"3"" PVC SCH 40 (10' Lenghts )","3"" CONDUIT - PVC"
"1-1/4"" NON-UL FLEX L/T MET CON","1-1/4"" CONDUIT - FLEX"
"PVC 2"" SCH 40 CONDUIT","2"" CONDUIT - PVC"
"3/4"" PVC sched 40","3/4"" CONDUIT - PVC"
1/2 inch pvc conduit Sch 40,"1/2"" CONDUIT - PVC"
"3"" PVC Sch.40 Conduit","3"" CONDUIT - PVC"
"[PVC] 1 1/2"", Schedule 40, 10","1-1/2"" CONDUIT - PVC"
"1"" sch 40 PVC","1"" CONDUIT - PVC"
"2"" GRC CONDUIT X 10'","2"" CONDUIT - GRC"
"2"" emt","2"" CONDUIT - EMT"
"1 1/2"" flex  (greenfield)","1-1/2"" CONDUIT - FLEX"
"Carlon 1/2ENT - 1/2"" ENT Non-M","1/2"" CONDUIT - ENT"
"1/2"" PVC Schedule 40","1/2"" CONDUIT - PVC"
HALEX1/2 in. Rigid Conduit Loc,"1/2"" CONDUIT - PVC"
"3/4"" Flex","3/4"" CONDUIT - FLEX"
GRC 1  008PR,"1"" CONDUIT - GRC"
"3/4"" PVC ","3/4"" CONDUIT - PVC"
1-1/2” Metal Flex,"1-1/2"" CONDUIT - FLEX"
2IN ALUM METAL FLEX,UNK CONDUIT - FLEX
1/2 emt,"1/2"" CONDUIT - EMT"
3/4”emt,"3/4"" CONDUIT - EMT"
"EMT 1.25"" CONDUIT","1"" CONDUIT - EMT"
"2"" PVC Conduit, 10', Schedule","2"" CONDUIT - PVC"
1” Schedule 40 PVC Conduit,"1"" CONDUIT - PVC"
PVC 600 6-IN-PVC-SCHED-40-COND,UNK CONDUIT - PVC
"3"" PVC sched 40","3"" CONDUIT - PVC"
1-1/4” Emt Conduit,"1-1/4"" CONDUIT - EMT"
"[PVC] 3 1/2"", Schedule 40, 10'","3-1/2"" CONDUIT - PVC"
"[EMT] 3/4"" Conduit, Red","3/4"" CONDUIT - EMT"
PVC 212P 2-1/2IN SCH40 PVC PIP,"2-1/2"" CONDUIT - PVC"
"[PVC] 1/2"", Schedule 40, 10' S","1/2"" CONDUIT - PVC"
"3/4"" LIQUID TIGHT CONDUIT","3/4"" CONDUIT - FLEX"
"3/4"" RIGID CONDUIT","3/4"" CONDUIT - PVC"
"1/2"" SEALTIGHT","1/2"" CONDUIT - FLEX"
1-1/4 EMT CONDUIT,"1-1/4"" CONDUIT - EMT"
"3/4"" emt conduit","3/4"" CONDUIT - EMT"
1 IN. RIGID PIPE,"1"" CONDUIT - PVC"
[Metallic Flexible Conduit] St,UNK CONDUIT - FLEX
1”carflex,"1"" CONDUIT - FLEX"
"1-1/2"" pvc ma","1-1/2"" CONDUIT - PVC"
"4""PVC SCH 40","4"" CONDUIT - PVC"
"Blue ENT, 3/4"", 1000' Reel","3/4"" UNK"
3 1/2 IN. PVC SCH 40,"3-1/2"" CONDUIT - PVC"
1/2” CARFLEX,"1/2"" CONDUIT - FLEX"
EMT EL 1-1/2,"1-1/2"" CONDUIT - EMT"
"1"" PVC PIPE","1"" CONDUIT - PVC"
"PVC Coated Rigid Conduit, 2"",","2"" CONDUIT - PVC"
"Red EMT Conduit, 3/4""","3/4"" CONDUIT - EMT"
FLEX 4,"4"" CONDUIT - FLEX"
PVC 006272,UNK CONDUIT - PVC
2'' Seal Tight Flex,UNK CONDUIT - FLEX
"1/2"" Emt","1/2"" CONDUIT - EMT"
781 through thestudconduit sup,UNK UNK
"1"" PVC  (50 sticks)","1"" CONDUIT - PVC"
"1/2"" pvc T.A'S","1/2"" CONDUIT - PVC"
[Metallic Flexible Conduit] Al,UNK CONDUIT - FLEX
3/4 inch Greenfield flex STEEL,"3/4"" CONDUIT - FLEX"
1/2 aluminum flex,"1/2"" CONDUIT - FLEX"
"1/2"" ENT","1/2"" UNK"
3/4 emt pipe,"3/4"" CONDUIT - EMT"
"1"" pvc pipe","1"" CONDUIT - PVC"
Arlington SG3838AST AC/MC/Flex,UNK CONDUIT - FLEX
2 IN. SCHEDLE 80 PVC,"2"" CONDUIT - PVC"
"1"" sealtight","1"" CONDUIT - FLEX"
"1""     CONDUIT - EMT","1"" CONDUIT - EMT"
1/2” steel flex,"1/2"" CONDUIT - FLEX"
1/2 ent conduit Blue,"1/2"" CONDUIT - ENT"
1-1/4 PVC,"1-1/4"" CONDUIT - PVC"
"2"" pvc sched 40","2"" CONDUIT - PVC"
pvc conduit 1,"1"" CONDUIT - PVC"
"4"" pvc sch 40","4"" CONDUIT - PVC"
2-STEEL THINWALL CONDUIT,UNK CONDUIT - EMT
"1 ""  PVC SCH 40 (20' Sticks)","1"" CONDUIT - PVC"
"3/4"" PVC Conduit, 10', Schedu","3/4"" CONDUIT - PVC"
"EMT Conduit, 3/4"", Galvanized","3/4"" CONDUIT - EMT"
"1"" Aluminum metal flex 250'","1"" CONDUIT - FLEX"
"1"" Emt","1"" CONDUIT - EMT"
Thomas & Betts XJG38-EMT 1 EMT,"1"" CONDUIT - EMT"
"2 1/2"" sch 40 PVC","2-1/2"" CONDUIT - PVC"
4”Pvc Schl 40,"4"" CONDUIT - PVC"
"2 1/2""  PVC SCH 40","2-1/2"" CONDUIT - PVC"
3/4IN STEEL FLEX UL COND 100F,"3/4"" CONDUIT - FLEX"
"[PVC] 3"", SCHEDULE  40, 10'","3"" CONDUIT - PVC"
1 IN. SCH 40 PVC,"1"" CONDUIT - PVC"
"1/2"" metal flex","1/2"" CONDUIT - FLEX"
"PVC CONDUIT 2"" SCHEDULE-40","2"" CONDUIT - PVC"
"[PVC] 6"", Schedule 40, 10' Sti","6"" CONDUIT - PVC"
"1"" SCHEDULE 40 PVC","1"" CONDUIT - PVC"
PVC4400,UNK CONDUIT - PVC
100' 1'' Rigid conduit,UNK CONDUIT - PVC
"EMT 3"" CONDUIT","3"" CONDUIT - EMT"
"3/4"" ENT ( smurf Tube )","3/4"" CONDUIT - ENT"
3/8 EMT,UNK CONDUIT - EMT
"4"" PVC CONDUIT, 10', SCHEDULE ","4"" CONDUIT - PVC"
1-1/2 Car flex,"1-1/2"" CONDUIT - FLEX"
3/4 SCH 40 PVC,"3/4"" CONDUIT - PVC"
"300' 3/4"" EMT","3/4"" CONDUIT - EMT"
"2"" EMT CONDUIT","2"" CONDUIT - EMT"
"2"" PVC Coated GRC","2"" CONDUIT - GRC"
1-1/4 Scd Pvc,"1-1/4"" CONDUIT - PVC"
3/4” Emt,"3/4"" CONDUIT - EMT"
"3"" metal flex","3"" CONDUIT - FLEX"
"1 1/4"" EMT - 10ft","1-1/4"" CONDUIT - EMT"
"2"" PVC","2"" CONDUIT - PVC"
"1/2 "" EMT","1/2"" CONDUIT - EMT"
"1 1/4"" steel flex","1-1/4"" CONDUIT - FLEX"
"50' - 2"" PVC Sch 40","2"" CONDUIT - PVC"
"1 1/4"" PVC Conduit (10 FT sti","1-1/4"" CONDUIT - PVC"
"Flexible Conduit] Alum 3/4"", ","3/4"" CONDUIT - FLEX"
XENTURY,UNK UNK
"3/4"" PVC( 120- 10 ft sticks) *","3/4"" CONDUIT - PVC"
3/4” Sealtight,"3/4"" CONDUIT - FLEX"
1-IN L/T FLEX PVC,UNK CONDUIT - FLEX
"3/4"" LIQUID METAL FLEXABLE CON","3/4"" CONDUIT - FLEX"
"1"" GRC","1"" CONDUIT - GRC"
"4"" PVC Conduit, 20', Schedule ","4"" CONDUIT - PVC"
1 1/4”Pvc Conduit,"1-1/4"" CONDUIT - PVC"
1'' PVC Conduit,UNK CONDUIT - PVC
"3"" EMT PIPE","3"" CONDUIT - EMT"
6x6x6 pvc weatherproof junctio,"6"" CONDUIT - PVC"
"2"" Rigid (GRC)","2"" CONDUIT - GRC"
"4"" IMC PVC Coated","4"" CONDUIT - PVC"
Arlington 5010AST MC/AC/Flex C,UNK CONDUIT - FLEX
3/4IN STEEL FLEX UL COND 100FT,"3/4"" CONDUIT - FLEX"
"2 1/2""  PVC SCH 40 (20' LENGT","2-1/2"" CONDUIT - PVC"
"1"" LiquidTight Conduit","1"" CONDUIT - FLEX"
 3/4 ENT,"3/4"" UNK"
"2"" Greenfield Flex","2"" CONDUIT - FLEX"
"[PVC] 1"", Schedule 80, 10' St","1"" CONDUIT - PVC"
2 1/2” Schedule 40 Pvc,"2-1/2"" CONDUIT - PVC"
"PVC 3"" SCH 40 CONDUIT","3"" CONDUIT - PVC"
"1 1/2"" PVC Conduit Schedule 40","1-1/2"" CONDUIT - PVC"
1 1/2 SCH 80 PVC,"1-1/2"" CONDUIT - PVC"
"Blue ENT, 3/4"", 1000' reel","3/4"" UNK"
Allied Tube & Conduit SCH40 Ri,UNK UNK
"Cor-Line 3/4"" ENT #012009 100","3/4"" CONDUIT - ENT"
"2-1/2"" PVC Conduit, 10', Sche","2-1/2"" CONDUIT - PVC"
"2"" pvc  sch 40","2"" CONDUIT - PVC"
"3/4"" sch. 40 PVC","3/4"" CONDUIT - PVC"
1” Pvc Ma,"1"" CONDUIT - PVC"
1” Carflex,"1"" CONDUIT - FLEX"
"EMT Conduit, 3"", Galvanized St","3"" CONDUIT - EMT"
"4"" EMT conduit","4"" CONDUIT - EMT"
1 1/2” pvc conduit Schedule 40,"1-1/2"" CONDUIT - PVC"
3/4'' PVC Conduit,"3/4"" CONDUIT - PVC"
1-STEEL THINWALL CONDUIT,UNK CONDUIT - EMT
"rigid 2"" pipe","2"" CONDUIT - PVC"
PVC 22-1/2D EL 4,"1/2"" CONDUIT - PVC"
"2-1/2"" EMT Conduit","2-1/2"" CONDUIT - EMT"
"4"" SCH 40 PVC","4"" CONDUIT - PVC"
"3/4"" EMT ","3/4"" CONDUIT - EMT"
3/4” Rigid Conduit,"3/4"" CONDUIT - PVC"
"Rigid Conduit, 2"" Diameter, 1","2"" CONDUIT - PVC"
"1"" PVC","1"" CONDUIT - PVC"
"3"" EMT Conduit, 10'","3"" CONDUIT - EMT"
"[EMT] 1/2"", 10' Sticks","1/2"" CONDUIT - EMT"
4” Seal Tight Flex,"4"" CONDUIT - FLEX"
"3"" pvc sch 40","3"" CONDUIT - PVC"
"2 1/2"" emt LB","2-1/2"" CONDUIT - EMT"
2-RIGID CONDUIT,UNK CONDUIT - PVC
"2"" PVC SCHED 40","2"" CONDUIT - PVC"
"1"" schedule 40 pvc","1"" CONDUIT - PVC"
"[ENT] 3/4"", 250'","3/4"" UNK"
"Rigid Conduit, 6"", Galvanized","6"" CONDUIT - GRC"
11/2 EMT Conduit,"2"" CONDUIT - EMT"
"Aluminum Flex, 1/2"", 50' Reel","1/2"" CONDUIT - FLEX"
"1 1/2"" emt","1-1/2"" CONDUIT - EMT"
"1"" PVC Sch 40 20' Sections","1"" CONDUIT - PVC"
HALEX 3/8 IN. FLEXIBLE METAL C,UNK CONDUIT - FLEX
"10'   4"" sch 80 pvc","4"" CONDUIT - PVC"
4” emt conduit,"4"" CONDUIT - EMT"
"[ENT] 1"", 1000'","1"" UNK"
2-1/2 carflex,"2-1/2"" CONDUIT - FLEX"
GRC 1-1/2,"1-1/2"" CONDUIT - GRC"
"3""  PVC SCH 40","3"" CONDUIT - PVC"
"3/4"" blue ENT","3/4"" UNK"
2” PVC,"2"" CONDUIT - PVC"
"1"" GREEN FIELD FLEX. METAL FLE","1"" CONDUIT - FLEX"
pvc 1 1/2 ,"1-1/2"" CONDUIT - PVC"
15007-100 3/4 6/T FLEX PVC,"3/4"" CONDUIT - FLEX"
"PVC 4"" SCH 40 CONDUIT","4"" CONDUIT - PVC"
"4"" PVC Conduit, 20', Schedule","4"" CONDUIT - PVC"
"3/4"" aluminum flex","3/4"" CONDUIT - FLEX"
1-1/4-ALUMINUM FLEXIBLE CONDUI,"1-1/4"" CONDUIT - FLEX"
"1"" gray ENT tubing","1"" CONDUIT - ENT"
J123AL01 35043 ELBEMT4002212,UNK CONDUIT - EMT
"4"" EMT CODUIT 10' LONG","4"" CONDUIT - EMT"
"2"" EMT Conduit","2"" CONDUIT - EMT"
1” emt,"1"" CONDUIT - EMT"
"4"" pvc sch 40 pipe","4"" CONDUIT - PVC"
2' EMT conduit,UNK CONDUIT - EMT
EMT 075 3/4X10FT-EMT,"3/4"" CONDUIT - EMT"
CONDUIT 3-30D-EMT-EL,UNK CONDUIT - EMT
"1-1/2"" PVC Sch 40 20' Sections","1-1/2"" CONDUIT - PVC"
3/4 NMLT CONDUIT,"3/4"" UNK"
FLEXSTEEL CONDUIT,UNK CONDUIT - FLEX
"2"" PVC Conduit 10Ft","2"" CONDUIT - PVC"
"3/4"" CONDUIT","3/4"" UNK"
"TC 1277 3/4"" RIGID IRON PIPE S","3/4"" CONDUIT - PVC"
"EMT 1 1/2"" CONDUIT","1-1/2"" CONDUIT - EMT"
"[PVC] 4"", Schedule 40, 10' Sti","4"" CONDUIT - PVC"
"[PVC] 1 1/4"", Schedule 40, 10","1-1/4"" CONDUIT - PVC"
"2 1/2"" PVC conduit","2-1/2"" CONDUIT - PVC"
"3/4"" steel flex","3/4"" CONDUIT - FLEX"
1/2” Seal Tight Flex,"1/2"" CONDUIT - FLEX"
1 750R ENT UL BL KWIKON RL PCO,"1"" CONDUIT - ENT"
"1/2"" EMT PIPE","1/2"" CONDUIT - EMT"
EMT150,UNK CONDUIT - EMT
2-1/2 Scd 80 Pvc,"2-1/2"" CONDUIT - PVC"
"[PVC] 4"", Schedule 40, 20' St","4"" CONDUIT - PVC"
"10' Sticks 4"" PVC Sch 40 (Tota","4"" CONDUIT - PVC"
"4"" PVC Sched 40","4"" CONDUIT - PVC"
"1/2"" metallic flex (FMC)","1/2"" CONDUIT - FLEX"
1” red emt,"1"" CONDUIT - EMT"
"[EMT] 1"" Conduit","1"" CONDUIT - EMT"
"3/4""emt","3/4"" CONDUIT - EMT"
1-1/2”       Schl 40   pvc  Ma,"1-1/2"" CONDUIT - PVC"
3/4 STL S/SCR EMT,"3/4"" CONDUIT - EMT"
156PR 15007-CUT REEL 3/4LTFLEX,"3/4"" CONDUIT - FLEX"
"1 1/4"" EMT Conduit","1-1/4"" CONDUIT - EMT"
"2 1/2"" EMT CONDUIT","2-1/2"" CONDUIT - EMT"
1 1/2'' Seal Tight Flex,"1-1/2"" CONDUIT - FLEX"
1 “ Schedule 40 pvc conduit,"1"" CONDUIT - PVC"
"3/4"" grc conduit","3/4"" CONDUIT - GRC"
"1 1/2"" Flex","1-1/2"" CONDUIT - FLEX"
"3"" PVC Sweep","3"" CONDUIT - PVC"
KYL 012011  3/4INX1000FT ENT U,"3/4"" CONDUIT - ENT"
"4"" PVC Schedule 40  (20' secti","4"" CONDUIT - PVC"
1/2” Carflex,"1/2"" CONDUIT - FLEX"
"4""PVC sch 40 pipe","4"" CONDUIT - PVC"
"4"" PVC F/A","4"" CONDUIT - PVC"
"3"" PVC MA'S","3"" CONDUIT - PVC"
"1"" Metal Flex Greenfield","1"" CONDUIT - FLEX"
"1"" emt conduit","1"" CONDUIT - EMT"
"1"" Green field (metal Flex)","1"" CONDUIT - FLEX"
3/4” RED EMT,"3/4"" CONDUIT - EMT"
1 1/4” Pvc,"1-1/4"" CONDUIT - PVC"
1-roll 3/4'' Green Field Flex,"3/4"" CONDUIT - FLEX"
3/4” EMT CONDUIT,"3/4"" CONDUIT - EMT"
"3/4"" EMT Conduit","3/4"" CONDUIT - EMT"
"1-1/4"" PVC Conduit, 10', Sched","1-1/4"" CONDUIT - PVC"
Appleton CL100MN Rigid Conduit,UNK CONDUIT - PVC
"1/2"" EMT conduit","1/2"" CONDUIT - EMT"
"1 1/2"" EMT ","1-1/2"" CONDUIT - EMT"
"3/4"" FLEX CONDUIT","3/4"" CONDUIT - FLEX"
3/4” pvc,"3/4"" CONDUIT - PVC"
"2"" EMT","2"" CONDUIT - EMT"
1/2 carlon none metalick flex ,"1/2"" CONDUIT - FLEX"
1 1/2 EMT SS,"1-1/2"" CONDUIT - EMT"
"1"" EMT CONDUIT","1"" CONDUIT - EMT"
3/4” sch 40 pvc,"3/4"" CONDUIT - PVC"
"1"" pvc pipe sch. 40","1"" CONDUIT - PVC"
1-1/2”pvc,"1-1/2"" CONDUIT - PVC"
2 1/2 emt conduit,"2-1/2"" CONDUIT - EMT"
20' -1 1/4'' seal Tight Flex,"1-1/4"" CONDUIT - FLEX"
"1-1/2"" x 5"" Galvanized Conduit","1-1/2"" CONDUIT - GRC"
"PVC 3"" CONDUIT SCH 40 10'","3"" CONDUIT - PVC"
EMT 150 1-1/2X10FT-EMT,"1-1/2"" CONDUIT - EMT"
SQZ FLEX 3/4,"3/4"" CONDUIT - FLEX"
1-1/2” pvc scd 40,"1-1/2"" CONDUIT - PVC"
"[GRC/RMC] 1 1/2"", 10' Sticks","1-1/2"" CONDUIT - GRC"
"2"" PVC SCH80","2"" CONDUIT - PVC"
"2"" sealtight","2"" CONDUIT - FLEX"
3/4'' Seal Tight Flex,"3/4"" CONDUIT - FLEX"
1-roll 1'' Green Field Flex,UNK CONDUIT - FLEX
"2"" pvc LB (weatherproof)","2"" CONDUIT - PVC"
2'' PVC COND,UNK CONDUIT - PVC
1 1/2 “ Pvc  Conduit,"1-1/2"" CONDUIT - PVC"
"1 1/2"" flex (greenfeild)","1-1/2"" CONDUIT - FLEX"
"1"" PVC SCH 80 CONDUIT","1"" CONDUIT - PVC"
2 1/2 emt 30s,"2-1/2"" CONDUIT - EMT"
"100' Total 3"" PVC SCH 40","3"" CONDUIT - PVC"
"3/4"" sealtight flex","3/4"" CONDUIT - FLEX"
1 1/2 RIGID PIPE,"1-1/2"" CONDUIT - PVC"
4” PVC x 10’  pipe,"4"" CONDUIT - PVC"
2-1/2-RIGID CONDUIT,"2-1/2"" CONDUIT - PVC"
1” EMT,"1"" CONDUIT - EMT"
4-STEEL THINWALL CONDUIT,UNK CONDUIT - EMT
3” schedule 40 PVC,"3"" CONDUIT - PVC"
"3/4"" & 1"" KO's PVC ENT Slab Bo","3/4"" CONDUIT - ENT"
MA ADPTR 2-1/2IN X 2.48IN PVC,"2-1/2"" CONDUIT - PVC"
1/2 flex,"1/2"" CONDUIT - FLEX"
"2"" EMT Minnies","2"" CONDUIT - EMT"
"2"" EMT Pipe","2"" CONDUIT - EMT"
1” pvc schedule 40,"1"" CONDUIT - PVC"
"[EMT] 3/4"", 10' Sticks","3/4"" CONDUIT - EMT"
ARLINGTON EMT75,UNK CONDUIT - EMT
"[EMT] 1 1/4"", 10' Sticks","1-1/4"" CONDUIT - EMT"
"[PVC] 3"", Schedule 40, 10' St","3"" CONDUIT - PVC"
1-1/4 L/T FLEX PVC,"1-1/4"" CONDUIT - FLEX"
"3/4"" EMT Or 3/4"" Rigid/RMC, Co","3/4"" CONDUIT - EMT"
3/4” Schedule 40 Pvc,"3/4"" CONDUIT - PVC"
"4"" metallic flex","4"" CONDUIT - FLEX"
"3/4"" smurf tube","3/4"" CONDUIT - ENT"
"[EMT] 4"" Conduit","4"" CONDUIT - EMT"
"EMT Conduit, 1-1/2"", Galvanize","1-1/2"" CONDUIT - EMT"
"1-1/2"" Carflex  ","1-1/2"" CONDUIT - FLEX"
"3/4"" PVC sch.40","3/4"" CONDUIT - PVC"
1 1/4 pvc,"1-1/4"" CONDUIT - PVC"
"1"" Conduit -PVC Sch 80","1"" CONDUIT - PVC"
3/8 FLEX,UNK CONDUIT - FLEX
"2"" PVC X 10' Sched 40","2"" CONDUIT - PVC"
"PVC 3/4"" CONDUIT","3/4"" CONDUIT - PVC"
"3/4"" ENT Black Plastic Deck St","3/4"" CONDUIT - ENT"
"1"" Carflex","1"" CONDUIT - FLEX"
1 1/4 emt,"1-1/4"" CONDUIT - EMT"
"2-1/2"" EMT 10'","2-1/2"" CONDUIT - EMT"
3/4 carflex,"3/4"" CONDUIT - FLEX"
3 IN. SCHEDULE 80 PVC,"3"" CONDUIT - PVC"
1/2” Sealtight Conectors,"1/2"" CONDUIT - FLEX"
"1/2"" PVC Conduit, 10', Schedu","1/2"" CONDUIT - PVC"
"4"" emt conduits","4"" CONDUIT - EMT"
12 in. x 12 in. x 6 in. PVC Ju,"6"" CONDUIT - PVC"
"[PVC] 3"", Schedule 40, 20’Stic","3"" CONDUIT - PVC"
"2 1/2"" EMT Conduit","2-1/2"" CONDUIT - EMT"
"3"" PVC Schedule 40","3"" CONDUIT - PVC"
"1 1/2"" EMT CONDUIT","1-1/2"" CONDUIT - EMT"
"1"" Metal-Flex Conduit-Steel","1"" CONDUIT - FLEX"
"2000' Total 1-1/4"" pvc","1-1/4"" CONDUIT - PVC"
Carflex 1 1/4,"1-1/4"" CONDUIT - FLEX"
2'' EMT,UNK CONDUIT - EMT
"1""   FLEX AL","1"" CONDUIT - FLEX"
"[ENT] 3/4"" Blue ENT, 100' Long","3/4"" UNK"
3/4” sch   pvc,"3/4"" CONDUIT - PVC"
"1 1/2"" EMT PIPE","1-1/2"" CONDUIT - EMT"
"1-1/2"" PVC","1-1/2"" CONDUIT - PVC"
"5"" PVC Conduit, 10', Schedule ","5"" CONDUIT - PVC"
"1-1/4"" EMT Mini","1-1/4"" CONDUIT - EMT"
"2"" PVC  ","2"" CONDUIT - PVC"
3'' EMT  Plastic Throated Con,UNK CONDUIT - EMT
"3"" Schedule 80 PVC Conduit","3"" CONDUIT - PVC"
PVC 150 1-1/2-PVC-SCHED-40-CON,"1-1/2"" CONDUIT - PVC"
1/2'' EMT CONDUIT,"1/2"" CONDUIT - EMT"
"4"" PVC Sch 40 20' Sections","4"" CONDUIT - PVC"
3/4 Steel Flex,"3/4"" CONDUIT - FLEX"
"2"" PVC ","2"" CONDUIT - PVC"
1/2” Greenfield to emt transit,"1/2"" CONDUIT - EMT"
"[PVC] 5"", Schedule 40, 10' Sti","5"" CONDUIT - PVC"
"4""  PVC Conduit","4"" CONDUIT - PVC"
"3/4"" PVC F/A","3/4"" CONDUIT - PVC"
"100 10' 4"" PVC schedule 40","4"" CONDUIT - PVC"
"4"" x 6"" Galvanized Conduit Nip","6"" CONDUIT - GRC"
"BLUE 1/2"" ENT","1/2"" UNK"
"3"" PVC Sch 40 20' Sections","3"" CONDUIT - PVC"
WI ELE40030 Wi 30D Emt Conduit,UNK CONDUIT - EMT
"3/4"" PVC Conduit (10 FT stick)","3/4"" CONDUIT - PVC"
"3/4"" PVC M/A","3/4"" CONDUIT - PVC"
"EMT Conduit, 1-1/4"", Steel, 10","1-1/4"" CONDUIT - EMT"
"2"" pvc sch 40 conduit","2"" CONDUIT - PVC"
3” PVC,"3"" CONDUIT - PVC"
1 1/2” Pvc,"1-1/2"" CONDUIT - PVC"
"[PVC] 3"", Schedule 80, 10' Sti","3"" CONDUIT - PVC"
"1-1/4"" EMT","1-1/4"" CONDUIT - EMT"
"[GRC/RMC] 1 1/4"", 10' Sticks","1-1/4"" CONDUIT - GRC"
"1"" EMT pipe","1"" CONDUIT - EMT"
"SPEC-FLX-50B 1/2"" FLEX METAL C","1/2"" CONDUIT - FLEX"
"TOPAZ ELECTRIC 2108 3"" EMT & R","3"" CONDUIT - EMT"
"1"" metal flex","1"" CONDUIT - FLEX"
LT STR FLEXCON 1,"1"" CONDUIT - FLEX"
"EMT 1.5"" CONDUIT","5"" CONDUIT - EMT"
"1""  PVC SCH 40 (20' LENGTHS)","1"" CONDUIT - PVC"
PVC 100 1-IN-PVC-SCHED-40-COND,UNK CONDUIT - PVC
LT FLEX 2,"2"" CONDUIT - FLEX"
"3"" PVC Conduit, 10', Schedule ","3"" CONDUIT - PVC"
6IN HDPE TO PVC TRANSITION FI,UNK CONDUIT - PVC
1 1/2 in emt,"1-1/2"" CONDUIT - EMT"
"3/4"" RIGID CONDUITS","3/4"" CONDUIT - PVC"
"TOPAZ ELECTRIC 650S 4"" EMT/RIG","4"" CONDUIT - EMT"
"Rigid Conduit, 4"", Galvanized ","4"" CONDUIT - GRC"
3-1/2”       Schl 40   pvc  Fe,"3-1/2"" CONDUIT - PVC"
"1-1/2"" PVC Conduit, 20', Sched","1-1/2"" CONDUIT - PVC"
"4"" EMT","4"" CONDUIT - EMT"
3/4 Emt,"3/4"" CONDUIT - EMT"
"EMT Conduit, 1"", Galvanized St","1"" CONDUIT - EMT"
1/2” Pvc Conduit,"1/2"" CONDUIT - PVC"
"2"" Rigid Conduit Threaded","2"" CONDUIT - PVC"
3/4'' EMT,"3/4"" CONDUIT - EMT"
"2"" PVC TA","2"" CONDUIT - PVC"
3/4 pvc lb,"3/4"" CONDUIT - PVC"
smurf ENT tube 1”,"1"" CONDUIT - ENT"
2 1/2 EMT Conduit,"2-1/2"" CONDUIT - EMT"
"ipex PP3540    2"" pvc poly plu","2"" CONDUIT - PVC"
"2 ""  PVC SCH 40","2"" CONDUIT - PVC"
TB A5217DE 4INX4INX2-3/8IN ENT,UNK UNK
1/2” none metalic flex carlon ,"1/2"" CONDUIT - FLEX"
"1 1/2"" GRC CONDUIT 10FT STICK","1-1/2"" CONDUIT - GRC"
3/4”Smurf,"3/4"" CONDUIT - ENT"
"1"" Sch 40 PVC PIPE","1"" CONDUIT - PVC"
"1"" PVC MA'S","1"" CONDUIT - PVC"
1/2 L/T FLEX PVC,"1/2"" CONDUIT - FLEX"
1-IN BLUE ENT COND,UNK CONDUIT - ENT
3” Pvc Schl 40,"3"" CONDUIT - PVC"
3/4 pvc conduit,"3/4"" CONDUIT - PVC"
KYL 012011 *3/4INX1000FT ENT U,"3/4"" CONDUIT - ENT"
"1"" Smurf","1"" CONDUIT - ENT"
"JM eagle 2"" X 10' PVC SCH 40 c","2"" CONDUIT - PVC"
"2"" carflex","2"" CONDUIT - FLEX"
"2"" PVC Schedule 40","2"" CONDUIT - PVC"
"3/4"" smurf","3/4"" CONDUIT - ENT"
"2"" Conduit Pulling C","2"" UNK"
FLEX 3/4,"3/4"" CONDUIT - FLEX"
"1"" GRAY ENT 750' SPOOL","1"" CONDUIT - ENT"
3/4 Green field flex,"3/4"" CONDUIT - FLEX"
"4"" PVC MA","4"" CONDUIT - PVC"
"1 1/2"" SEAL TIGHT FLEX NOT CA","1-1/2"" CONDUIT - FLEX"
"2"" schedule 40 PVC","2"" CONDUIT - PVC"
"PVC 4"" CONDUIT SCH 40 20'","4"" CONDUIT - PVC"
3 ½” emt ,"3"" CONDUIT - EMT"
1 Inch. ENT To 1 Inch. EMT Non,"1"" CONDUIT - ENT"
2” Pvc,"2"" CONDUIT - PVC"
PVC COND 3,"3"" CONDUIT - PVC"
1 1/2 ( C ) Treaded Conduit Bo,"1-1/2"" UNK"
1” Schedule 40 Pvc,"1"" CONDUIT - PVC"
"3"" Greenfield Flex","3"" CONDUIT - FLEX"
"2 1/2"" Sealtite Flex","2-1/2"" CONDUIT - FLEX"
2-1/2”       Schl 40   pvc  Fe,"2-1/2"" CONDUIT - PVC"
"2&1/2"" PVC Sch.40 Conduit","1/2"" CONDUIT - PVC"
3/4” Emt To flex Combonation c,"3/4"" CONDUIT - FLEX"
2 1/2 flex,"2-1/2"" CONDUIT - FLEX"
"1 "" EMT CONDUIT","1"" CONDUIT - EMT"
1/2 in. Flexible Metal Conduit,"1/2"" CONDUIT - FLEX"
"3/4"" PVC LB","3/4"" CONDUIT - PVC"
"1 -1/4""  PVC SCH 40","1-1/4"" CONDUIT - PVC"
1 in. x 10 ft. PVC Schedule 40,"1"" CONDUIT - PVC"
"[GRC/RMC] 1"", 10' Sticks","1"" CONDUIT - GRC"
"Carlon 12008-750 Blue ENT, 1""","1"" UNK"
"1"" EMT (Minis)","1"" CONDUIT - EMT"
"Liquidtight Flexible Conduit,",UNK CONDUIT - FLEX
"[PVC] 5"", Schedule 40, 10' St","5"" CONDUIT - PVC"
"4"" EMT ","4"" CONDUIT - EMT"
"3/4"" RED EMT","3/4"" CONDUIT - EMT"
"3"" Flexible Liquid tight Metal","3"" CONDUIT - FLEX"
3” sch  40 pvc 22 1/2”,"1/2"" CONDUIT - PVC"
1/2 EMT To 1/2 Greenfield Flex,"1/2"" CONDUIT - FLEX"
RYMCO - EMT 2-1/2IN,"2-1/2"" CONDUIT - EMT"
"1/2"" IMC CONDUIT","1/2"" UNK"
1” Metal Flex,"1"" CONDUIT - FLEX"
5620 TB 5620 2 INCH T&B EMT CO,"2"" CONDUIT - EMT"
2-1/2 Pvc MA,"2-1/2"" CONDUIT - PVC"
"1 1/4"" Liquid tight flex (meta","1-1/4"" CONDUIT - FLEX"
"3/4"" Rigid conduit","3/4"" CONDUIT - PVC"
"3/4"" EMT CONDUIT 10FT STICK","3/4"" CONDUIT - EMT"
"1-1/2"" PVC 20' Lengths","1-1/2"" CONDUIT - PVC"
"1 1/2"" PVC M/A","1-1/2"" CONDUIT - PVC"
RIDGID1 Gal. Dark Pipe Threadi,"1"" CONDUIT - PVC"
"3/4"" PVC MA's","3/4"" CONDUIT - PVC"
4-30D-EMT-ELL,UNK CONDUIT - EMT
NIP GRC100X600 1X6-GALV-NIP,UNK CONDUIT - GRC
"1"" PVC Schedule 40","1"" CONDUIT - PVC"
"1 1/4""  PVC SCH 40","1-1/4"" CONDUIT - PVC"
PVC COOUP 1,"1"" CONDUIT - PVC"
"1-1/4"" PVC SCH 40 PVC","1-1/4"" CONDUIT - PVC"
1”Pvc Conduit,"1"" CONDUIT - PVC"
"1-1/4"" PVC PIPE - SCH 40 - 10 ","1-1/4"" CONDUIT - PVC"
2 1/2 emt LB,"2-1/2"" CONDUIT - EMT"
"1"" pvc ma","1"" CONDUIT - PVC"
"3"" PVC schedule 40","3"" CONDUIT - PVC"
"4"" schedule 40 PVC","4"" CONDUIT - PVC"
"1 1/4"" metallic sealtight","1-1/4"" CONDUIT - FLEX"
2 inch EMT,"2"" CONDUIT - EMT"
100'-1 1/2'' Rigid Conduits,"1-1/2"" CONDUIT - PVC"
"EMT LB CONDUIT 1""","1"" CONDUIT - EMT"
"3/4"" EMT Red","3/4"" CONDUIT - EMT"
1” Sched 40 PVC,"1"" CONDUIT - PVC"
3/4 pvc,"3/4"" CONDUIT - PVC"
"4"" greenfield flex","4"" CONDUIT - FLEX"
"3/8"" aluminum Superflex",UNK CONDUIT - FLEX
"4"" SCH 80 PVC","4"" CONDUIT - PVC"
Thomas & Betts 3112 AC/Flex Co,UNK CONDUIT - FLEX
HUSKY1-1/4 in. Ratcheting PVC ,"1-1/4"" CONDUIT - PVC"
"3/4"" pvc conduit","3/4"" CONDUIT - PVC"
"2"" EMT ","2"" CONDUIT - EMT"
"[ENT] 1"", 100'","1"" UNK"
1 EMT CMOCON OQY 21015-088PR,"1"" CONDUIT - EMT"
1'' PVC COND,UNK CONDUIT - PVC
3/4 Inch. ENT To 3/4 Inch. EM,"3/4"" CONDUIT - ENT"
"40 foot 3"" PVC Conduit Sch 40","3"" CONDUIT - PVC"
"3/4"" EMT to greenfield chngeov","3/4"" CONDUIT - EMT"
"3/4"" carflex","3/4"" CONDUIT - FLEX"
GRC 2,"2"" CONDUIT - GRC"
1'' EMT Conduits,UNK CONDUIT - EMT
PVC 125 1-1/4-PVC-SCHED-40-CON,"1-1/4"" CONDUIT - PVC"
LT FLEX NM 3/4,"3/4"" CONDUIT - FLEX"
"2"" metallic flex","2"" CONDUIT - FLEX"
3'' PVC,UNK CONDUIT - PVC
"1"" Sched 40 PVC","1"" CONDUIT - PVC"
20' of 4'' Seal Tight Flex,UNK CONDUIT - FLEX
3/4'' Mater bundle EMT Conduit,"3/4"" CONDUIT - EMT"
"110' 3/4"" PVC","3/4"" CONDUIT - PVC"
"1 1/2"" PVC SCHED 40","1-1/2"" CONDUIT - PVC"
"2 1/2"" EMT STEEL CMPRESSION C","2-1/2"" CONDUIT - EMT"
2 in. x 10 ft. PVC Schedule 40,"2"" CONDUIT - PVC"
1 1/2” Pvc Conduit,"1-1/2"" CONDUIT - PVC"
"1"" steel flex","1"" CONDUIT - FLEX"
"2-1/2"" GRC","2-1/2"" CONDUIT - GRC"
"EMT 1 1/2"" Pipe","1-1/2"" CONDUIT - EMT"
3/4 PVC MA,"3/4"" CONDUIT - PVC"
"1 1/2"" pvc","1-1/2"" CONDUIT - PVC"
"1/2""  STL FLEX","1/2"" CONDUIT - FLEX"
2 1/2 PVC pipe,"2-1/2"" CONDUIT - PVC"
"Master bundle 3/4"" EMT","3/4"" CONDUIT - EMT"
2” PVC LB,"2"" CONDUIT - PVC"
"1-1/4"" EMT Conduit","1-1/4"" CONDUIT - EMT"
"4"" Sch. 40 PVC","4"" CONDUIT - PVC"
PVC Transport CES,UNK CONDUIT - PVC
"2"" PVC SCH40 ( 10' Lengths )","2"" CONDUIT - PVC"
"Carlon E986L 3"" LB PVC Conduit","3"" CONDUIT - PVC"
1-1/2 ENT,"1-1/2"" UNK"
2'' PVC,UNK CONDUIT - PVC
1'' GRC OVER QT 006701,UNK CONDUIT - GRC
3” sch  40 pvc,"3"" CONDUIT - PVC"
2'' FLEX,UNK CONDUIT - FLEX
3/4-ALUMINUM FLEXIBLE CONDUIT,"3/4"" CONDUIT - FLEX"
"4"" PVC ","4"" CONDUIT - PVC"
"1 1/2"" rigid conduit","1-1/2"" CONDUIT - PVC"
STL FLEX 1-1/2,"1-1/2"" CONDUIT - FLEX"
"1-1/4"" Metal-Flex Conduit-Stee","1-1/4"" CONDUIT - FLEX"
"3/4"" X 6"" Galvanized Conduit N","3/4"" CONDUIT - GRC"
"4"" Schedule 40 PVC","4"" CONDUIT - PVC"
EMT 100 1X10FT-EMT,UNK CONDUIT - EMT
1’ PVC SCHEDULE 80,UNK CONDUIT - PVC
"1"" PVC Schedule 40 ","1"" CONDUIT - PVC"
"2"" Sealtight","2"" CONDUIT - FLEX"
3” PVC SCHED 40,"3"" CONDUIT - PVC"
"4"" EMT Pipe","4"" CONDUIT - EMT"
"12"" H x 12"" W x 6"" D PVC Junct","6"" CONDUIT - PVC"
1 1/4 Inch Greenfield Flex St,"1-1/4"" CONDUIT - FLEX"
4” Pvc Conduit,"4"" CONDUIT - PVC"
"3/4 "" PVC 10 FT Conduit","3/4"" CONDUIT - PVC"
"1.25"" PVC sched 40","1"" CONDUIT - PVC"
"1-1/4"" PVC 20' lengths","1-1/4"" CONDUIT - PVC"
[Metallic Flexible Conduit Co,UNK CONDUIT - FLEX
"5"" PVC Conduit, 10', Schedule","5"" CONDUIT - PVC"
"2 1/2"" EMT STEEL CMPRESSION CO","2-1/2"" CONDUIT - EMT"
"1.25"" PVC coated GRC","1"" CONDUIT - GRC"
"200' 1"" EMT","1"" CONDUIT - EMT"
PVC COND 1,"1"" CONDUIT - PVC"
3'' EMT BSHG,UNK CONDUIT - EMT
"4"" FLEX","4"" CONDUIT - FLEX"
DYNA FLEX,UNK CONDUIT - FLEX
carflex,UNK CONDUIT - FLEX
"1/2"" pvc","1/2"" CONDUIT - PVC"
TOPAZ ELECTRIC 2110 4-IN EMT &,UNK CONDUIT - EMT
"3"" PVC Pipe","3"" CONDUIT - PVC"
3/4 EMT Steel Thinwall,"3/4"" CONDUIT - EMT"
4-inch pvc,UNK CONDUIT - PVC
1-1/2”       Schl 40   pvc  Fe,"1-1/2"" CONDUIT - PVC"
"2"" rigid conduit","2"" CONDUIT - PVC"
"1/2"" flex FMC","1/2"" CONDUIT - FLEX"
"2-1/2"" PVC Weather good for 25","2-1/2"" CONDUIT - PVC"
"3/4"" PVC conduit","3/4"" CONDUIT - PVC"
"3"" x 3"" Galvanized Conduit Nip","3"" CONDUIT - GRC"
"SCHEDULE 40 3/4"" PVC","3/4"" CONDUIT - PVC"
1/2 sealtight carflex 2000 ft.,"1/2"" CONDUIT - FLEX"
"Blue ENT, 1"", 750' Reel","1"" UNK"
Thomas & Betts 371 Conduit Hu,UNK UNK
"2 1/2"" PVC SCHED 40","2-1/2"" CONDUIT - PVC"
"2"" ENT","2"" UNK"
LT STR FLEXCON 2-1/2,"2-1/2"" CONDUIT - FLEX"
1'' Seal Tight Flex,UNK CONDUIT - FLEX
"2.5"" STL FLEX","5"" CONDUIT - FLEX"
4 IN SCH 40 PVC,"4"" CONDUIT - PVC"
2'' EMT CONDUIT,UNK CONDUIT - EMT
"3/4"" LIQUID TIGHT METAL FLEX","3/4"" CONDUIT - FLEX"
1-1/2 EMT CONDUIT,"1-1/2"" CONDUIT - EMT"
"3"" pvc Sch 40","3"" CONDUIT - PVC"
"2 1/2"" flex","2-1/2"" CONDUIT - FLEX"
"EMT Conduit, 1-1/4"", Steel, 1","1-1/4"" CONDUIT - EMT"
AI NMLT150  1-1/2IN PVC LT STR,"1-1/2"" CONDUIT - PVC"
"1"" Sch 40 PVC Conduit","1"" CONDUIT - PVC"
AF EC763US 1-1/4 STL CMP EMT C,"1-1/4"" CONDUIT - EMT"
"3/4"" RED EMT CONDUIT","3/4"" CONDUIT - EMT"
"1-1/2"" PVC Sweep","1-1/2"" CONDUIT - PVC"
"3"" PVC Weatherhead","3"" CONDUIT - PVC"
3-30D-EMT-ELL,UNK CONDUIT - EMT
1/2” flex Steel,"1/2"" CONDUIT - FLEX"
MIDWEST 511 3/4 RGD 3/4 EMT C,"1-3/4"" CONDUIT - EMT"
"[ENT] 3/4"", 100'","3/4"" UNK"
"1"" PVC CONDUIT SCH 40 10'","1"" CONDUIT - PVC"
"2.5"" schedule 80 pvc","5"" CONDUIT - PVC"
160'  1 1/2'' EMT conduits,"1-1/2"" CONDUIT - EMT"
"3/4"" Schedule 80 pvc","3/4"" CONDUIT - PVC"
TWISTER PROFLEX MINI 343 O/B 5,"5"" CONDUIT - FLEX"
"4"" EMT Conduit, 10'","4"" CONDUIT - EMT"
"3/4"" CONDUIT - EMT","3/4"" CONDUIT - EMT"
3/4 Carflex,"3/4"" CONDUIT - FLEX"
2-1/2-STEEL THINWALL CONDUIT,"2-1/2"" CONDUIT - EMT"
"2 1/2"" PVC Conduit","2-1/2"" CONDUIT - PVC"
"2-1/2"" PVC","2-1/2"" CONDUIT - PVC"
"EMT 1-1/2"" Pipe","1-1/2"" CONDUIT - EMT"
"2"" pvc schedule 40","2"" CONDUIT - PVC"
4” PVC LB /Rubber Gasket,"4"" CONDUIT - PVC"
"2 1/2"" steel greenfield flex c","2-1/2"" CONDUIT - FLEX"
"3/4"" Carlon Carflex","3/4"" CONDUIT - FLEX"
"2"" pvc conduit sch 40 10'","2"" CONDUIT - PVC"
"1/2"" EMT Conduit, 10'","1/2"" CONDUIT - EMT"
"4"" schedule 40 pvc","4"" CONDUIT - PVC"
"[PVC] 3"", Schedule 80, 10' St","3"" CONDUIT - PVC"
1” PVC,"1"" CONDUIT - PVC"
"1-1/2"" PVC Utility Duct, 20', ","1-1/2"" CONDUIT - PVC"
3/4” schedule 40 pvc,"3/4"" CONDUIT - PVC"
EMT COND 3/4,"3/4"" CONDUIT - EMT"
"1/2"" carflex","1/2"" CONDUIT - FLEX"
EMT 200 ARLINGTON,UNK CONDUIT - EMT
1” Rigid PIPE,"1"" CONDUIT - PVC"
"4"" PVC Conduit ","4"" CONDUIT - PVC"
"REEL, 1"" CARFLEX LIQUIDTIGHT 5","5"" CONDUIT - FLEX"
"2"" SEAL TIGHT FLEX","2"" CONDUIT - FLEX"
3/4 EMT pipe,"3/4"" CONDUIT - EMT"
"[GRC/RMC] 4"", 10' Sticks","4"" CONDUIT - GRC"
Halex 3/8 in. Flexible Metal C,UNK CONDUIT - FLEX
"EMT Conduit, 1"", Steel, 10'","1"" CONDUIT - EMT"
3” Emt Conduit,"3"" CONDUIT - EMT"
"4"" PVC TA","4"" CONDUIT - PVC"
"300' 1"" EMT","1"" CONDUIT - EMT"
3/4” SEALTIGHT,"3/4"" CONDUIT - FLEX"
"Master bundle of 1"" EMT","1"" CONDUIT - EMT"
"3/4"" EMT & Rigid LB Type Combi","3/4"" CONDUIT - EMT"
1/2 in. x 10 ft. PVC Schedule ,"1/2"" CONDUIT - PVC"
GRC 200 2-IN-GALV-STEEL,UNK CONDUIT - GRC
"4"" EMT 100'","4"" CONDUIT - EMT"
"3/4"" sealtight","3/4"" CONDUIT - FLEX"
"3"" PVC PIPE SCH 80","3"" CONDUIT - PVC"
KLEIN TOOLS 25FT MULTI FLEX GL,UNK CONDUIT - FLEX
"MUD RNG SQUR 2G PVC 5/8"" CARL",UNK CONDUIT - PVC
"1/2"" Carflex NM Flexible Condu","1/2"" CONDUIT - FLEX"
"2"" GRC Weatherhead","2"" CONDUIT - GRC"
"bridgeport 4365-DC2""/EMT TO CA","2"" CONDUIT - EMT"
"3/4"" RIGID Conduit","3/4"" CONDUIT - PVC"
"2.5"" PVC Coated GRC","5"" CONDUIT - GRC"
"1"" EMT LL","1"" CONDUIT - EMT"
"1/4"" all thread 6' lenths","4"" UNK"
"2"" PVC MA'S","2"" CONDUIT - PVC"
"4"" flex","4"" CONDUIT - FLEX"
"6' total 2 1/2"" Flex Non Metal","2-1/2"" CONDUIT - FLEX"
2”pvc,"2"" CONDUIT - PVC"
"200' 1-1/4"" PVC Sch 40","1-1/4"" CONDUIT - PVC"
arlington EMT75,UNK CONDUIT - EMT
"3/4"" PVC Shed 40","3/4"" CONDUIT - PVC"
3in pvc pipe,"3"" CONDUIT - PVC"
"200' 1-1/2"" PVC Sch 40","1-1/2"" CONDUIT - PVC"
[Metallic Flexible Conduit] S,UNK CONDUIT - FLEX
PVC-3/4 GENERIC VENDOR-PVCPA 3,"3/4"" CONDUIT - PVC"
"2"" PVC Conduit, 20', Schedule ","2"" CONDUIT - PVC"
"4"" PVC Conduit","4"" CONDUIT - PVC"
"EMT CONDUIT, 1/2"", GALVANIZED ","1/2"" CONDUIT - EMT"
"1"" PVC TA's","1"" CONDUIT - PVC"
3/8 in. Flexible Metal Conduit,UNK CONDUIT - FLEX
2” steal flex,"2"" CONDUIT - FLEX"
"4"" PVC sched 40","4"" CONDUIT - PVC"
RYMCO - EMT 3IN,UNK CONDUIT - EMT
SCH 40 3/4 PVC,"3/4"" CONDUIT - PVC"
"master bundle of 1"" emt condui","1"" CONDUIT - EMT"
"4"" liquidtight flexable condui","4"" CONDUIT - FLEX"
"3"" steel flex","3"" CONDUIT - FLEX"
"2"" PVC SCH 40 CONDUIT","2"" CONDUIT - PVC"
FLX ALC075RW100CL 3/4-FLEX-ALU,"3/4"" CONDUIT - FLEX"
"4"" PVC M/A","4"" CONDUIT - PVC"
"1-1/2"" PVC Conduit, 10', Sche","1-1/2"" CONDUIT - PVC"
1” Pvc,"1"" CONDUIT - PVC"
"[PVC] 6"", Schedule 80, 10' Sti","6"" CONDUIT - PVC"
KLEIN TOOLS 15FT. MID-FLEX GLO,UNK CONDUIT - FLEX
"3"" GRC Weatherhead","3"" CONDUIT - GRC"
3/4” Emt Conduit,"3/4"" CONDUIT - EMT"
EMT 125 1-1/4X10FT-EMT,"1-1/4"" CONDUIT - EMT"
AF EC754US 1-1/2 STL CMP EMT C,"1-1/2"" CONDUIT - EMT"
10' STICK PVC PIPE,UNK CONDUIT - PVC
LT STR FLEX 2,"2"" CONDUIT - FLEX"
300' 2' PVC conduit,UNK CONDUIT - PVC
3/4 PVC,"3/4"" CONDUIT - PVC"
"1 1/4"" metal flex conduit","1-1/4"" CONDUIT - FLEX"
"1"" PVC Sch.40 Conduit","1"" CONDUIT - PVC"
SQZ FLEX 2-1/2,"2-1/2"" CONDUIT - FLEX"
"1"" x 1-1/2"" Galvanized Conduit","1-1/2"" CONDUIT - GRC"
1-inch ENT (grey),UNK CONDUIT - ENT
"3/4"" EMT CONDUIT`","3/4"" CONDUIT - EMT"
"[GRC/RMC] 3/4"", 10' Sticks","3/4"" CONDUIT - GRC"
1” pvc conduit schl 40,"1"" CONDUIT - PVC"
1” ENT,"1"" UNK"
"1.5"" PVC sched 40","5"" CONDUIT - PVC"
"EMT Conduit, 3"", Steel, 10'","3"" CONDUIT - EMT"
1-1/2 EMT COUNDUITS,"1-1/2"" CONDUIT - EMT"
"3/4"" emt","3/4"" CONDUIT - EMT"
"1/2"" Blue ENT","1/2"" UNK"
"3/4"" STL FLEX","3/4"" CONDUIT - FLEX"
Carlon B120R or equivalent,UNK UNK
"4"" PVC Sch. 80","4"" CONDUIT - PVC"
"3/8"" FLEXSTEEL CONDUIT",UNK CONDUIT - FLEX
"4"" Conduit -Site  PVC 40","4"" CONDUIT - PVC"
"1"" PVC sched 40","1"" CONDUIT - PVC"
4” Scd 40 Pvc,"4"" CONDUIT - PVC"
"3/4"" sch40PVC","3/4"" CONDUIT - PVC"
"3/4"" EMT         ","3/4"" CONDUIT - EMT"
"1 in. to 3/4"" in. Conduit Redu","3/4"" UNK"
GRC 3/4,"3/4"" CONDUIT - GRC"
"4"" flex (greenfeild)","4"" CONDUIT - FLEX"
"2"" Carflex","2"" CONDUIT - FLEX"
"4"" EMT MINI'S","4"" CONDUIT - EMT"
"[PVC] 1"", Schedule 40, 10' Sti","1"" CONDUIT - PVC"
"3/4"" Minni's for EMT ","3/4"" CONDUIT - EMT"
1” EMT RED,"1"" CONDUIT - EMT"
"1 1/2"" PVC Schedule 40","1-1/2"" CONDUIT - PVC"
"[EMT] 4"", 10' Sticks","4"" CONDUIT - EMT"
"1/2"" car flex","1/2"" CONDUIT - FLEX"
"EMT Conduit, 1/2"", Galvanized","1/2"" CONDUIT - EMT"
"PVC 1"" SCH 40 CONDUIT","1"" CONDUIT - PVC"
1” PVC SCHEDULE 40,"1"" CONDUIT - PVC"
2” emt,"2"" CONDUIT - EMT"
"3/4"" Sch 40 PVC","3/4"" CONDUIT - PVC"
1-1/4 PVC SCH40,"1-1/4"" CONDUIT - PVC"
EMT34 - CONDUIT - EMT 3/4IN,"3/4"" CONDUIT - EMT"
PVC 400 4-IN-PVC-SCHED-40-COND,UNK CONDUIT - PVC
"4"" PVC schedule 40 36"" Radius","4"" CONDUIT - PVC"
"3/4"" Aluminum Flexible Conduit","3/4"" CONDUIT - FLEX"
carflex 3/4,"3/4"" CONDUIT - FLEX"
"3/4"" PVC L.B.","3/4"" CONDUIT - PVC"
2” Metal Flex,"2"" CONDUIT - FLEX"
"3/4"" Rigid Metal Conduit","3/4"" CONDUIT - PVC"
2-1/2 FLEX STL CONDUIT,"2-1/2"" CONDUIT - FLEX"
4” Carflex,"4"" CONDUIT - FLEX"
3 1/2 emt,"3-1/2"" CONDUIT - EMT"
1 inch Greenfield flex STEEL,"1"" CONDUIT - FLEX"
"1 1/2"" Schedule 40 PVC","1-1/2"" CONDUIT - PVC"
1-IN D/C SQZ FLEX CON,UNK CONDUIT - FLEX
"1 1/2"" Rigid conduit","1-1/2"" CONDUIT - PVC"
1 1/2” pvc,"1-1/2"" CONDUIT - PVC"
10/2 mc pvc jacket,"2"" CONDUIT - PVC"
"2-1/2"" PVC PIPE SCH 80","2-1/2"" CONDUIT - PVC"
EMT3 - CONDUIT - EMT 3IN,"3"" CONDUIT - EMT"
all thead 10ft lenth,UNK UNK
3/4 Emt conduit,"3/4"" CONDUIT - EMT"
2-1/2”       Schl 40   pvc  Co,"2-1/2"" CONDUIT - PVC"
"1-1/2"" EMT","1-1/2"" CONDUIT - EMT"
"6"" PVC Conduit, 10', Schedule ","6"" CONDUIT - PVC"
"1"" sch40 PVC","1"" CONDUIT - PVC"
"50' 1 1/2"" emt pipe","1-1/2"" CONDUIT - EMT"
1/2” car flex,"1/2"" CONDUIT - FLEX"
3/4” car flex,"3/4"" CONDUIT - FLEX"
"1/2"" emt pulling L","1/2"" CONDUIT - EMT"
"Spatula, Flexible, 5/8"", Sprin",UNK CONDUIT - FLEX
"3/4"" BLUE ENT smurf","3/4"" CONDUIT - ENT"
PVC034P3/4IN SCH40 PVC PIPE,"3/4"" CONDUIT - PVC"
"3"" flexible metal conduit","3"" CONDUIT - FLEX"
"3/4"" Metal Flex","3/4"" CONDUIT - FLEX"
1-1/4” smurf ENT 500’,"1-1/4"" CONDUIT - ENT"
"1"" Sch 40 PVC","1"" CONDUIT - PVC"
"3/4"" X 1/4"" EMT CONDUIT FLANG","3/4"" CONDUIT - EMT"
1“ pvc,UNK CONDUIT - PVC
"1""x10' GRC conduit (to prefab)","1"" CONDUIT - GRC"
1/2” emt conduit,"1/2"" CONDUIT - EMT"
"1 1/4"" Sch 40 PVC","1-1/4"" CONDUIT - PVC"
"3"" schedule 80 PVC","3"" CONDUIT - PVC"
"1-1/4"" EMT Conduit, 10'","1-1/4"" CONDUIT - EMT"
"3"" PVC MA","3"" CONDUIT - PVC"
"3""PVC SCH 40","3"" CONDUIT - PVC"
2” Schedule 40 Pvc,"2"" CONDUIT - PVC"
"[ENT] 2"", 500'","2"" UNK"
"1-1/4"" PVC Conduit, 10', Sche","1-1/4"" CONDUIT - PVC"
"200' 1/2"" non metallic flex","1/2"" CONDUIT - FLEX"
"1"" pvc conduit schedule 40","1"" CONDUIT - PVC"
2 1/2 inch emt 10ft sticks,"2-1/2"" CONDUIT - EMT"
1 BLUE ENT COND,"1"" CONDUIT - ENT"
"1-1/4"" GRC ","1-1/4"" CONDUIT - GRC"
"1"" emt ","1"" CONDUIT - EMT"
"3"" EMT Conduit","3"" CONDUIT - EMT"
EMT1 - CONDUIT - EMT 1IN,"1"" CONDUIT - EMT"
4in pvc pipe,"4"" CONDUIT - PVC"
"10' stick of 3/4"" PVC plumbing","3/4"" CONDUIT - PVC"
"2 1/2""   FLEX AL","2-1/2"" CONDUIT - FLEX"
3/4 PVC PIPE,"3/4"" CONDUIT - PVC"
"1"" PVC SCHEDULE 40","1"" CONDUIT - PVC"
"3/4"" EMT CONDUITS SILVER","3/4"" CONDUIT - EMT"
"1"" car flex","1"" CONDUIT - FLEX"
1/2”EMT conduit,"1/2"" CONDUIT - EMT"
"2 1/2"" pvc pipe","2-1/2"" CONDUIT - PVC"
4” PVC Conduit,"4"" CONDUIT - PVC"
"Conduit 1-1/2"" NM","1-1/2"" UNK"
"WI LT FLEXMT COND 50FT X 2""","2"" CONDUIT - FLEX"
"1/2"" CARFLEX LT","1/2"" CONDUIT - FLEX"
"4""  PVC SCH 40 (20' LENGTHS)","4"" CONDUIT - PVC"
"1"" pvc lr","1"" CONDUIT - PVC"
"REEL, 1"" CARFLEX LIQUIDTIGHT ","1"" CONDUIT - FLEX"
"1 1/2"" PVC CONDUIT","1-1/2"" CONDUIT - PVC"
"1 1/4"" EMT","1-1/4"" CONDUIT - EMT"
3/4-RIGID CONDUIT,"3/4"" CONDUIT - PVC"
"master bundle 2"" emt conduit","2"" CONDUIT - EMT"
4” pvc conduit,"4"" CONDUIT - PVC"
"1/2"" PVC PIPE","1/2"" CONDUIT - PVC"
"2""GRC","2"" CONDUIT - GRC"
"3/4"" emt pulling L","3/4"" CONDUIT - EMT"
3/4” Gray SEALTIGHT,"3/4"" CONDUIT - FLEX"
"PVC Conduit, Schedule 40, 3"" D","3"" CONDUIT - PVC"
PVC COND 4,"4"" CONDUIT - PVC"
3/4 blue PVC ENT,"3/4"" CONDUIT - PVC"
1-1/2 sch 40 pvc,"1-1/2"" CONDUIT - PVC"
3/4 PVC SCHEDULE 80,"3/4"" CONDUIT - PVC"
"3/4"" Smurf","3/4"" CONDUIT - ENT"
"3/4"" PVC SCHED 40","3/4"" CONDUIT - PVC"
"1.5"" PVC Coated GRC","5"" CONDUIT - GRC"
"4"" sch 40 pvc","4"" CONDUIT - PVC"
"3/4"" Metal-Flex Conduit-Steel","3/4"" CONDUIT - FLEX"
"2"" sch.40 pvc","2"" CONDUIT - PVC"
"3/4"" PVC (500' total)","3/4"" CONDUIT - PVC"
1-1/4”       Schl 40   pvc  Co,"1-1/4"" CONDUIT - PVC"
3/4” emt,"3/4"" CONDUIT - EMT"
"6 750' spools 1"" gray ENT","6"" UNK"
1/2” emt,"1/2"" CONDUIT - EMT"
SMBS-H-15 PVC SHALLOW SLAB BO,UNK CONDUIT - PVC
"Carlon 12008-750 Blue ENT, 1"",","1"" UNK"
"100' total 1-1/2"" pvc sch 40","1-1/2"" CONDUIT - PVC"
1 1/2” PVC CONDUIT SCH 40,"1-1/2"" CONDUIT - PVC"
"4"" car flex","4"" CONDUIT - FLEX"
3/4 Inch. ENT To 3/4 Inch. EMT,"3/4"" CONDUIT - ENT"
CONDUIT 1-1/2-EMT,"1-1/2"" CONDUIT - EMT"
"2 1/2"" Rigid conduit","2-1/2"" CONDUIT - PVC"
2 1/2”pvc Conduit,"2-1/2"" CONDUIT - PVC"
"3"" Schedule 40 PVC","3"" CONDUIT - PVC"
PVC OOUP 3/4,"3/4"" CONDUIT - PVC"
"3/4"" PVC Sch 40","3/4"" CONDUIT - PVC"
"3/4"" PVC PIPE","3/4"" CONDUIT - PVC"
"4"" pvc schedule 40","4"" CONDUIT - PVC"
Red Emt 1”,"1"" CONDUIT - EMT"
"3/4"" PVC MA","3/4"" CONDUIT - PVC"
"3/4"" LIQUIDTIGHT METAL FLEXIBL","3/4"" CONDUIT - FLEX"
3/4” EMT,"3/4"" CONDUIT - EMT"
"1"" PVC Conduit, 10', Schedule","1"" CONDUIT - PVC"
"2"" GRC X 10'","2"" CONDUIT - GRC"
"1"" emt pipe","1"" CONDUIT - EMT"
"4"" steel flex","4"" CONDUIT - FLEX"
"EMT 4"" CONDUIT","4"" CONDUIT - EMT"
"3/4"" EMT CONDUIT MASTER BUNDLE","3/4"" CONDUIT - EMT"
500'-1 1/2'' EMT Conduit,"1-1/2"" CONDUIT - EMT"
"4"" Rigid Metal Conduit","4"" CONDUIT - PVC"
1/2” Greenfield to emt transi,"1/2"" CONDUIT - EMT"
3/4 lb pvc,"3/4"" CONDUIT - PVC"
LQT NM100-CUT 1-IN-FLEX-NM-LIQ,UNK CONDUIT - FLEX
100' 1/2 aluminum flex,"1/2"" CONDUIT - FLEX"
1in pvc pipe 10' total,"1"" CONDUIT - PVC"
Conduit 3 type UL Liquidtight,"3"" CONDUIT - FLEX"
1 1/4 RIGID CONDUIT,"1-1/4"" CONDUIT - PVC"
"3/4"" threaded LB metal conduit","3/4"" UNK"
"2"" pvc LB","2"" CONDUIT - PVC"
"Arlington 818 ARL 818 4"" EMT S","4"" CONDUIT - EMT"
"[ENT] 3/4"", 200'","3/4"" UNK"
"1-1/4"" PVC LB","1-1/4"" CONDUIT - PVC"
"1/2"" pvc pipe X 10' length","1/2"" CONDUIT - PVC"
2” ridig conduit,"2"" CONDUIT - PVC"
1/2 liquidtight conduit non me,"1/2"" CONDUIT - FLEX"
PVC 034P 3/4IN SCH40,"3/4"" CONDUIT - PVC"
"PVC Coated Rigid Conduit, 3"", ","3"" CONDUIT - PVC"
"1"" PVC L.B.","1"" CONDUIT - PVC"
EGS TCI-502 3/4 IN EMT SSCR CO,"3/4"" CONDUIT - EMT"
"1-1/2"" GRC ","1-1/2"" CONDUIT - GRC"
PVC 200P 2IN SCH40 PVC CONDUIT,UNK CONDUIT - PVC
"[EMT] 3 1/2"" Conduit","3-1/2"" CONDUIT - EMT"
"EMT 1 "" CONDUIT","1"" CONDUIT - EMT"
1-1/2 “ Pvc Schl 40,"1-1/2"" CONDUIT - PVC"
"3/4"" EMT (Minis)","3/4"" CONDUIT - EMT"
"PVC Coated Rigid Conduit, 1"", ","1"" CONDUIT - PVC"
"WEATHERPROOF 3/4""EMT CONDULET ","3/4"" CONDUIT - EMT"
3/4 flex aluminum,"3/4"" CONDUIT - FLEX"
"1/2"" EMT For all the stakes","1/2"" CONDUIT - EMT"
GRC 4,"4"" CONDUIT - GRC"
"2-1/2"" PVC Sch 40 20' Sections","2-1/2"" CONDUIT - PVC"
"1 1/2"" PVC conduit (10 FT stic","1-1/2"" CONDUIT - PVC"
"3/4"" GRC x 10' ","3/4"" CONDUIT - GRC"
"3/4"" EMT Pipe","3/4"" CONDUIT - EMT"
GRC 1,"1"" CONDUIT - GRC"
"1"" PVC SCH 40 PVC","1"" CONDUIT - PVC"
"3"" GRC","3"" CONDUIT - GRC"
"1.5"" sch 40 pvc 10'","5"" CONDUIT - PVC"
CONDUIT - GALV-STEEL 1IN,UNK CONDUIT - GRC
"[PVC] 4"", Schedule 40, 10' St","4"" CONDUIT - PVC"
"2""  PVC SCH 40","2"" CONDUIT - PVC"
"1"" PVC conduit Schedule 40","1"" CONDUIT - PVC"
1 1/4 Inch Greenfield Flex Con,"1-1/4"" CONDUIT - FLEX"
3-1/2”Pvc Schl 40,"3-1/2"" CONDUIT - PVC"
1/2-RIGID CONDUIT,"1/2"" CONDUIT - PVC"
"1-1/4"" PVC (10' sticks)","1-1/4"" CONDUIT - PVC"
"6"" SCHEDULE 40 PVC","6"" CONDUIT - PVC"
"[PVC] 2"", Schedule 80, 10' Sti","2"" CONDUIT - PVC"
"1"" PVC SCH 40","1"" CONDUIT - PVC"
Panduit ST35-075-66YL PVC Elec,UNK CONDUIT - PVC
PVC 1G nail on B120A,UNK CONDUIT - PVC
233 3-30D-EMT-ELL,UNK CONDUIT - EMT
PVC 07580 3/4-PVC-SCHED-80-CON,"3/4"" CONDUIT - PVC"
"3"" EMT CONDUIT","3"" CONDUIT - EMT"
"1/2"" PVC Conduit","1/2"" CONDUIT - PVC"
"3"" SCHDULE 80 PVC","3"" CONDUIT - PVC"
1in pvc pipe 20' lengths,"1"" CONDUIT - PVC"
CONDUIT 3/4IN EF/LT LIQ-TITE G,"3/4"" CONDUIT - FLEX"
PVC In Deck Carlon Nail Down B,UNK CONDUIT - PVC
"200 10' 1"" PVC schedule 40","1"" CONDUIT - PVC"
"1/2"" EMT CONDUIT","1/2"" CONDUIT - EMT"
"1&1/4"" PVC Conduit","4"" CONDUIT - PVC"
"1"" EMT Pipe","1"" CONDUIT - EMT"
"1"" PVC MA","1"" CONDUIT - PVC"
1/2 steel greenfield flex,"1/2"" CONDUIT - FLEX"
"2"" x 10' pvc  ","2"" CONDUIT - PVC"
PVC 075 3/4-PVC-SCHED-40-CONDU,"3/4"" CONDUIT - PVC"
1 1/4” emt,"1-1/4"" CONDUIT - EMT"
PVC 5-IN-SCHED-40 CONDUIT,UNK CONDUIT - PVC
"1"" PVC SCHED 40","1"" CONDUIT - PVC"
"3/4"" PVC COnduit","3/4"" CONDUIT - PVC"
"320' 4"" PVC Sch 40","4"" CONDUIT - PVC"
2” Pvc Conduit,"2"" CONDUIT - PVC"
"1/2"" FLEX GREENFIELD","1/2"" CONDUIT - FLEX"
1-1/4”metal flex,"1-1/4"" CONDUIT - FLEX"
2” PVC MA,"2"" CONDUIT - PVC"
"[PVC] 3/4"", Schedule 40, 10' S","3/4"" CONDUIT - PVC"
"EMT Conduit, 4"", Galvanized S","4"" CONDUIT - EMT"
2 1/2” SEALTIGHT,"2-1/2"" CONDUIT - FLEX"
1-1/4 NMLT CONDUIT,"1-1/4"" UNK"
1” PVC Sched 40,"1"" CONDUIT - PVC"
1/2 Greenfield Flex AL,"1/2"" CONDUIT - FLEX"
"3-1/2"" PVC Conduit, 10', Sched","3-1/2"" CONDUIT - PVC"
3/4 PVC CONDUIT,"3/4"" CONDUIT - PVC"
"Rigid Conduit, 2-1/2"", Galvani","2-1/2"" CONDUIT - GRC"
"1"" PVC Conduit 10Ft","1"" CONDUIT - PVC"
2-1/2 Rigid Metal Conduit,"2-1/2"" CONDUIT - PVC"
3'' EMT INS BSHG,UNK CONDUIT - EMT
2 1/2'' EMT CONDUIT,"2-1/2"" CONDUIT - EMT"
3” flex metal,"3"" CONDUIT - FLEX"
"2-1/2"" PVC schedule 40","2-1/2"" CONDUIT - PVC"
"2"" EMT Conduit, 10'","2"" CONDUIT - EMT"
"3/4"" PVC SCH 40 (20' Sticks)","3/4"" CONDUIT - PVC"
"1 1/2"" LTFNMC (Car Flex)","1-1/2"" CONDUIT - FLEX"
"4""liquidtight flexable metal ","4"" CONDUIT - FLEX"
"[EMT] 3"" Conduit","3"" CONDUIT - EMT"
"1"" EMT LB","1"" CONDUIT - EMT"
"4"" GRC","4"" CONDUIT - GRC"
"2-1/2"" Flex STL Conduit","2-1/2"" CONDUIT - FLEX"
"10' Stick 1-1/2"" PVC Sch 40 (T","1-1/2"" CONDUIT - PVC"
4” PVC CONDUIT,"4"" CONDUIT - PVC"
3/4 CARFLEX CONDUIT,"3/4"" CONDUIT - FLEX"
"1 1/4"" rigid conduit","1-1/4"" CONDUIT - PVC"
1'' EMT,UNK CONDUIT - EMT
"Carlon A52171E 4"" ENT side nai","4"" CONDUIT - ENT"
SQZ FLEX 1/2,"1/2"" CONDUIT - FLEX"
"EMT Conduit, 1"", Galvanized S","1"" CONDUIT - EMT"
"2"" PVC LB Condulet","2"" CONDUIT - PVC"
"[PVC] 3/4"", Schedule 40, 10' ","3/4"" CONDUIT - PVC"
"1.25"" EMT","1"" CONDUIT - EMT"
2 1/2 pvc pipe,"2-1/2"" CONDUIT - PVC"
"2 1/2"" PVC Sch 40","2-1/2"" CONDUIT - PVC"
3/4” steel flex,"3/4"" CONDUIT - FLEX"
"2"" Liquid tight conduit","2"" CONDUIT - FLEX"
"1"" EMT","1"" CONDUIT - EMT"
"1"" PVC pipe","1"" CONDUIT - PVC"
"1"" pvc schedule 40","1"" CONDUIT - PVC"
3-ALUMINUM FLEXIBLE CONDUIT,UNK CONDUIT - FLEX
1 1/4” EMT,"1-1/4"" CONDUIT - EMT"
1-1/4-STEEL THINWALL CONDUIT,"1-1/4"" CONDUIT - EMT"
"4"" emt","4"" CONDUIT - EMT"
1-1/2 Scd 80 Pvc,"1-1/2"" CONDUIT - PVC"
"IMC Conduit, 3/4"", Galvanized ","3/4"" CONDUIT - GRC"
"1/2"" FLEX CONDUIT","1/2"" CONDUIT - FLEX"
3/4” None Metalic Carlon Flex ,"3/4"" CONDUIT - FLEX"
"1-1/2"" EMT Pipe","1-1/2"" CONDUIT - EMT"
3/4 Emt Red In Color,"3/4"" CONDUIT - EMT"
"2"" Sch.40 PVC","2"" CONDUIT - PVC"
4in rigid pipe,"4"" CONDUIT - PVC"
"[PVC] 2"", Schedule 40, 10' Sti","2"" CONDUIT - PVC"
"1-1/4"" Carflex","1-1/4"" CONDUIT - FLEX"
"1""EMT","1"" CONDUIT - EMT"
3/8-ALUMINUM FLEXIBLE CONDUIT,UNK CONDUIT - FLEX
2” pvc conduit,"2"" CONDUIT - PVC"
1 1/2 emt 30s,"1-1/2"" CONDUIT - EMT"
"3"" Emt","3"" CONDUIT - EMT"
1-RIGID CONDUIT,UNK CONDUIT - PVC
"4"" PVC Schedule 40 20' Sticks","4"" CONDUIT - PVC"
2” emt conduit,"2"" CONDUIT - EMT"
1in pvc,"1"" CONDUIT - PVC"
"[PVC] 3/4"", Schedule 80, 10' S","3/4"" CONDUIT - PVC"
"1 1/4""pvc TA","1-1/4"" CONDUIT - PVC"
"3/4"" IMC CONDUIT","3/4"" UNK"
"1/2"" ENT BLUE SMURFS","1/2"" CONDUIT - ENT"
"1-1/4"" EMT THINWALL","1-1/4"" CONDUIT - EMT"
"1 1/4"" PVC M/A","1-1/4"" CONDUIT - PVC"
"[GRC/RMC] 1"", PVC Coating, 10","1"" CONDUIT - GRC"
"1 1/4"" PVC PIPE","1-1/4"" CONDUIT - PVC"
4”PVC Sch 40,"4"" CONDUIT - PVC"
1/2” PVC MA,"1/2"" CONDUIT - PVC"
"4"" PVC PIPE - SCH 40 - 10 FT","4"" CONDUIT - PVC"
"1""SEAL TIGHT FLEX/ PVC COATED ","1"" CONDUIT - FLEX"
PVC4100,UNK CONDUIT - PVC
FLX ALC250RW-CUT 2-1/2-FLEX-AL,"2-1/2"" CONDUIT - FLEX"
"3/4"" non metalic flex","3/4"" CONDUIT - FLEX"
"1.25"" STL FLEX","1"" CONDUIT - FLEX"
"2 1/2"" EMT       30°","2-1/2"" CONDUIT - EMT"
1-1/2 Pvc MA’s,"1-1/2"" CONDUIT - PVC"
"IMC Conduit, 3"", Galvanized St","3"" CONDUIT - GRC"
3/4 X 12-GALVANIZED CONDUIT NI,"3/4"" CONDUIT - GRC"
2-ALUMINUM FLEXIBLE CONDUIT,UNK CONDUIT - FLEX
"3"" PVC SCHEDULE 40 CONDUIT","3"" CONDUIT - PVC"
1000' Of 4'' PVC conduit,UNK CONDUIT - PVC
"MASTER BUNDLE 3/4"" EMT CONDUIT","3/4"" CONDUIT - EMT"
"3/4"" FLEX","3/4"" CONDUIT - FLEX"
1-1/4 BLU ENT COND,"1-1/4"" CONDUIT - ENT"
"Calbrite S60500MH00 1/2"" Pipe ","1/2"" UNK"
1”  PVC SCHEDULE 40,"1"" CONDUIT - PVC"
2” carflex,"2"" CONDUIT - FLEX"
3/4 CARFLEX,"3/4"" CONDUIT - FLEX"
RACO 509 3X2 OLD WORK CONDUIT ,"2"" UNK"
1/2” metal flex,"1/2"" CONDUIT - FLEX"
"3/4"" PVC LB Condulet","3/4"" CONDUIT - PVC"
3” EMT,"3"" CONDUIT - EMT"
3/4 carflex 100' spools,"3/4"" CONDUIT - FLEX"
"2"" PVC LB","2"" CONDUIT - PVC"
"3/4"" PVC SCH 40","3/4"" CONDUIT - PVC"
"3"" pvc sch 80 10'","3"" CONDUIT - PVC"
"PVC CONDUIT 1"" SCHEDULE-40","1"" CONDUIT - PVC"
SQZ FLEX 4,"4"" CONDUIT - FLEX"
100'-3/4'' Rigid conduit,"3/4"" CONDUIT - PVC"
"1/2 "" Metal Flex","1/2"" CONDUIT - FLEX"
1/2'' EMT Conduits,"1/2"" CONDUIT - EMT"
"CONDUIT-EMT 1""","1"" CONDUIT - EMT"
1 1/2” PVC MA,"1-1/2"" CONDUIT - PVC"
3/4” Pvc Pipe Schl 40,"3/4"" CONDUIT - PVC"
3/4 ent correctors,"3/4"" CONDUIT - ENT"
2 -1/2”Pvc Schl 40,"2-1/2"" CONDUIT - PVC"
"3/4"" Emt","3/4"" CONDUIT - EMT"
LQT NM15050CL 1-1/2-FLEX-NM-LI,"1-1/2"" CONDUIT - FLEX"
"EMT 2"" CONDUIT","2"" CONDUIT - EMT"
"10' rigid conduit 3""","3"" CONDUIT - PVC"
3/4 EMT CONDUIT,"3/4"" CONDUIT - EMT"
1-1/4”       Schl 40   pvc  Fe,"1-1/4"" CONDUIT - PVC"
"3/4"" PVC T.A.'S","3/4"" CONDUIT - PVC"
"2"" GRC","2"" CONDUIT - GRC"
"1"" PVC x 20' long","1"" CONDUIT - PVC"
EMT 15D EL 2-1/2,"2-1/2"" CONDUIT - EMT"
"3/4"" rigid conduit","3/4"" CONDUIT - PVC"
EMT 3/4 CONDUIT,"3/4"" CONDUIT - EMT"
3/4 EMT conduit,"3/4"" CONDUIT - EMT"
1” pvc conduit,"1"" CONDUIT - PVC"
EMT 4X 22-1/2,"1/2"" CONDUIT - EMT"
"2"" PVC CONDUIT, 10', SCHEDULE ","2"" CONDUIT - PVC"
1Inch pvc,UNK CONDUIT - PVC
"4"" PVC SCH 40 PIPE","4"" CONDUIT - PVC"
"2"" gray ENT tubing","2"" CONDUIT - ENT"
PVC COND 2,"2"" CONDUIT - PVC"
3” RIGID PIPE,"3"" CONDUIT - PVC"
1 1/2 emt,"1-1/2"" CONDUIT - EMT"
4 IN PVC LBE,"4"" CONDUIT - PVC"
3/4” CARFLEX,"3/4"" CONDUIT - FLEX"
SCH 80 3 IN. PVC,"3"" CONDUIT - PVC"
"emt 1/2"" conduit","1/2"" CONDUIT - EMT"
3/4IN NM FLEX PVC CONDUIT 100,"3/4"" CONDUIT - FLEX"
"3/4"" sealtight flex (metal in","3/4"" CONDUIT - FLEX"
"1 1/2"" PVC Conduit Sch 40","1-1/2"" CONDUIT - PVC"
1/2 fmc flex conduit,"1/2"" CONDUIT - FLEX"
2-1/2-ALUMINUM FLEXIBLE CONDUI,"2-1/2"" CONDUIT - FLEX"
EMT PIPE 3/4,"3/4"" CONDUIT - EMT"
"1-1/4"" PVC Sch 40 20' Sections","1-1/4"" CONDUIT - PVC"
"3/4"" sch 40 PVC","3/4"" CONDUIT - PVC"
1/2” emt to flex,"1/2"" CONDUIT - FLEX"
1/2-STEEL THINWALL CONDUIT,"1/2"" CONDUIT - EMT"
"400' x 4"" PVC Schedule 40","4"" CONDUIT - PVC"
"3/4"" mini's EMT","3/4"" CONDUIT - EMT"
"EMT Conduit, 3-1/2"", Galvanize","3-1/2"" CONDUIT - EMT"
"1"" EMT Conduit","1"" CONDUIT - EMT"
EMT 1  223  1071872,"1"" CONDUIT - EMT"
"3/4"" Red EMT","3/4"" CONDUIT - EMT"
"2 1/2"" EMT 22'S","2-1/2"" CONDUIT - EMT"
EMT 250 2-1/2X10FT-EMT,"2-1/2"" CONDUIT - EMT"
"[PVC] 4"", SCHEDULE 40, 10'","4"" CONDUIT - PVC"
"500' 4"" EMT","4"" CONDUIT - EMT"
Quart PVC Gule,UNK CONDUIT - PVC
"PVC CONDUIT 3"" SCHEDULE-40","3"" CONDUIT - PVC"
1 1/2 pvc ta,"1-1/2"" CONDUIT - PVC"
"1 1/4"" PVC Conduit Sch 40","1-1/4"" CONDUIT - PVC"
1-1/2 EMT,"1-1/2"" CONDUIT - EMT"
"3/4"" ENT","3/4"" UNK"
60' Of 2'' EMT Conduits,UNK CONDUIT - EMT
"4"" PVC schedule 40","4"" CONDUIT - PVC"
"EMT CONDUIT, 3/4"", GALVANIZED ","3/4"" CONDUIT - EMT"
233A 3-30D-EMT-ELL STD RAD,UNK CONDUIT - EMT
3/4” Seal Tight Flex,"3/4"" CONDUIT - FLEX"
"EMT Conduit, 1/2"", Steel, 10'","1/2"" CONDUIT - EMT"
"2 1/2""steel flex greenfield co","2-1/2"" CONDUIT - FLEX"
"3/4"" PVC Conduit, 10', Schedul","3/4"" CONDUIT - PVC"
"4"" Emt","4"" CONDUIT - EMT"
FLEXAL 300GFA 3IN. ALUM FLEX 2,"2"" CONDUIT - FLEX"
"1 ""  PVC SCH 40","1"" CONDUIT - PVC"
2” emt ,"2"" CONDUIT - EMT"
"3/4"" Schedule 40 PVC","3/4"" CONDUIT - PVC"
"2 1/2"" Greenfield Flex","2-1/2"" CONDUIT - FLEX"
2' EMT ,UNK CONDUIT - EMT
"3"" pvc LB","3"" CONDUIT - PVC"
"3/4"" EMT SS STL INS THROAT CON","3/4"" CONDUIT - EMT"
528WC PVC ROW 4 ADJ,"4"" CONDUIT - PVC"
"4"" PVC","4"" CONDUIT - PVC"
4” Scd 40 PVC,"4"" CONDUIT - PVC"
1/2” none metal carflex,"1/2"" CONDUIT - FLEX"
1 ENT BLUE COND SMURF TUB,"1"" CONDUIT - ENT"
"4"" EMT PIPE","4"" CONDUIT - EMT"
"1 1/4"" SEAL TIGHT FLEX","1-1/4"" CONDUIT - FLEX"
14-2C SOL BC LSPVC UNSHLD LSPV,UNK CONDUIT - PVC
½” EMT conduit,UNK CONDUIT - EMT
"[GRC/RMC] 1/2"", 10' Sticks","1/2"" CONDUIT - GRC"
"1-1/4"" GRC","1-1/4"" CONDUIT - GRC"
"PVC Coated Rigid Conduit, 4"", ","4"" CONDUIT - PVC"
24” x 9” X 6” PVC Junction Bo,"6"" CONDUIT - PVC"
"3/8"" super flex flexible metal",UNK CONDUIT - FLEX
"1-1/2"" Liquidtight Conduit","1-1/2"" CONDUIT - FLEX"
1''EMT Conduits,UNK CONDUIT - EMT
STL FLEX 3/4,"3/4"" CONDUIT - FLEX"
"4"" pvc sch 40 pipe 10' sticks","4"" CONDUIT - PVC"
1” PVC LB CONDULETS WITH GASK,"1"" CONDUIT - PVC"
FLEX ALUM 1/2 CUT REEL CONDUIT,"1/2"" CONDUIT - FLEX"
PVC 1 1/4 sch40,"1-1/4"" CONDUIT - PVC"
Thomas & Betts TC712ART EMT Co,UNK CONDUIT - EMT
"4"" PVC Coated GRC","4"" CONDUIT - GRC"
"1-1/2"" Flexible Steel Conduit,","1-1/2"" CONDUIT - FLEX"
1/2 inch PVC,"1/2"" CONDUIT - PVC"
GRC 6,"6"" CONDUIT - GRC"
"3/4"" PVC Pipe","3/4"" CONDUIT - PVC"
80'-2 1/2'' Rigid Conduit,"2-1/2"" CONDUIT - PVC"
"4"" PVC SCH 40 (20' Sticks)","4"" CONDUIT - PVC"
"1"" PVC Sch. 80","1"" CONDUIT - PVC"
"4"" EMT Conduit","4"" CONDUIT - EMT"
"[EMT] 1/2"" Conduit","1/2"" CONDUIT - EMT"
"[EMT] 1 1/2"" Conduit","1-1/2"" CONDUIT - EMT"
3/4” Pvc Conduit,"3/4"" CONDUIT - PVC"
3/4-STEEL THINWALL CONDUIT,"3/4"" CONDUIT - EMT"
"1"" emt","1"" CONDUIT - EMT"
EMT plastic bang on,UNK CONDUIT - EMT
3” emt conduit,"3"" CONDUIT - EMT"
"2"" PVC Pipe","2"" CONDUIT - PVC"
3/4 IN. LB PVC,"3/4"" CONDUIT - PVC"
[Carflex NonMetallic Liquidtig,UNK CONDUIT - FLEX
PVC PIPE 3/4,"3/4"" CONDUIT - PVC"
"3/4"" seal tight conduit","3/4"" CONDUIT - FLEX"
15005-CUT 1/2 L/T FLEX PVC,"1/2"" CONDUIT - FLEX"
1/2” Emt,"1/2"" CONDUIT - EMT"
"10' sticks x 1"" rigid conduit","1"" CONDUIT - PVC"
"2"" Rigid Metal Conduit","2"" CONDUIT - PVC"
HERITAGE PLASTIC PVC-6-20 SCH4,"4"" CONDUIT - PVC"
"1 1/2"" threaded plastic pvc bu","1-1/2"" CONDUIT - PVC"
"4"" GRC ","4"" CONDUIT - GRC"
GRC 1-1/4,"1-1/4"" CONDUIT - GRC"
"3/4"" metallic flexible conduit","3/4"" CONDUIT - FLEX"
1 Inch Seal Tight Flex With Me,"1"" CONDUIT - FLEX"
LT STR FLEX 3/4,"3/4"" CONDUIT - FLEX"
"2"" PVC schedule 40","2"" CONDUIT - PVC"
"1 1/4"" sch 40 PVC","1-1/4"" CONDUIT - PVC"
"Aluminum Flex, 1-1/2"", 25' Coi","1-1/2"" CONDUIT - FLEX"
"3"" Sealtite Flex","3"" CONDUIT - FLEX"
"4"" rigid conduit","4"" CONDUIT - PVC"
pvc 1 1/2,"1-1/2"" CONDUIT - PVC"
"3/4"" pvc pipe 10' sticks","3/4"" CONDUIT - PVC"
"2 1/2"" EMT conduit","2-1/2"" CONDUIT - EMT"
"3/4"" Steel Thinwall Conduit (","3/4"" CONDUIT - EMT"
"3/4"" PVC sch. 40","3/4"" CONDUIT - PVC"
3/4 BLUE ENT COND,"3/4"" CONDUIT - ENT"
1 inch EMT,"1"" CONDUIT - EMT"
1 1/4 greenfield flex,"1-1/4"" CONDUIT - FLEX"
"3/4"" flex st","3/4"" CONDUIT - FLEX"
"EMT Conduit, 2"", Galvanized St","2"" CONDUIT - EMT"
"2"" PVC SCHEDULE 40","2"" CONDUIT - PVC"
"EMT 3"" Pipe","3"" CONDUIT - EMT"
"1/2"" Carflex","1/2"" CONDUIT - FLEX"
"1 1/2""  PVC SCH 40","1-1/2"" CONDUIT - PVC"
"1 1/2"" PVC LB W/ GASKET AND CO","1-1/2"" CONDUIT - PVC"
"3/4"" x 2"" Galvanized Conduit ","3/4"" CONDUIT - GRC"
"2 1/2"" steel flex","2-1/2"" CONDUIT - FLEX"
"1"" PVC PIPE - SCH 40 - 10 FT ","1"" CONDUIT - PVC"
PIPE FRT,UNK UNK
"CTX 5133668 2"" PVC LB","2"" CONDUIT - PVC"
"1/2"" flex (greenfield)","1/2"" CONDUIT - FLEX"
LB65 MT LB65-MT 2 EMT LB COND ,"2"" CONDUIT - EMT"
"3/4"" PVC Schedule 40","3/4"" CONDUIT - PVC"
"1-1/2"" EMT pipe","1-1/2"" CONDUIT - EMT"
"1-1/2"" Schedule 80 PVC","1-1/2"" CONDUIT - PVC"
1” Smurf,"1"" CONDUIT - ENT"
"[EMT] 3/4"" Conduit","3/4"" CONDUIT - EMT"
SQZ FLEX 1-1/2,"1-1/2"" CONDUIT - FLEX"
"1 1/2"" emt LB  (eaton LB55-CGN","1-1/2"" CONDUIT - EMT"
"[EMT] 3/4"" Conduit, Gray","3/4"" CONDUIT - EMT"
"3/4"" PVC pipe schedule 40","3/4"" CONDUIT - PVC"
"[PVC] 1/2"", Schedule 40, 10' ","1/2"" CONDUIT - PVC"
"3/4"" EMT CONDUITS","3/4"" CONDUIT - EMT"
GRC 3,"3"" CONDUIT - GRC"
"3/4"" PVC pulling L","3/4"" CONDUIT - PVC"
"3/4"" PVC SCHEDULE 40 CONDUIT","3/4"" CONDUIT - PVC"
1-1/4” Pvc Conduit,"1-1/4"" CONDUIT - PVC"
11/2 Greenfield flex,"2"" CONDUIT - FLEX"
"1"" PVC @ 200'","1"" CONDUIT - PVC"
"3/4"" carlon none metalick flex","3/4"" CONDUIT - FLEX"
"2"" Sched 40 PVC","2"" CONDUIT - PVC"
1/2” Emt Conduit ,"1/2"" CONDUIT - EMT"
"3/4"" EMT CONDUIT","3/4"" CONDUIT - EMT"
"1"" PVC 20' lengths","1"" CONDUIT - PVC"
EMT400,UNK CONDUIT - EMT
"REEL, 3/4"" CARFLEX LIQUIDTIGH","3/4"" CONDUIT - FLEX"
4”EMT,"4"" CONDUIT - EMT"
PVC Primer Quart,UNK CONDUIT - PVC
"2"" Emt","2"" CONDUIT - EMT"
1-1/4” PVC conduit,"1-1/4"" CONDUIT - PVC"
"4"" Sch 40 PVC","4"" CONDUIT - PVC"
"master bundle 1"" emt conduit","1"" CONDUIT - EMT"
FLX ALC200RW25CL 2-IN-FLEX-ALU,UNK CONDUIT - FLEX
1/2 Metal Flex,"1/2"" CONDUIT - FLEX"
APPLETON TWCC75 EMT COMBINATI,UNK CONDUIT - EMT
2” Pvc Schl 40,"2"" CONDUIT - PVC"
3/4 pvc pipe,"3/4"" CONDUIT - PVC"
"4"" metal flex","4"" CONDUIT - FLEX"
1” Scd 40 Pvc,"1"" CONDUIT - PVC"
"Rigid Conduit, 1"", Galvanized ","1"" CONDUIT - GRC"
"3/4"" PVC  Schedule  40","3/4"" CONDUIT - PVC"
"1"" PVC schedule 40","1"" CONDUIT - PVC"
F-C-3010 STI WF sealent 5 Gall,"5"" CONDUIT - ENT"
1 1/2 pvc pipe,"1-1/2"" CONDUIT - PVC"
EMT 3/4,"3/4"" CONDUIT - EMT"
"3/4"" GRAY ENT tubing","3/4"" CONDUIT - ENT"
233 4-30D-EMT-ELL,UNK CONDUIT - EMT
3/4” red emt,"3/4"" CONDUIT - EMT"
4'' PVC PIPE TRANSFER FROM ACE,UNK CONDUIT - PVC
1-1/4 Pvc Scd 40,"1-1/4"" CONDUIT - PVC"
001MO01 49230 EMT100 1X10',UNK CONDUIT - EMT
"[EMT] 1"", 10' Sticks","1"" CONDUIT - EMT"
"2"" PVC Conduit, 10', Schedule","2"" CONDUIT - PVC"
"PVC Conduit, Schedule 80, 1"" D","1"" CONDUIT - PVC"
4in metal flex,"4"" CONDUIT - FLEX"
"3/4"" EMT","3/4"" CONDUIT - EMT"
"1/2""EMT CONDUIT","1/2"" CONDUIT - EMT"
1 1/2 SCH. 40 PVC,"1-1/2"" CONDUIT - PVC"
"10' 1 1/2"" rigid conduit","1-1/2"" CONDUIT - PVC"
"4,310' 3"" EMT 10' Sections","3"" CONDUIT - EMT"
"EMT Pipe 3/4""","3/4"" CONDUIT - EMT"
"2"" PVC sch. 80","2"" CONDUIT - PVC"
"3"" metallic flex","3"" CONDUIT - FLEX"
"1"" GRC  150LF","1"" CONDUIT - GRC"
"2"" SCH 40 PVC","2"" CONDUIT - PVC"
PVC 114P 1-1/4IN SCH40,"1-1/4"" CONDUIT - PVC"
emt conduit 1 1/2,"1-1/2"" CONDUIT - EMT"
"3-1/2"" PVC schedule 40","3-1/2"" CONDUIT - PVC"
16' Of Seal Tight Flex,UNK CONDUIT - FLEX
2” PVC Conduit,"2"" CONDUIT - PVC"
1 1/2'' EMT conduits,"1-1/2"" CONDUIT - EMT"
3-STEEL THINWALL CONDUIT,UNK CONDUIT - EMT
2/1/2 emt,"1/2"" CONDUIT - EMT"
"1"" PVC (20' length)","1"" CONDUIT - PVC"
LQT NM200-CUT 2-IN-FLEX-NM-LIQ,UNK CONDUIT - FLEX
3” PVC MA’s,"3"" CONDUIT - PVC"
3/4 NM LT FLEX,"3/4"" CONDUIT - FLEX"
"2"" GRC ","2"" CONDUIT - GRC"
"2” Ridgid Conduit, 10’ Long.","2"" CONDUIT - PVC"
"1"" ENT , Gray tube","1"" CONDUIT - ENT"
"3"" PVC F/A","3"" CONDUIT - PVC"
Calbrite S61000MH00 Conduit Ha,UNK UNK
"1/2"" BLUE ENT","1/2"" UNK"
EMT CMP CON 1/2,"1/2"" CONDUIT - EMT"
"Aluminum Flex, 3/8"", 250' Reel",UNK CONDUIT - FLEX
1-1/4 in. Ratcheting PVC Cutte,"1-1/4"" CONDUIT - PVC"
"Kraloy 012011 ENT, Gray w/ Bl",UNK UNK
"1 1/4"" pvc sch 40","1-1/4"" CONDUIT - PVC"
"4""EMT 22'S","4"" CONDUIT - EMT"
"[EMT] 3 1/2"", 10' Sticks","3-1/2"" CONDUIT - EMT"
EMT 1/2,"1/2"" CONDUIT - EMT"
"[PVC] 2"", Schedule 40, 20' St","2"" CONDUIT - PVC"
1in blue ent,"1"" UNK"
"Rigid Conduit, 3/4"", Galvanize","3/4"" CONDUIT - GRC"
"3"" sch 40 PVC","3"" CONDUIT - PVC"
3/4 emt,"3/4"" CONDUIT - EMT"
"BLUE 3/4"" ENT","3/4"" UNK"
"10' Sticks 1/2"" EMT (Total 200","1/2"" CONDUIT - EMT"
"4"" PVC SCH 40","4"" CONDUIT - PVC"
"3"" PVC Conduit, 10', Schedule","3"" CONDUIT - PVC"
"4"" PVC Schedule 40 (20 foot s","4"" CONDUIT - PVC"
"2-1/2"" EMT","2-1/2"" CONDUIT - EMT"
"2 1/2"" pvc conduit-10' sticks","2-1/2"" CONDUIT - PVC"
3/4”:sealtight,"3/4"" CONDUIT - FLEX"
2'' PVC CONDUITS,UNK CONDUIT - PVC
30' 2'' Rigid Conduits,UNK CONDUIT - PVC
"2 1/2"" rigid conduit","2-1/2"" CONDUIT - PVC"
PVC 100 1-IN-PVC-SCHED-40-CON,UNK CONDUIT - PVC
1” PVC MA,"1"" CONDUIT - PVC"
ENT BLU 1 REPL,"1"" CONDUIT - ENT"
"3/4"" metal flex","3/4"" CONDUIT - FLEX"
"3/4"" carflex  ","3/4"" CONDUIT - FLEX"
1/2 EMT CMPCON OQY 21015-088PR,"1/2"" CONDUIT - EMT"
"1/2"" metallic flexible conduit","1/2"" CONDUIT - FLEX"
Carlon E910F PVC Conduit Repai,UNK CONDUIT - PVC
3/4 pvc TA,"3/4"" CONDUIT - PVC"
"[PVC] 4"", Schedule 40, 20' Sti","4"" CONDUIT - PVC"
GRC 075 3/4-GALV-STEEL,"3/4"" CONDUIT - GRC"
GENERIC VENDOR-PVCPA JUNCTION ,UNK CONDUIT - PVC
"200' 1/2"" EMT","1/2"" CONDUIT - EMT"
4IN. NM LIQUID TIGHT FLEX,UNK CONDUIT - FLEX
"[PVC] 1 1/4"", Schedule 40, 10'","1-1/4"" CONDUIT - PVC"
"[PVC] 2 1/2"", Schedule 40, 10'","2-1/2"" CONDUIT - PVC"
2-1/2 Metal Flex,"2-1/2"" CONDUIT - FLEX"
"3/4"" GRC CONDUIT","3/4"" CONDUIT - GRC"
3/4” None Metalic Carlon Flex,"3/4"" CONDUIT - FLEX"
"3"" GREENFIELD METAL FLEX","3"" CONDUIT - FLEX"
"1 1/4"" emt","1-1/4"" CONDUIT - EMT"
2'' PVC RGD COND,UNK CONDUIT - PVC
"Flexible Metal Conduit, 3/4""","3/4"" CONDUIT - FLEX"
3” pvc sch 80 10’ sticks,"3"" CONDUIT - PVC"
"3"" SCH 40 PVC","3"" CONDUIT - PVC"
"1 1/2"" PVC F/A","1-1/2"" CONDUIT - PVC"
"3"" PVC SCH 40 by 10' Long","3"" CONDUIT - PVC"
3/4” PVC Sched 40,"3/4"" CONDUIT - PVC"
"2"" SEAL TIGHT FLEX PVC COATED ","2"" CONDUIT - FLEX"
1IN EMT PIPE,UNK CONDUIT - EMT
14' Of 4'' seal Tight Flex,UNK CONDUIT - FLEX
"1/2""X 25' LIQUIDTITE NON-FLEX ","1/2"" CONDUIT - FLEX"
"3/8"" super flexible metallic c",UNK CONDUIT - FLEX
"2"" Sch. 40 PVC","2"" CONDUIT - PVC"
TPZ ELB2CG 3/4 AL EMT LB COND ,"3/4"" CONDUIT - EMT"
sch 40 pvc 3/4,"3/4"" CONDUIT - PVC"
"3/4"" PVC Conduit (10 FT stick","3/4"" CONDUIT - PVC"
"3/4"" non metalic flex 1000' re","3/4"" CONDUIT - FLEX"
3” pvc schl 40,"3"" CONDUIT - PVC"
"Car flex Conduit. 1/2""","1/2"" CONDUIT - FLEX"
"3/4"" x 10' Sticks of GRC ","3/4"" CONDUIT - GRC"
3 IN SCH 40 PVC,"3"" CONDUIT - PVC"
EMT 1-1/4,"1-1/4"" CONDUIT - EMT"
1-1/2” emt conduit,"1-1/2"" CONDUIT - EMT"
"2"" Conduit - PVC Sch 80","2"" CONDUIT - PVC"
EMT CMP CON 2,"2"" CONDUIT - EMT"
2-1/2 PVC,"2-1/2"" CONDUIT - PVC"
"3"" IMC conduit","3"" UNK"
800'-1 1/4'' EMT Conduit,"1-1/4"" CONDUIT - EMT"
"""1""""CONDUIT-EMT""","1"" CONDUIT - EMT"
3/4” emt conduit,"3/4"" CONDUIT - EMT"
"3/4"" GRC ","3/4"" CONDUIT - GRC"
1' PVC CONDUIT SCHEDULE 40,UNK CONDUIT - PVC
1”1/2 EMT CONDUIT,"1/2"" CONDUIT - EMT"
1/2” Steel Metal Flex,"1/2"" CONDUIT - FLEX"
"10ft 2 1/2"" EMT","2-1/2"" CONDUIT - EMT"
"2"" PVC MA","2"" CONDUIT - PVC"
3/4 “ pvc,"3/4"" CONDUIT - PVC"
3/4” emt ,"3/4"" CONDUIT - EMT"
"200' 2"" PVC Sch 40","2"" CONDUIT - PVC"
LQT NM075100CL 3/4-FLEX-NM-LIQ,"3/4"" CONDUIT - FLEX"
"3/4"" Greenfield Flex","3/4"" CONDUIT - FLEX"
"[PVC] 3/4"", SCHEDULE 40, 1","3/4"" CONDUIT - PVC"
2000' Of  4'' PVC Conduits 20F,UNK CONDUIT - PVC
"1 1/4 ""SEAL TIGHT FEX TO EMT C","1-1/4"" CONDUIT - FLEX"
"3/4 "" SEAL TIGHT FLEX/ PVC COA","3/4"" CONDUIT - FLEX"
Charlotte Pipe 2 in. PVC Socke,"2"" CONDUIT - PVC"
"1 1/2"" Greenfield Flex","1-1/2"" CONDUIT - FLEX"
LT FLEX 1/2,"1/2"" CONDUIT - FLEX"
"1"" NM Conduit (Liquid Tight)","1"" CONDUIT - FLEX"
"2"" Conduit - PVC 40","2"" CONDUIT - PVC"
CAT 6 - PVC JACKET - BLUE,"6"" CONDUIT - PVC"
"3/4"" car flex","3/4"" CONDUIT - FLEX"
1” Emt,"1"" CONDUIT - EMT"
"3/4"" ENT( Smurf Tube Rated for","3/4"" CONDUIT - ENT"
"1"" EMT Conduit, 10'","1"" CONDUIT - EMT"
"1-1/4""  EMT","1-1/4"" CONDUIT - EMT"
"5"" Schedule 40 PVC","5"" CONDUIT - PVC"
3/4 EMT,"3/4"" CONDUIT - EMT"
"[EMT] 1"" Conduit, Gray","1"" CONDUIT - EMT"
3/4 LT FLEX,"3/4"" CONDUIT - FLEX"
"3/4"" EMT CODUIT","3/4"" CONDUIT - EMT"
belden 9729 or equivalent,UNK UNK
"3/4""X100'ALUM FLEX CONDUIT","3/4"" CONDUIT - FLEX"
"3/4"" PVC CONDUIT","3/4"" CONDUIT - PVC"
20' 2'' seal Tight Flex,UNK CONDUIT - FLEX
"3/4"" smurf gray 1000' reels","3/4"" CONDUIT - ENT"
"2"" Schedule 40 PVC","2"" CONDUIT - PVC"
"1/2"" X 100' Flexible Aluminum ","1/2"" CONDUIT - FLEX"
2 IN METAL LT FLEX,"2"" CONDUIT - FLEX"
SQZ FLEX 2,"2"" CONDUIT - FLEX"
3/4 ENT,"3/4"" UNK"
"3/4"" pvc pipe X 10' length","3/4"" CONDUIT - PVC"
3/4 EMT STEEL THINWALL CONDUIT,"3/4"" CONDUIT - EMT"
"1/2"" PVC","1/2"" CONDUIT - PVC"
"1 1/2"" emt coduit","1-1/2"" CONDUIT - EMT"
"3"" PVC Conduit","3"" CONDUIT - PVC"
"2"" sch 40 pvc 10'","2"" CONDUIT - PVC"
"3"" PVC schedule 40 conduit","3"" CONDUIT - PVC"
"Aluminum Flex, 1-1/4"", 50' Coi","1-1/4"" CONDUIT - FLEX"
"1-1/4"" PVC","1-1/4"" CONDUIT - PVC"
[Metallic Flexible Conduit] A,UNK CONDUIT - FLEX
FLX ALC400RW25CL 4-IN-FLEX-ALU,UNK CONDUIT - FLEX
"2 1/2"" SCH 40 PVC","2-1/2"" CONDUIT - PVC"
"3/4"" EMT pipe","3/4"" CONDUIT - EMT"
3/4 X CLOSE-GALVANIZED CONDUIT,"3/4"" CONDUIT - GRC"
"1"" Rigid Metal Conduit","1"" CONDUIT - PVC"
"3.5"" PVC Sch 40","5"" CONDUIT - PVC"
PVC COND 1-1/4,"1-1/4"" CONDUIT - PVC"
"3"" emt ","3"" CONDUIT - EMT"
"3/4"" Liquid tight conduit","3/4"" CONDUIT - FLEX"
1 1/4” Pvc Conduit,"1-1/4"" CONDUIT - PVC"
1 ½” emt ,"1"" CONDUIT - EMT"
"4"" PVC Conduit SQ 40","4"" CONDUIT - PVC"
"EMT 3/4"" CONDUIT","3/4"" CONDUIT - EMT"
123AL01 35043 ELBEMT4002212,UNK CONDUIT - EMT
"emt 4"" pipe","4"" CONDUIT - EMT"
EMT 75 ARLINGTON,UNK CONDUIT - EMT
1” carflex,"1"" CONDUIT - FLEX"
1” schedule 40 pvc,"1"" CONDUIT - PVC"
"1 1/4"" emt conduit","1-1/4"" CONDUIT - EMT"
2 1/2 IN Conduit Liquid Tight,"2-1/2"" CONDUIT - FLEX"
3/4 seal-tight flex,"3/4"" CONDUIT - FLEX"
80' 2'' Rigid Conduit,UNK CONDUIT - PVC
"3"" car flex","3"" CONDUIT - FLEX"
"2 1/2"" EMT 30's","2-1/2"" CONDUIT - EMT"
"1000' 1-1/4"" smurf tube","1-1/4"" CONDUIT - ENT"
"1"" PVC ","1"" CONDUIT - PVC"
"1/2"" flexible metallic conduit","1/2"" CONDUIT - FLEX"
1/2” carflex,"1/2"" CONDUIT - FLEX"
PIPE EMT,UNK CONDUIT - EMT
40'- 2 1/2'' Rigid Conduit,"2-1/2"" CONDUIT - PVC"
"1"" STL FLEX","1"" CONDUIT - FLEX"
"1/2""  ridgid pipe","1/2"" CONDUIT - PVC"
"1.5"" EMT","5"" CONDUIT - EMT"
"3/4"" Sealtite Flex","3/4"" CONDUIT - FLEX"
100'- 2'' Rigid Conduit,UNK CONDUIT - PVC
"1"" EMT conduit","1"" CONDUIT - EMT"
"2-1/2"" PVC SCHEDULE 40","2-1/2"" CONDUIT - PVC"
3/4” EMT conduit,"3/4"" CONDUIT - EMT"
2 1/2 emt,"2-1/2"" CONDUIT - EMT"
2IN RIGID PIPE,UNK CONDUIT - PVC
"[PVC] 2"", SCHEDULE 40, 10'","2"" CONDUIT - PVC"
1-ALUMINUM FLEXIBLE CONDUIT,UNK CONDUIT - FLEX
"3/4""  PVC SCH 40 (20' LENGTHS)","3/4"" CONDUIT - PVC"
Arlington 3838ST AC/MC/Flex Co,UNK CONDUIT - FLEX
3/4 flex (greenfield),"3/4"" CONDUIT - FLEX"
3/4 PVC SCH 40 CONDUIT,"3/4"" CONDUIT - PVC"
3” Sealtight,"3"" CONDUIT - FLEX"
"1"" rigid conduit","1"" CONDUIT - PVC"
1/2'' EMT PIPE,"1/2"" CONDUIT - EMT"
3/4 PVC SCH48,"3/4"" CONDUIT - PVC"
"1 1/4"" PVC Conduit (10 FT stic","1-1/4"" CONDUIT - PVC"
Carlotte Pipe 1-1/2 in. PVC Sc,"1-1/2"" CONDUIT - PVC"
"foot 1/2"" steel flex","1/2"" CONDUIT - FLEX"
"2"" PVC Conduit, 10', Schedule ","2"" CONDUIT - PVC"
"1/2"" FLEX FMC","1/2"" CONDUIT - FLEX"
"2"" EMT       15°","2"" CONDUIT - EMT"
"3/4"" PVC Sch.40 Conduit","3/4"" CONDUIT - PVC"
"[ENT] 3/4"", 500'","3/4"" UNK"
1/2 seal-tight flex,"1/2"" CONDUIT - FLEX"
"2"" Conduit - RMC Galvanized","2"" CONDUIT - GRC"
118 ADJ 582047 BPT280SP1/2EMT,"1/2"" CONDUIT - EMT"
"2-1/2"" Rigid Metal Conduit","2-1/2"" CONDUIT - PVC"
"1/2"" metal flexible conduit (g","1/2"" CONDUIT - FLEX"
4” PVC LB,"4"" CONDUIT - PVC"
"1 1/4"" EMT CONDUIT","1-1/4"" CONDUIT - EMT"
3'' PVC COND,UNK CONDUIT - PVC
"2"" GRC CONDUIT","2"" CONDUIT - GRC"
"4"" pvc sch 40 conduit","4"" CONDUIT - PVC"
"Blue ENT, 3/4"", 1000 Ft Roll ","3/4"" UNK"
1-1/2-22-1/2 DEG STD RAD EMT E,"1-1/2"" CONDUIT - EMT"
2'' emt,UNK CONDUIT - EMT
1-1/4” emt conduit,"1-1/4"" CONDUIT - EMT"
1” non metallic flexible Liqud,"1"" CONDUIT - FLEX"
"3/4"" PVC MA'S","3/4"" CONDUIT - PVC"
"4"" x 8"" Galvanized Conduit Nip","4"" CONDUIT - GRC"
1” PVC LB CONDULETS WITH GASKE,"1"" CONDUIT - PVC"
"3"" PVC LB","3"" CONDUIT - PVC"
Panduit ST35-075-66WH PVC Ele,UNK CONDUIT - PVC
PVC COND 1-1/2,"1-1/2"" CONDUIT - PVC"
PVC PIPE 1/2,"1/2"" CONDUIT - PVC"
"[GRC/RMC] 2"", 10' Sticks","2"" CONDUIT - GRC"
ENT 3/4,"3/4"" CONDUIT - ENT"
"1"" pvc sch 40","1"" CONDUIT - PVC"
"3/4"" emt lb","3/4"" CONDUIT - EMT"
"3"" PVC SCHEDULE 40","3"" CONDUIT - PVC"
"2"" PVC Sch 40 20' Sections","2"" CONDUIT - PVC"
"1 1/4""  FLEX AL","1-1/4"" CONDUIT - FLEX"
1-1/4 metal flex,"1-1/4"" CONDUIT - FLEX"
"3/4"" pvc M/A's","3/4"" CONDUIT - PVC"
"3/4"" Metal flexible conduit","3/4"" CONDUIT - FLEX"
"1"" schedule 40 pvc conduit","1"" CONDUIT - PVC"
"3/4"" flexible metallic tubing ","3/4"" CONDUIT - FLEX"
2in pvc pipe,"2"" CONDUIT - PVC"
TRANSFER PVC FROM JXLTG TO FT,UNK CONDUIT - PVC
"2"" EMT conduit","2"" CONDUIT - EMT"
"1"" PVC M/A","1"" CONDUIT - PVC"
"1"" Red EMT","1"" CONDUIT - EMT"
4” Rigid PIPE,"4"" CONDUIT - PVC"
"[PVC] 1 1/2"", SCHEDULE 40","1-1/2"" CONDUIT - PVC"
"1 1/4"" pvc schedule 40","1-1/4"" CONDUIT - PVC"
"FLEXIBLE STEEL CONDUIT, 3/4"", ","3/4"" CONDUIT - FLEX"
"1"" PVC LB","1"" CONDUIT - PVC"
"2"" flex","2"" CONDUIT - FLEX"
3/4 RIGID CONDUIT,"3/4"" CONDUIT - PVC"
"3,400' 2-1/2"" EMT 10' Sections","2-1/2"" CONDUIT - EMT"
"10' sticks of 3"" rigid conduit","3"" CONDUIT - PVC"
3-1/2 X 12-GALVANIZED CONDUIT ,"3-1/2"" CONDUIT - GRC"
2IN HDPE TO PVC TRANSITION FI,UNK CONDUIT - PVC
"1/2"" FLEXABLE NON-METALIC LIQU","1/2"" CONDUIT - FLEX"
4” emt ,"4"" CONDUIT - EMT"
LQT NM0501000RL 1/2-IN-FLEX-NM,"1/2"" CONDUIT - FLEX"
3/4 emt mineralac,"3/4"" CONDUIT - EMT"
"1/2"" LIQUID METAL FLEXABLE CON","1/2"" CONDUIT - FLEX"
"PVC Coated Rigid Conduit, 2"", ","2"" CONDUIT - PVC"
1/2-ALUMINUM FLEXIBLE CONDUIT,"1/2"" CONDUIT - FLEX"
"3/4"" PVC Conduit","3/4"" CONDUIT - PVC"
"1/2"" flex","1/2"" CONDUIT - FLEX"
1/2” sealtight,"1/2"" CONDUIT - FLEX"
"1 1/4"" metal flex","1-1/4"" CONDUIT - FLEX"
"EMT 3/4"" Conduit","3/4"" CONDUIT - EMT"
"Rigid Conduit, 3"", Galvanized ","3"" CONDUIT - GRC"
3/4 EMT PIPE,"3/4"" CONDUIT - EMT"
"3/4"" pvc","3/4"" CONDUIT - PVC"
"SCH 80 1"" PVC","1"" CONDUIT - PVC"
"EMT Aluminum Conduit, 2-1/2"" D","2-1/2"" CONDUIT - EMT"
"1"" pvc","1"" CONDUIT - PVC"
3-1/2” emt cnduit,"3-1/2"" CONDUIT - EMT"
1/2-EMT,"1/2"" CONDUIT - EMT"
GRC 150 1-1/2-GALV-STEEL,"1-1/2"" CONDUIT - GRC"
"2"" EMT       30°","2"" CONDUIT - EMT"
"1/2"" EMT (Minis)","1/2"" CONDUIT - EMT"
1” Sealtight,"1"" CONDUIT - FLEX"
"[EMT] 3"", 10' Sticks","3"" CONDUIT - EMT"
"10' Sticks 2-1/2"" PVC Sch 40 ","2-1/2"" CONDUIT - PVC"
STL FLEX 2-1/2,"2-1/2"" CONDUIT - FLEX"
"1/2"" EMT pipe","1/2"" CONDUIT - EMT"
"3/4"" flex","3/4"" CONDUIT - FLEX"
PVC heat gun,UNK CONDUIT - PVC
1 IN. LB PVC,"1"" CONDUIT - PVC"
"3"" pvc weatherheads","3"" CONDUIT - PVC"
"10' sticks of 2"" Rigid conduit","2"" CONDUIT - PVC"
2” pvc achedule 40,"2"" CONDUIT - PVC"
"3/4""  FLEX AL","3/4"" CONDUIT - FLEX"
"4"" RIGID CONDUIT","4"" CONDUIT - PVC"
3/4” pvc conduit schl 40,"3/4"" CONDUIT - PVC"
"1/2"" METAL FLEX","1/2"" CONDUIT - FLEX"
"1 1/2"" SCH 40 PVC","1-1/2"" CONDUIT - PVC"
"1-1/4"" EMT CONDUIT","1-1/4"" CONDUIT - EMT"
200' 3/4'' Rigid Conduit,"3/4"" CONDUIT - PVC"
2” EMT,"2"" CONDUIT - EMT"
1 1/4” PVC SCHED 40,"1-1/4"" CONDUIT - PVC"
"1"" PVC sch.40","1"" CONDUIT - PVC"
"20' total 2 1/2"" PVC","2-1/2"" CONDUIT - PVC"
3/4 MET LT FLEX,"3/4"" CONDUIT - FLEX"
2 Inch Ridgid Steel Conduit,"2"" CONDUIT - GRC"
1/2'' STL FLEX,"1/2"" CONDUIT - FLEX"
3/4 Flex Metal Flex Conduit,"3/4"" CONDUIT - FLEX"
"3"" Conduit - Site PVC 40","3"" CONDUIT - PVC"
"1"" EMT Minni ","1"" CONDUIT - EMT"
STREMT 75 EMT TO LT FLEX,UNK CONDUIT - FLEX
3” Pvc Conduit,"3"" CONDUIT - PVC"
4” schedule 40 pvc,"4"" CONDUIT - PVC"
"2"" PVC Conduit, 10', Schedule ","2"" CONDUIT - PVC"
"1"" PVC SCH40","1"" CONDUIT - PVC"
40' -1 1/4'' Green Field Flex,"1-1/4"" CONDUIT - FLEX"
GALVANIZED CUT PIPE 1 IN. X 18,"1"" CONDUIT - GRC"
"2"" steel flex","2"" CONDUIT - FLEX"
1”emt,"1"" CONDUIT - EMT"
"1/2"" blue ENT","1/2"" UNK"
"3/4"" schedule 40 pvc","3/4"" CONDUIT - PVC"
4'' PVC Conduits 10FT STICK,UNK CONDUIT - PVC
"3"" EMT","3"" CONDUIT - EMT"
1 1/2” EMT MINERALACS,"1-1/2"" CONDUIT - EMT"
AI NMLT200  2IN PVC LT STR CON,UNK CONDUIT - PVC
"1-1/4"" PVC sch. 80","1-1/4"" CONDUIT - PVC"
"1"" seal tight flex (metal insi","1"" CONDUIT - FLEX"
1 1/2'' EMT Conduits,"1-1/2"" CONDUIT - EMT"
"1 1/2"" PVC SCHEDULE 40 CONDUIT","1-1/2"" CONDUIT - PVC"
"4"" PVC Schedule 40 10' Sticks","4"" CONDUIT - PVC"
1-1/2”Pvc Schl 40,"1-1/2"" CONDUIT - PVC"
"1 1/2"" PVC Conduit","1-1/2"" CONDUIT - PVC"
"6"" x 6"" x4"" Deep PVC Gasketed ","6"" CONDUIT - PVC"
"3"" STL FLEX","3"" CONDUIT - FLEX"
"4"" PVC Sch 40","4"" CONDUIT - PVC"
"1 1/2"" pvc sch 40","1-1/2"" CONDUIT - PVC"
"2-1/2"" PVC Coated Rigid Condui","2-1/2"" CONDUIT - PVC"
"1/2"" EMT","1/2"" CONDUIT - EMT"
1in emt,"1"" CONDUIT - EMT"
"1 1/2"" PVC conduit (10 FT sti","1-1/2"" CONDUIT - PVC"
"3"" PVC LB's","3"" CONDUIT - PVC"
"3/4"" EMT conduit","3/4"" CONDUIT - EMT"
"4"" PVC Sch. 40","4"" CONDUIT - PVC"
"2"" STICK EMT","2"" CONDUIT - EMT"
GRC 100 1-IN-GALV-STEEL,UNK CONDUIT - GRC
"2"" SCHEDULE 80 PVC CONDUIT","2"" CONDUIT - PVC"
1-1/2-STEEL THINWALL CONDUIT,"1-1/2"" CONDUIT - EMT"
"1"" carflex","1"" CONDUIT - FLEX"
"2"" Red EMT","2"" CONDUIT - EMT"
"100ft Red 2"" EMT","2"" CONDUIT - EMT"
Klein Tool 50350 13” Flexible ,UNK CONDUIT - FLEX
1 1/4in emt pipe,"1-1/4"" CONDUIT - EMT"
1/2” Sealtight Flex,"1/2"" CONDUIT - FLEX"
[Metallic Flexible Conduit Con,UNK CONDUIT - FLEX
"3/4"" Flexible Steel Conduit","3/4"" CONDUIT - FLEX"
"3"" Sch 80 PVC","3"" CONDUIT - PVC"
1/2 EMT conduit,"1/2"" CONDUIT - EMT"
1 1/2 EMT 30's,"1-1/2"" CONDUIT - EMT"
EMT PY26-100E 1 IN. EMT CONDUI,"1"" CONDUIT - EMT"
EGS EFC-100 NEER 3/4 EMT TO FL,"3/4"" CONDUIT - EMT"
"[PVC] 1 1/2"", Schedule 40, 10'","1-1/2"" CONDUIT - PVC"
"Kraloy 012011 ENT, Gray w/ Blu",UNK UNK
3/4-STEEL THINWALL CONDUIT RED,"3/4"" CONDUIT - EMT"
"3/4"" PVC PIPE SCH 80","3/4"" CONDUIT - PVC"
"1/2 "" carflex","1/2"" CONDUIT - FLEX"
TRANSFER PVC FROM JXLTG TO FT ,UNK CONDUIT - PVC
"1"" smurf gray","1"" CONDUIT - ENT"
"1/2"" METAL ALUMINUN FLEX","1/2"" CONDUIT - FLEX"
"1"" PVC CONDUIT SCHEDULE 40","1"" CONDUIT - PVC"
EMT 2-1/2,"2-1/2"" CONDUIT - EMT"
STREMT 200 EMT TO LT FLEX,UNK CONDUIT - FLEX
"[PVC] 1"", Schedule 40, 10' St","1"" CONDUIT - PVC"
1/2” SEALTIGHT,"1/2"" CONDUIT - FLEX"
ELB GRC4001114 4IN GAL 11-1/4,"4"" CONDUIT - GRC"
"1"" pvc TA","1"" CONDUIT - PVC"
2 1/2 in pvc TA,"2-1/2"" CONDUIT - PVC"
"1-1/2"" PVC SCHEDULE 40","1-1/2"" CONDUIT - PVC"
"3/4"" PVC Conduit, 10', Schedul","3/4"" CONDUIT - PVC"
"1"" PVC Conduit, 10', Schedule ","1"" CONDUIT - PVC"
"1-1/2"" PVC MA","1-1/2"" CONDUIT - PVC"
PVC COND 2-1/2,"2-1/2"" CONDUIT - PVC"
"1 1/2"" EMT MINI'S","1-1/2"" CONDUIT - EMT"
"4"" PVC Schedule 40","4"" CONDUIT - PVC"
"1"" RIGID Conduit","1"" CONDUIT - PVC"
3/4 Metal liquid tight conduit,"3/4"" CONDUIT - FLEX"
"1-1/2"" EMT Conduit, 10'","1-1/2"" CONDUIT - EMT"
3 IN PVC SCH 40,"3"" CONDUIT - PVC"
"EMT Conduit, 1/2"", Galvanized ","1/2"" CONDUIT - EMT"
"4"" PVC Schedule  40","4"" CONDUIT - PVC"
"EMT 2.5"" CONDUIT","5"" CONDUIT - EMT"
"Liquidtight Flexible Conduit, ",UNK CONDUIT - FLEX
4'' - 2'' PVC TRANSFER FROM JA,UNK CONDUIT - PVC
"2"" RIGID Conduit","2"" CONDUIT - PVC"
1 1/2” emt,"1-1/2"" CONDUIT - EMT"
PVC 100P 1IN SCH40 PVC PIPE,UNK CONDUIT - PVC
"1"" aluminum flex","1"" CONDUIT - FLEX"
3” Aluminum Rigid Conduit,"3"" CONDUIT - PVC"
PVC-F LB20,UNK CONDUIT - PVC
"2"" IMC Conduit","2"" UNK"
"[EMT] 2 1/2"" Conduit","2-1/2"" CONDUIT - EMT"
Arlington FLBC5500 Pvc Round F,UNK CONDUIT - PVC
"4"" PVC SCH 40 by 10' Long","4"" CONDUIT - PVC"
EMT 050 1/2X10FT-EMT,"1/2"" CONDUIT - EMT"
1-1/2 EMT QT 1-1/4,"1-1/2"" CONDUIT - EMT"
1/2”non metallic flexible Lqui,"1/2"" CONDUIT - FLEX"
2 X CLOSE-GALVANIZED CONDUIT N,"2"" CONDUIT - GRC"
3” Pvc  Conduit,"3"" CONDUIT - PVC"
M4 EMT 3/4,"3/4"" CONDUIT - EMT"
FLEX STL 4,"4"" CONDUIT - FLEX"
"3/4"" smurf gray","3/4"" CONDUIT - ENT"
"1"" gray ENT","1"" UNK"
1-1/2” PvC,"1-1/2"" CONDUIT - PVC"
"1"" IMC Conduit","1"" UNK"
Schedule 80 1” PVC,"1"" CONDUIT - PVC"
"[PVC] 2 1/2"", Schedule 40, 10","2-1/2"" CONDUIT - PVC"
1/2'' emt,"1/2"" CONDUIT - EMT"
"EMT Conduit, 4"", Galvanized St","4"" CONDUIT - EMT"
"PVC Coated Conduit, 2-1/2"", 10","2-1/2"" CONDUIT - PVC"
FLX ALC150RW25CL 1-1/2-FLEX-AL,"1-1/2"" CONDUIT - FLEX"
"2"" pvc 10' schedule 40 pipe","2"" CONDUIT - PVC"
2” Car Flex,"2"" CONDUIT - FLEX"
1 X CLOSE-GALVANIZED CONDUIT N,"1"" CONDUIT - GRC"
"3"" GRC ","3"" CONDUIT - GRC"
4” pvc schedule 40,"4"" CONDUIT - PVC"
1 1/2in pvc pipe 20' lengths,"1-1/2"" CONDUIT - PVC"
1-1/2 metal flex,"1-1/2"" CONDUIT - FLEX"
"master bundle 3/4"" EMT","3/4"" CONDUIT - EMT"
EMT2 - CONDUIT - EMT 2IN,"2"" CONDUIT - EMT"
"3/4"" Smurf Conduit","3/4"" CONDUIT - ENT"
"1"" PVC CONDUIT","1"" CONDUIT - PVC"
3/4 Schedule 40 PVC Conduit,"3/4"" CONDUIT - PVC"
3 IN. PVC SCH 40,"3"" CONDUIT - PVC"
"2-1/2"" x 3"" Galvanized Conduit","2-1/2"" CONDUIT - GRC"
"4"" PVC Conduit, 10', Schedule","4"" CONDUIT - PVC"
"[PVC] 4"", Schedule 80, 10' Sti","4"" CONDUIT - PVC"
Arlington 5010AST MC/AC/Flex ,UNK CONDUIT - FLEX
"3/4"" liquid type flex","3/4"" CONDUIT - FLEX"
2” Ridgid Conduit,"2"" CONDUIT - PVC"
3'' seal tight flex,UNK CONDUIT - FLEX
"1"" GRC Minni's","1"" CONDUIT - GRC"
"3"" PVC SCHED 40","3"" CONDUIT - PVC"
Calbrite S62000MH00 CONDUIT MI,UNK UNK
"PVC Conduit, Schedule 40, 6"" ","6"" CONDUIT - PVC"
"1"" Car flex","1"" CONDUIT - FLEX"
"3/4"" pvc LBs","3/4"" CONDUIT - PVC"
1 Inch Greenfield Flex Steel,"1"" CONDUIT - FLEX"
"2"" PVC conduit","2"" CONDUIT - PVC"
Flex Cnnectors,UNK CONDUIT - FLEX
"1"" CARFLEX","1"" CONDUIT - FLEX"
SC TC112AN-RT 3/4 EMT RAINTIGH,"3/4"" CONDUIT - EMT"
"3/4"" GRC","3/4"" CONDUIT - GRC"
233 15007-CUT REEL 3/4 LT FLEX,"3/4"" CONDUIT - FLEX"
2IN UNIVERSAL RIGID/CONDUIT C,UNK CONDUIT - PVC
LT FLEX 1-1/2,"1-1/2"" CONDUIT - FLEX"
WI 621022 WI LT FLEXMT COND 25,UNK CONDUIT - FLEX
"3/4"" Flexible Liquid tight Met","3/4"" CONDUIT - FLEX"
1/2” EMT,"1/2"" CONDUIT - EMT"
"10' Sticks 2-1/2"" PVC Sch 40 (","2-1/2"" CONDUIT - PVC"
Panduit ST35-075-66GR PVC Ele,UNK CONDUIT - PVC
3/4” Ridgid Conduit,"3/4"" CONDUIT - PVC"
"[EMT] 1 1/4"" Conduit","1-1/4"" CONDUIT - EMT"
2 in. PVC LBE,"2"" CONDUIT - PVC"
2-1/2” Pvc,"2-1/2"" CONDUIT - PVC"
"1-1/4"" PVC Sch.40 Conduit 10' ","1-1/4"" CONDUIT - PVC"
"PVC Conduit, 3/4"", 20', Sched","3/4"" CONDUIT - PVC"
POW PS-1300-AS-1-1/2-EG PIPE C,"1-1/2"" UNK"
"[ENT] 3/4"", 750'","3/4"" UNK"
3/4 L/T FLEX PVC,"3/4"" CONDUIT - FLEX"
"3"" PVC","3"" CONDUIT - PVC"
"1"" PVC Sch 80","1"" CONDUIT - PVC"
"3/4"" PVC 20' lengths","3/4"" CONDUIT - PVC"
"2"" PVC pipe sch 40","2"" CONDUIT - PVC"
"3"" x 3"" PVC Conduit Base Duct","3"" CONDUIT - PVC"
"3/4"" red emt conduit","3/4"" CONDUIT - EMT"
"1 1/2"" EMT","1-1/2"" CONDUIT - EMT"
"3/4"" x 2"" Galvanized Conduit N","3/4"" CONDUIT - GRC"
"2 1/2"" EMT","2-1/2"" CONDUIT - EMT"
"[ENT] 3/4"", 300'","3/4"" UNK"
"3"" emt","3"" CONDUIT - EMT"
2” Pvc Scd 40,"2"" CONDUIT - PVC"
KYL 012002  1/2INX1500FT ENT U,"1/2"" CONDUIT - ENT"
"1"" PVC conduit","1"" CONDUIT - PVC"
3/4” PVC SCHED 40,"3/4"" CONDUIT - PVC"
"3/4"" fmc to emt transition","3/4"" CONDUIT - EMT"
"200' 1"" PVC Sch 40","1"" CONDUIT - PVC"
1 1/2 NPT IRON C FORM 7 CNDT B,"1-1/2"" UNK"
"EMT 2 1/2"" CONDUIT","2-1/2"" CONDUIT - EMT"
LT STR FLEX 1-1/4,"1-1/4"" CONDUIT - FLEX"
EMT300,UNK CONDUIT - EMT
2 1/2” Pvc Scedule 40 Conduit,"2-1/2"" CONDUIT - PVC"
"3"" Conduit -Site  PVC Sch 80","3"" CONDUIT - PVC"
"1"" CONDUIT EMT","1"" CONDUIT - EMT"
1/2 car flex,"1/2"" CONDUIT - FLEX"
"FLEX 3/4"" ALUMINUM","3/4"" CONDUIT - FLEX"
3/4 galv pipe,"3/4"" CONDUIT - GRC"
"1/2"" EMT ","1/2"" CONDUIT - EMT"
3” Schedule 40 Pvc,"3"" CONDUIT - PVC"
"1-1/4"" PVC Conduit, 20', Sched","1-1/4"" CONDUIT - PVC"
"[ENT] 1/2"", 10'","1/2"" UNK"
2” Rigid Conduit 10 FT,"2"" CONDUIT - PVC"
1-1/4”Pvc Schl 40,"1-1/4"" CONDUIT - PVC"
"3/4"" PVC CONDUIT SCH 40","3/4"" CONDUIT - PVC"
"3/4""EMT","3/4"" CONDUIT - EMT"
"3"" PVC Sched 40 X 800'","3"" CONDUIT - PVC"
"1/2"" PVC Conduit, 10', Schedul","1/2"" CONDUIT - PVC"
"REEL, 3/4"" CARFLEX LIQUIDTIGHT","3/4"" CONDUIT - FLEX"
"3"" emt conduit","3"" CONDUIT - EMT"
1 1/2  EMT,"1-1/2"" CONDUIT - EMT"
"3/4"" emt ","3/4"" CONDUIT - EMT"
"1.5"" PVC SCH 40 CONDUIT","5"" CONDUIT - PVC"
"2"" emt pipe","2"" CONDUIT - EMT"
"Rigid Conduit, 2"", Galvanized ","2"" CONDUIT - GRC"
"1&1/4"" PVC Sch.40 Conduit","4"" CONDUIT - PVC"
3/4 PVC LB,"3/4"" CONDUIT - PVC"
"3"" x 10'  PVC ","3"" CONDUIT - PVC"
"1 1/4"" threaded plastic pvc bu","1-1/4"" CONDUIT - PVC"
"1"" EMT ","1"" CONDUIT - EMT"
"1""PVC MA","1"" CONDUIT - PVC"
2 Inch ( C ) Treaded Conduit B,"2"" UNK"
"2"" Prefab EMT PIPE","2"" CONDUIT - EMT"
1 1/2” Carflex/liquid tight no,"1-1/2"" CONDUIT - FLEX"
"1/2"" emt conduit","1/2"" CONDUIT - EMT"
2” Pvc Lbs,"2"" CONDUIT - PVC"
3/4 pvc ma,"3/4"" CONDUIT - PVC"
"1"" PVC Pipe","1"" CONDUIT - PVC"
FLEX 1/2,"1/2"" CONDUIT - FLEX"
"1"" Metal Flex conduit","1"" CONDUIT - FLEX"
"1 1/2"" EMT conduit","1-1/2"" CONDUIT - EMT"
"3"" PVC Coated GRC","3"" CONDUIT - GRC"
PIPE PVC400SCH80,UNK CONDUIT - PVC
Liquid-Tight Flexible Nonmetal,UNK CONDUIT - FLEX
PVC 112P 1-1/2 SCH40,"1-1/2"" CONDUIT - PVC"
"STREMT150 1 1/2 "" EMT TO SEAL ","1-1/2"" CONDUIT - EMT"
"4"" PVC Sched 40 10' sections","4"" CONDUIT - PVC"
"1 1/2"" PVC pipe","1-1/2"" CONDUIT - PVC"
"400' total 3"" PVC Sch 40 10' ","3"" CONDUIT - PVC"
3/4 Pvc Schl 40,"3/4"" CONDUIT - PVC"
"2"" EMT pipe","2"" CONDUIT - EMT"
"3 1/2"" Sealtite Flex","3-1/2"" CONDUIT - FLEX"
2 ½” emt ,"2"" CONDUIT - EMT"
"EMT Conduit, 3/4"", Steel, 10'","3/4"" CONDUIT - EMT"
XENTURY ADJ,UNK UNK
"3"" CARFLEX","3"" CONDUIT - FLEX"
"1000' 1"" smurf tube","1"" CONDUIT - ENT"
2 inch pvc schedule 80,"2"" CONDUIT - PVC"
3/4 Rigid Conduit,"3/4"" CONDUIT - PVC"
"Flexible Steel Conduit, 3"", 25","3"" CONDUIT - FLEX"
"4"" PVC MA's","4"" CONDUIT - PVC"
RYMCO - EMT 1-1/2IN,"1-1/2"" CONDUIT - EMT"
"[ENT] 1 1/4"", 50'","1-1/4"" UNK"
"[PVC] 3"", Schedule 40, 20' St","3"" CONDUIT - PVC"
"3/4"" gray ENT","3/4"" UNK"
1 1/4 pvc pipe,"1-1/4"" CONDUIT - PVC"
2 1/2'' Seal Tight Flex,"2-1/2"" CONDUIT - FLEX"
2 IN PVC Conduit 10 FT stick S,"2"" CONDUIT - PVC"
"4"" PVC SCHED 40 @ 10'","4"" CONDUIT - PVC"
FLEX 1,"1"" CONDUIT - FLEX"
"1"" FLEX","1"" CONDUIT - FLEX"
1-1/2 PVC MA’s,"1-1/2"" CONDUIT - PVC"
3/4'' green field St Flex Con,"3/4"" CONDUIT - FLEX"
EMT 2,"2"" CONDUIT - EMT"
"1"" PVC Conduit, 10', Schedule ","1"" CONDUIT - PVC"
"2"" aluminum flex","2"" CONDUIT - FLEX"
"3/4"" GRAY ENT 1000' SPOOL","3/4"" CONDUIT - ENT"
"1-1/2"" NON-UL FLEX L/T MET CON","1-1/2"" CONDUIT - FLEX"
2-1/2 CONDUIT,"2-1/2"" UNK"
PVC COND 4 22015-003BO REFUSED,"4"" CONDUIT - PVC"
"2"" metalic flex","2"" CONDUIT - FLEX"
"2-1/2"" PVC Conduit, 10', Sched","2-1/2"" CONDUIT - PVC"
ARLINGTON EMT100,UNK CONDUIT - EMT
3/4” PVC MA,"3/4"" CONDUIT - PVC"
Liquidtight Flexible Steel Con,UNK CONDUIT - FLEX
"EMT Conduit, 3-1/2"", Steel, 10","3-1/2"" CONDUIT - EMT"
"Master bundle red 3/4"" EMT","3/4"" CONDUIT - EMT"
"[PVC] 2"", Schedule 40, 10' St","2"" CONDUIT - PVC"
"1-1/4"" PVC ","1-1/4"" CONDUIT - PVC"
[Steel Metallic Flexible Condu,UNK CONDUIT - FLEX
PVC 07520 3/4-PVC-SCHED-40-20F,"3/4"" CONDUIT - PVC"
"[EMT] 4"" Conduit Rigid Galvani","4"" CONDUIT - EMT"
PVC 40080 4-IN-PVC-SCHED-80-CO,UNK CONDUIT - PVC
"1""schedule 40 pvc conduit","1"" CONDUIT - PVC"
3/4” smurf tubing,"3/4"" CONDUIT - ENT"
1 1/4 “  Pvc,"1-1/4"" CONDUIT - PVC"
"PVC 2 1/2"" SCH40","2-1/2"" CONDUIT - PVC"
"1-1/4"" PVC (20' sticks)","1-1/4"" CONDUIT - PVC"
"1/2"" mini's EMT","1/2"" CONDUIT - EMT"
carflex 3/4”,"3/4"" CONDUIT - FLEX"
1 1/2 pvc schedule 40,"1-1/2"" CONDUIT - PVC"
"2-1/2"" EMT ","2-1/2"" CONDUIT - EMT"
STL FLEX 1/2,"1/2"" CONDUIT - FLEX"
"2"" PVC weatherhead","2"" CONDUIT - PVC"
"1"" PVC (20' sticks)","1"" CONDUIT - PVC"
"PVC 1 1/2"" SCH 40 COUNDUIT","1-1/2"" CONDUIT - PVC"
"2"" sch 40 PVC","2"" CONDUIT - PVC"
"12"" x 12"" x 4"" PVC Junction Bo","4"" CONDUIT - PVC"
6x6x6 Sch 40 PVC WP Junction B,"6"" CONDUIT - PVC"
"1/2"" sch 40 pvc","1/2"" CONDUIT - PVC"
"1.25"" CARFLEX @ 30'","1"" CONDUIT - FLEX"
3/4” EMT MINI’s,"3/4"" CONDUIT - EMT"
PVC 30080 3-IN-PVC-SCHED-80-CO,UNK CONDUIT - PVC
3 in sch 40 PVC,"3"" CONDUIT - PVC"
4 X CLOSE-GALVANIZED CONDUIT N,"4"" CONDUIT - GRC"
"3"" RIGID Conduit","3"" CONDUIT - PVC"
"3"" pvc pipe","3"" CONDUIT - PVC"
1 1/2 pvc ma's,"1-1/2"" CONDUIT - PVC"
"1-1/2"" EMT ","1-1/2"" CONDUIT - EMT"
3'' EMT INS BSHG  047,UNK CONDUIT - EMT
"Flexible Steel Conduit, 2"",","2"" CONDUIT - FLEX"
"FLEXIBLE STEEL CONDUIT, 1/2"", ","1/2"" CONDUIT - FLEX"
"1"" schedule 80 pvc conduit","1"" CONDUIT - PVC"
1 1/4'' EMT Conduits,"1-1/4"" CONDUIT - EMT"
"2-1/2"" GRC ","2-1/2"" CONDUIT - GRC"
"3 1/2"" Sch. 40 PVC 10' Pieces","3-1/2"" CONDUIT - PVC"
Thomas & Betts Round PVC Floor,UNK CONDUIT - PVC
CONDUIT 3/4-EMT,"3/4"" CONDUIT - EMT"
PVC COND 3/4,"3/4"" CONDUIT - PVC"
1-1/2”       Schl 40   pvc  Co,"1-1/2"" CONDUIT - PVC"
3/4  EMT,"3/4"" CONDUIT - EMT"
3/4” carflex,"3/4"" CONDUIT - FLEX"
"2"" SCHEDULE 40 PVC CONDUIT","2"" CONDUIT - PVC"
FLEX LIQ TIGHT CONDUIT,UNK CONDUIT - FLEX
"3/4"" PVC  ( 100 sticks)","3/4"" CONDUIT - PVC"
"1&1/2"" PVC Sch.40 Conduit","1/2"" CONDUIT - PVC"
"1-1/2"" PVC PIPE - SCH 40 - 10 ","1-1/2"" CONDUIT - PVC"
"1/2 "" EMT conduit 10FT","1/2"" CONDUIT - EMT"
LQT NM0751000RL 3/4-IN-FLEX-NM,"3/4"" CONDUIT - FLEX"
4 GRC,"4"" CONDUIT - GRC"
"4"" PVC Schedule  40 ","4"" CONDUIT - PVC"
Bridgeport® Knockout Conduit ,UNK UNK
Thomas & Betts XJG38-EMT 1 EM,"1"" CONDUIT - EMT"
2 inch car flex,"2"" CONDUIT - FLEX"
4” sch  40 pvc,"4"" CONDUIT - PVC"
2 1/2 EMT/RIGID TO FLEX CONT,"2-1/2"" CONDUIT - FLEX"
Allied Tube & Conduit SCH80 Ri,UNK UNK
1” ENT  conduit,"1"" CONDUIT - ENT"
"3/4"" PVC Conduit 10Ft","3/4"" CONDUIT - PVC"
Liquid Tight Flexible Conduit ,UNK CONDUIT - FLEX
"1"" GRC ","1"" CONDUIT - GRC"
"Aluminum Flex, 1-1/2""","1-1/2"" CONDUIT - FLEX"
3-1/2”       Schl 40   pvc  F,"3-1/2"" CONDUIT - PVC"
"3/4"" Metallic Flex ( Greenfiel","3/4"" CONDUIT - FLEX"
FLEXCON 2,"2"" CONDUIT - FLEX"
"PVC Conduit, 4"", 20', Schedule","4"" CONDUIT - PVC"
"[ENT] 1"", 500'","1"" UNK"
1” Emt Conduit,"1"" CONDUIT - EMT"
PIPE PVC075,UNK CONDUIT - PVC
"2.5"" schedule 40 pvc","5"" CONDUIT - PVC"
"1 1/4"" PVC F/A","1-1/4"" CONDUIT - PVC"
"PVC Coated Rigid Conduit, 1-1/",UNK CONDUIT - PVC
"2"" PVC Sched 40 @ 200'","2"" CONDUIT - PVC"
193WA 15007-CUT REEL3/4LT FLEX,"3/4"" CONDUIT - FLEX"
"[PVC] 3"", Schedule 40, 10' Sti","3"" CONDUIT - PVC"
"1-1/2"" pvc","1-1/2"" CONDUIT - PVC"
1in pvc pipe,"1"" CONDUIT - PVC"
"3/4"" FMC FLEX","3/4"" CONDUIT - FLEX"
PVC 200 2-IN-PVC-SCHED-40-COND,UNK CONDUIT - PVC
"2"" x 12"" Galvanized Conduit Ni","2"" CONDUIT - GRC"
"2"" STL FLEX","2"" CONDUIT - FLEX"
GRC 5,"5"" CONDUIT - GRC"
1-1/2 rigid pipe,"1-1/2"" CONDUIT - PVC"
3/4 pvc f/a,"3/4"" CONDUIT - PVC"
EMT AC/MC 14/3 TO 10/3,"3"" CONDUIT - EMT"
"1 1/2"" metal flex","1-1/2"" CONDUIT - FLEX"
1” PVC CONDUIT,"1"" CONDUIT - PVC"
1” sch  40 pvc,"1"" CONDUIT - PVC"
1-1/4”       Schl 40   pvc  Ma,"1-1/4"" CONDUIT - PVC"
"3/4"" CARFLEX","3/4"" CONDUIT - FLEX"
1-1/2 Rigid Metal Conduit,"1-1/2"" CONDUIT - PVC"
198 KTA25 1-1/4 PVC CON 189680,"1-1/4"" CONDUIT - PVC"
"3"" greenfield flex","3"" CONDUIT - FLEX"
"3/4"" pvc scedule 40","3/4"" CONDUIT - PVC"
1 1/2” EMT CONDUIT,"1-1/2"" CONDUIT - EMT"
ELB EMT3002212 3-IN-22-1/2DEG-,"1/2"" CONDUIT - EMT"
"[PVC] 1 1/2"", Schedule 80, 10'","1-1/2"" CONDUIT - PVC"
"[PVC] 1"", Schedule 40, 20' Sti","1"" CONDUIT - PVC"
8/3 PVC coated MC,"3"" CONDUIT - PVC"
EMT 1,"1"" CONDUIT - EMT"
"3"" EMT ","3"" CONDUIT - EMT"
WI ELE30030 Wi 30D Emt Conduit,UNK CONDUIT - EMT
LQT NM050100CL 1/2-FLEX-NM-LIQ,"1/2"" CONDUIT - FLEX"
2 Inch Greenfield Flex Steel,"2"" CONDUIT - FLEX"
1/2” Steel FLEX,"1/2"" CONDUIT - FLEX"
EMT 1-1/2,"1-1/2"" CONDUIT - EMT"
"3/4"" Carflex","3/4"" CONDUIT - FLEX"
"Rigid Conduit, 1-1/2"", Galvan","1-1/2"" CONDUIT - GRC"
1/2 STL FLEX REDC WALL UL 100,"1/2"" CONDUIT - FLEX"
"3/4"" EMT PIPE","3/4"" CONDUIT - EMT"
"1-1/2"" GRC","1-1/2"" CONDUIT - GRC"
"2""   FLEX AL","2"" CONDUIT - FLEX"
1 Inch Pvc Pipe ,"1"" CONDUIT - PVC"
2” PVC Sch 40,"2"" CONDUIT - PVC"
"2"" PVC sch. 40","2"" CONDUIT - PVC"
"1/2"" Metal Flex","1/2"" CONDUIT - FLEX"
1/2 carflex,"1/2"" CONDUIT - FLEX"
"[PVC] 1 1/4"", Schedule 40, 20'","1-1/4"" CONDUIT - PVC"
"5 1000' spools blue 3/4"" ENT","3/4"" UNK"
1/2 in emt,"1/2"" CONDUIT - EMT"
"Gray ENT w/ Blue Stripe, 1-1/4","1-1/4"" CONDUIT - ENT"
"1"" Conduit - PVC 40","1"" CONDUIT - PVC"
21015-257 NIP=FLEX,UNK CONDUIT - FLEX
"EMT Conduit, 2-1/2"", Steel, 10","2-1/2"" CONDUIT - EMT"
3'' EMT Conduits,UNK CONDUIT - EMT
"5"" PVC Sweep","5"" CONDUIT - PVC"
"1.5"" schedule 40 pvc","5"" CONDUIT - PVC"
"4"" RIGID Conduit","4"" CONDUIT - PVC"
"3/4"" PVC","3/4"" CONDUIT - PVC"
PVC4150,UNK CONDUIT - PVC
