Description,Unnamed: 1,Label
"[PVC] 2"", SCHEDULE 40, 10'",,Conduit
"2"" GRC ",,Conduit
"3"" Schedule 40 PVC",,Conduit
EMT CMP CON 2,,Conduit
FLEX,,Conduit
4321 REV DEB ENTER CR,,Conduit
160'  1 1/2'' EMT conduits,,Conduit
"1"" greenfield flex (50')",,Conduit
"12"" x 12"" x 4"" PVC Junction Bo",,Conduit
"1-1/2"" FLEXABLE NON-METTALLIC ",,Conduit
"40' 3"" Flex",,Conduit
3X10FT EMT,,Conduit
24” x 9” X 6” PVC Junction Bo,,Conduit
"Yellow EMT Conduit, 3/4"", 10'",,Conduit
"1/2 "" Metal Flex",,Conduit
DUP FLEX CON 3/8,,Conduit
"1"" metal flex",,Conduit
1 FLEX LIQ TIGHT,,Conduit
"4"" PVC Coated GRC",,Conduit
FLEX STR CON 1/2,,Conduit
"2"" pvc  sch 40",,Conduit
"3/4"" Sch. 40 PVC",,Conduit
"2"" GRC Weatherhead",,Conduit
"3/4"" PVC Conduit 10Ft",,Conduit
"Fluorescent Orange,6 In.,Whisk",,Conduit
EMT 3/4  223  1071872,,Conduit
XENTURY -TODD BERRY,,Conduit
3/4” EMT,,Conduit
"3"" PVC SCHEDULE 40",,Conduit
"2"" IMC Conduit",,Conduit
"100' Total 3"" PVC SCH 40",,Conduit
SQZ FLEX CON 3/4,,Conduit
200 amp 3-Phase MLO  Loadcente,,Conduit
TALENT DUP,,Conduit
"3/4"" LIQUID TIGHT CONDUIT",,Conduit
2” PVC Sch 40,,Conduit
"WI LT FLEXMT COND 50FT X 2""",,Conduit
"[PVC] 1"", Schedule 40, 10' St",,Conduit
PVC COND 3 OQ,,Conduit
"3"" SCHDULE 80 PVC",,Conduit
"Orange EMT Conduit, 1/2"" Diame",,Conduit
"1/2"" pvc pipe X 10' length",,Conduit
STR CARFLEX FTG 3/4,,Conduit
5 in. PVC flush round 6 in. de,,Conduit
"1"" Aluminum Flex FMC",,Conduit
1-1/2”pvc,,Conduit
1/2 EMT conduit,,Conduit
GRC 5/8,,Conduit
3/4” EMT LB,,Conduit
3” TO 2” PVC REDUCER,,Conduit
"1 1/4"" pvc schedule 80",,Conduit
SQZ FLEX CON 1/2,,Conduit
EMT HNGR 3/4,,Conduit
XENTURY DEP B2,,Conduit
"1"" Metal Flex",,Conduit
1/2 D/C SQZ FLEXCON,,Conduit
1 1/4 PVC TAS,,Conduit
"2.5"" pvc schedule 40 conduit",,Conduit
SS FLEXCON 3/8,,Conduit
1-1/2” Pvc Pipe,,Conduit
"3/4 "" pvc TA",,Conduit
EMT COND 1,,Conduit
"1/2"" EMT pipe",,Conduit
"Aluminum Flex, 1-1/4"", 50' Co",,Conduit
Ideal 74-027 EMT Conduit Bende,,Conduit
3/4 Inch Pvc Conduit Sch 40 ,,Conduit
"PVC CONDUIT 3"" SCHEDULE-40",,Conduit
LT NM FLEX 3/4,,Conduit
"2"" PVC sch. 80",,Conduit
"2-1/2"" EMT Conduit",,Conduit
"1/2"" IMC CONDUIT",,Conduit
"10' stick of 3/4"" PVC plumbing",,Conduit
"ft 2 1/2"" carflex non-metallic",,Conduit
2-1/2-STEEL THINWALL CONDUIT,,Conduit
"3/4"" PVC Sch 40",,Conduit
Leviton 2610-B ENT BLK L5-30R,,Conduit
"2 1/2"" EMT",,Conduit
3 in. PVC MA,,Conduit
4'' PVC PIPE TRANSFER FROM ACE,,Conduit
"2""GRC",,Conduit
PVC OUP 4,,Conduit
"1 1/2"" threaded plastic pvc bu",,Conduit
"4"" pvc sch 40 pipe",,Conduit
SQZ FLEX 3/4,,Conduit
3 -1/2 ”       Schl 40   pvc  ,,Conduit
PVC COND 1 OQTY,,Conduit
"1"" PVC schedule 40",,Conduit
"EMT CONDUIT, 3/4"", GALVANIZED ",,Conduit
CR EMT RED 3/4,,Conduit
"3/4"" PVC SCHED 40",,Conduit
"2 1/2"" PVC SCHED 40",,Conduit
1-1/2” PvC,,Conduit
2” EMT,,Conduit
1-1/2” Pvc Schl 40,,Conduit
Hilti X-EMTC 3/8” MX (3/8” MC ,,Conduit
"1-1/2"" to 1"" PVC Conduit Reduc",,Conduit
"3"" Conduit -Site  PVC Sch 80",,Conduit
Inverted Fluorescent Green Pai,,Conduit
Thomas & Betts XJG38-EMT 1 EM,,Conduit
"2"" PVC Coated GRC",,Conduit
PVC 22-1/2D 6,,Conduit
1’ PVC SCHEDULE 80,,Conduit
1 IN. MA PVC,,Conduit
"2.5"" PVC Coated GRC",,Conduit
3/4 carflex 100' spools,,Conduit
AI NMLT150  1-1/2IN PVC LT STR,,Conduit
1-1/4 L/T FLEX PVC,,Conduit
"1/2"" aluminum flex",,Conduit
"4"" PVC Schedule 80",,Conduit
"3"" PVC SCH 40",,Conduit
3-1/2 X 12-GALVANIZED CONDUIT ,,Conduit
"[ENT] 3/4"", 250'",,Conduit
"3/4"" schedule 40 PVC",,Conduit
SQZ FLEX 1-1/2,,Conduit
"3""PVC SCH 40",,Conduit
"1 1/2"" EMT",,Conduit
"3/4"" PVC Sch.40 Conduit",,Conduit
"1-1/4""CONDUIT-EMT",,Conduit
"Aluminum Flex, 2-1/2"",",,Conduit
1” Flex Steel,,Conduit
"SIMPush 1/2"" EMT LB Conduit Bo",,Conduit
"1 1/2"" Greenfield Flex",,Conduit
"1"" EMT Red",,Conduit
11 oz. FLUORESCENT Green Spray,,Conduit
2” Plastic PVC Blushing,,Conduit
"PVC Conduit, Schedule 80, 1"" D",,Conduit
"10' Sticks 2-1/2"" PVC Sch 40 (",,Conduit
"EMT CONDUIT, 1"", GALVANIZED ST",,Conduit
(Metallic Flexible Conduit Con,,Conduit
"Yellow EMT Conduit, 1-1/2"" Di",,Conduit
"1"" EMT CMP CPL",,Conduit
"TALENT DUP 294,295,100",,Conduit
EMT 075 3/4 X 10FT,,Conduit
"1"" PVC SCH 80",,Conduit
"1"" NM Conduit (Liquid Tight)",,Conduit
"3/4"" RED EMT",,Conduit
3” Pvc Pipe Schl 40,,Conduit
CRESCENT ELECT,,Conduit
"1-1/4"" GRC ",,Conduit
3M 165BL4A 7100169429 TEMFLEX ,,Conduit
"3/4"" MA pvc",,Conduit
"4"" EMT 22'S",,Conduit
3/8 TWIN DUP FLEXCON,,Conduit
GRC 075 3/4-GALV-STEEL,,Conduit
"Orange EMT Conduit, 3"" Diamet",,Conduit
GRC 3/4,,Conduit
11/2 Greenfield flex,,Conduit
FLEX 3-1/2,,Conduit
"2"" PVC CONDUIT, SCHEDULE 40",,Conduit
STREMT 75 EMT TO LT FLEX,,Conduit
"Aluminum Flex, 1/2"", 50' Reel",,Conduit
"4"" PVC Schedule 40 ",,Conduit
SQZ FLEXCON 1,,Conduit
3/4 CONDUIT,,Conduit
"4"" PVC F/A",,Conduit
"2"" EMT conduit",,Conduit
KYL 012011 *3/4INX1000FT ENT U,,Conduit
1 1/2 “ Pvc  Conduit,,Conduit
4'' PVC Conduits 10FT STICK,,Conduit
"4"" PVC Sch. 40",,Conduit
Carflex 1 1/4,,Conduit
3/4-STEEL THINWALL CONDUIT RED,,Conduit
"3/4"" EMT Minis",,Conduit
2 IN PVC Conduit 10 FT stick S,,Conduit
"REEL, 3/4"" CARFLEX LIQUIDTIGH",,Conduit
3/4 flex (greenfield),,Conduit
LQT FLEX 1/2,,Conduit
NEER LT STR FLEX 2-1/2,,Conduit
"1"" scedule 40 PVC conduit",,Conduit
"1/2"" flex (greenfield)",,Conduit
LT STR FLEX 2-1/2,,Conduit
ENT FLEX 3/4,,Conduit
"2"" Conduit - PVC Sch 80",,Conduit
"1-1/2"" PVC Utility Duct, 20', ",,Conduit
"2-1/2"" TWO hole bands for PVC",,Conduit
"Liquidtight Flexible Conduit, ",,Conduit
1” PVC Weather Head,,Conduit
"2.5"" pvc",,Conduit
"1.25"" PVC coated GRC",,Conduit
AF EC754US 1-1/2 STL CMP EMT C,,Conduit
FLEX PVC 1/2,,Conduit
60' Of 2'' EMT Conduits,,Conduit
"IMC Conduit, 3"", Galvanized St",,Conduit
10-3 PVC coated MC,,Conduit
"1 1/4""pvc TA",,Conduit
"Green EMT Conduit, 2"" Diameter",,Conduit
WI ELE40030 Wi 30D Emt Conduit,,Conduit
FLEXSTEEL CONDUIT,,Conduit
RACO 509 3X2 OLD WORK CONDUIT ,,Conduit
"[PVC] 3"", Schedule 40, 20’Stic",,Conduit
4” GRC,,Conduit
3 1/2 in. PVC MA,,Conduit
"1 1/2"" PVC LB W/ GASKET AND CO",,Conduit
2” PVC Pipe,,Conduit
3M 165BK4A 3M Temflex Vinyl El,,Conduit
"sticks of  3/4"" GRC ",,Conduit
"400' 2"" PVC Sch 40",,Conduit
3/4 L/T FLEX,,Conduit
2 1/2”schedule 40 pvc,,Conduit
"ft - 4"" PVC Conduit - SCh 80",,Conduit
"2""     CONDUIT - EMT",,Conduit
"3/4"" Carflex",,Conduit
"1.5"" EMT",,Conduit
3/4 pvc FA,,Conduit
1/2 FLEX NM,,Conduit
3M 165PR4A 3M Temflex Vinyl El,,Conduit
"20' - 1"" carflex",,Conduit
"SPEC-FLX-50B 1/2"" FLEX METAL C",,Conduit
1-1/2 metal flex,,Conduit
PVC END CP 3/4,,Conduit
"4""liquidtight flexable metal c",,Conduit
030ND FLEXSTEEL 1-1/4 CUT REEL,,Conduit
Carlotte Pipe 1-1/2 in. PVC Sc,,Conduit
shunt trip kit for meter cent,,Conduit
"1/2"" Carflex conduit",,Conduit
3/4 Inch. ENT To 3/4 Inch. EMT,,Conduit
"1 1/4"" EMT - 10ft",,Conduit
1 1/4 pvc pipe,,Conduit
3” carflex,,Conduit
"3/4"" EMT Conduit",,Conduit
1 IN PVC CONDUIT,,Conduit
1-1/2 EMT QT 1-1/4,,Conduit
3” schedule 80 PVC conduit,,Conduit
1 EMT,,Conduit
"SCH40 3/4"" PVC",,Conduit
"1/2"" metallic flexible conduit",,Conduit
"1 1/2"" PVC FA",,Conduit
"Carlon 12008-750 Blue ENT, 1""",,Conduit
"2 1/2"" emt to flex crossovers",,Conduit
1 1/2” EMT CONDUIT,,Conduit
"1 1/4"" RMC Galvanized Conduit",,Conduit
ENT 1 - 3/4 9323348576,,Conduit
"2"" EMT mini's",,Conduit
1 1/2'' EMT conduits,,Conduit
3/4'' STEEL FLEX,,Conduit
EMT 22-1/2 EL 2,,Conduit
"[EMT] 1"" Conduit",,Conduit
Butyl-Flex 10.1 oz. Aluminum G,,Conduit
PVC 07520 3/4-PVC-SCHED-40-20F,,Conduit
1-1/4 EMT HNGR W/BOLT,,Conduit
"1 1/4"" PVC Conduit (10 FT stic",,Conduit
1/2” Pvc Conduit,,Conduit
"[PVC] 4"", SCHEDULE 40, 10'",,Conduit
"1-1/2"" sch.40 PVC",,Conduit
"3/4"" ENT Black Plastic Deck St",,Conduit
2IN SQZ FLEX,,Conduit
10-2 PVC coated MC,,Conduit
"3/4"" emt pulling L",,Conduit
3/4 EMT CONDUIT 10-FT,,Conduit
"20' total 2 1/2"" PVC",,Conduit
"063,26995 PVC20080 2""SCED80",,Conduit
3/4 pvc conduit,,Conduit
STR CAR FLEX 3/4,,Conduit
ENT 1,,Conduit
"4"" PVC Sch 40",,Conduit
"1 1/2"" emt LB  (eaton LB55-CGN",,Conduit
"3"" pvc Sch 40",,Conduit
3/4 EMT pipe,,Conduit
3/4'' Mater bundle EMT Conduit,,Conduit
"Green EMT Conduit, 1-1/4"" Diam",,Conduit
SCH72B 4 EMT - 4,,Conduit
"3/4"" Liquid tight conduit",,Conduit
1 IN. SCH 40 PVC,,Conduit
LENOVO FLEX 5,,Conduit
"3/4"" PVC 20' lengths",,Conduit
3/4 MET LT FLEX,,Conduit
3 IN MA PVC,,Conduit
1/2 IN FLEX,,Conduit
"100' Total 1-1/2"" PVC SCH 40",,Conduit
FLEX 1-1/4,,Conduit
1 1/4” Pvc,,Conduit
1” PVC PIPE,,Conduit
3/4IN STEEL FLEX UL COND 100FT,,Conduit
SEPCO C28Z 3/4 STR SQZ FLEX CO,,Conduit
XENTURY COST ADJ,,Conduit
"1"" pvc TAs",,Conduit
"2 1/2"" emt LB",,Conduit
"EMT Conduit, 4"", Galvanized St",,Conduit
"BLUE 1/2"" ENT",,Conduit
"1 1/2"" flex (greenfeild)",,Conduit
EMT EL 2,,Conduit
"2-1/2""CONDUIT-EMT",,Conduit
"4"" FLEX",,Conduit
"BLUE 3/4"" ENT",,Conduit
193WA 15007-CUT REEL3/4LT FLEX,,Conduit
"Calbrite S60500MH00 1/2"" Pipe ",,Conduit
LT NM FLEX 2,,Conduit
1” PVC FA,,Conduit
"3/4""CONDUIT-RMC-GALV",,Conduit
"[PVC] 5"", Schedule 40, 10' St",,Conduit
233 3-30D-EMT-ELL,,Conduit
"3"" x 3"" Galvanized Conduit Nip",,Conduit
HERITAGE PLASTIC PVC-6-20 SCH4,,Conduit
EXP CVR 2 GRCI,,Conduit
"3"" EMT Conduit, 10'",,Conduit
SC TC112AN-RT 3/4 EMT RAINTIGH,,Conduit
1/2 in. FNPT x 3/4 in. FHT PVC,,Conduit
3/4```` PVC SCHEDULE 40,,Conduit
Thomas & Betts XJG38-EMT 1 EMT,,Conduit
"1"" Car flex",,Conduit
"4"" flex (greenfeild)",,Conduit
1in pvc pipe,,Conduit
Febreze Noticeables Dual Scent,,Conduit
"1-1/4"" PVC Sch.40 Conduit 10' ",,Conduit
"4"" SCH 80 PVC",,Conduit
"2"" Schedule 40 PVC 10' Sticks",,Conduit
PVC PIPE 1-1/2,,Conduit
Morris Products G40424 PVC Ce,,Conduit
2 1/2 pvc pipe,,Conduit
J123AL01 35043 ELBEMT4002212,,Conduit
"3/4"" PVC  ( 100 sticks)",,Conduit
"4"" EMT Conduit, 10'",,Conduit
SQZ FLEX 1,,Conduit
Liquid Tight Flexible Conduit ,,Conduit
"1""PVC MA",,Conduit
"PVC CONDUIT 1"" SCHEDULE-40",,Conduit
3” PVC weather head,,Conduit
1in pvc,,Conduit
"4"" PVC Schedule 40  (20' secti",,Conduit
1000' Of 4'' PVC conduit,,Conduit
"3"" PVC Schedule 40 Long Line C",,Conduit
1''EMT Conduits,,Conduit
CONDUIT 2-1/2 FLEX STEEL REDUC,,Conduit
"3"" PVC MA Sch 80",,Conduit
"1"" PVC Conduit, 10', Schedule ",,Conduit
FLEX RES COND,,Conduit
"1 1/2"" emt mineralac",,Conduit
2-1/2 FLEX STL CONDUIT,,Conduit
"2"" EMT ",,Conduit
12-3 PVC coated MC,,Conduit
"3/4"" Metal Flex",,Conduit
"3"" FLEX - LIQUIDTIGHT METALLIC",,Conduit
"4"" pvc FA",,Conduit
3/4'' PVC Conduit,,Conduit
1” carflex,,Conduit
XENTURY DEP SITE,,Conduit
"1 1/4"" CONDUIT - RMC - GALV",,Conduit
"Master bundle 3/4"" EMT",,Conduit
"PVC 4"" SCH 40 CONDUIT",,Conduit
"master bundle 1"" emt conduit",,Conduit
"4"" SCH 40 PVC CONDUIT",,Conduit
2 1/2” Schedule 40 Pvc,,Conduit
Kwikon ESU-10-35 ENT Concrete ,,Conduit
"Carlon 3/4"" blue pvc ent threa",,Conduit
"EMT LB 2 1/2"" Thread",,Conduit
1” liquid tight Flex,,Conduit
"  3/4"" GRC",,Conduit
1 1/4”Pvc Conduit,,Conduit
"EMT 1.25"" CONDUIT",,Conduit
"2"" Emt",,Conduit
3 in sch 40 PVC,,Conduit
PIPE PVC200,,Conduit
"3"" metal flex",,Conduit
EMT HNGR 3,,Conduit
AIR HOSE - PIPE,,Conduit
2 SCR FLEXCON 2,,Conduit
"[PVC] 1 1/2"", SCHEDULE 40",,Conduit
1” non metallic flexible Liqud,,Conduit
"1.25"" PVC sched 40",,Conduit
ENT MA 1,,Conduit
EMT 22-1/2D 2,,Conduit
2 in. x 10 ft. PVC Schedule 40,,Conduit
"1 1/2"" metallic flex",,Conduit
"6 750' spools 1"" gray ENT",,Conduit
1````     CONDUIT - PVC40,,Conduit
1-1/4-ALUMINUM FLEXIBLE CONDUI,,Conduit
EMT CMP CON 3/4,,Conduit
PVC COND 3,,Conduit
2in pvc pipe,,Conduit
3 IN. SCHEDULE 80 PVC,,Conduit
"3/4"" Metal-Flex Conduit-Steel",,Conduit
"1/2"" flex steel",,Conduit
1 ````  PVC SCH 40,,Conduit
"Car flex Conduit. 1/2""",,Conduit
"4"" pvc sch 40",,Conduit
"300' 3/4"" EMT",,Conduit
4” Pvc Conduit,,Conduit
"KRAYLOY KASTB-15 (3/4"" ENT ST",,Conduit
GRC 1 008PR,,Conduit
E6000 permanent adhesive,,Conduit
"2"" PVC SCH40",,Conduit
12 in. x 12 in. x 6 in. PVC Ju,,Conduit
"3/4"" EMT",,Conduit
"1/2"" blue ENT",,Conduit
1-1/4” To 1” Pvc Pipe Reducer,,Conduit
1” PVC SCHED 40,,Conduit
3'' EMT Conduits,,Conduit
2 1/2 EMT RGD SS CPL,,Conduit
"Aluminum Flex, 1-1/2"", 25' Coi",,Conduit
carflex,,Conduit
2'' PVC RGD COND,,Conduit
CONCRETE PIPE SLV 5,,Conduit
"4"" EMT X 10'",,Conduit
"3/4""EMT",,Conduit
"4"" Conduit -Site  PVC Sch 80",,Conduit
"10' Sticks 2-1/2"" PVC Sch 40 ",,Conduit
WI ELE30030 Wi 30D Emt Conduit,,Conduit
"3/4"" PVC( 120- 10 ft sticks) *",,Conduit
"320' 4"" PVC Sch 40",,Conduit
1/2” CARFLEX,,Conduit
1 1/2 sch 80 pvc,,Conduit
2” Schedule 40 Pvc,,Conduit
LT FLEX NM 1-1/4,,Conduit
3/4 inch Greenfield flex STEEL,,Conduit
1” schedule 40 pvc,,Conduit
1/2” Flex,,Conduit
"2"" pvc LB",,Conduit
Allied Tube & Conduit SCH80 Ri,,Conduit
"1&1/4"" PVC Sch.40 Conduit",,Conduit
"2.5"" schedule 40 pvc",,Conduit
EMT EL 1-1/2,,Conduit
liquid tight flex  conduit  3”,,Conduit
1 1/2” EMT Conduit Mini,,Conduit
EMT 1  223  1071474,,Conduit
3/4” pvc,,Conduit
"200' 1"" PVC Sch 40",,Conduit
4'' PVC HEATER,,Conduit
"1 1/2"" pvc",,Conduit
9322856714 BLU ENT 1,,Conduit
EMT 150 1-1/2X10FT-EMT,,Conduit
12-3 PVC Coated MC,,Conduit
2” PVC MA,,Conduit
3/4 Metal liquid tight conduit,,Conduit
15 oz. Fluorescent Red-Orange ,,Conduit
"[PVC] 3"", Schedule 80, 10' Sti",,Conduit
FRT FOR PIPE,,Conduit
3/4 EMT,,Conduit
"3"" pvc conduit",,Conduit
"1-1/4"" NON-UL FLEX L/T MET CON",,Conduit
4” PVC weather head,,Conduit
"ft 2"" Carlon carflex",,Conduit
3/4” Sched 40 PVC FA’s,,Conduit
RYMCO - EMT 1-1/2IN,,Conduit
DC FLEX 3,,Conduit
"EMT WHITE CONDUIT, 3/4"" GALVA",,Conduit
"1 1/2"" PVC Conduit Sch 40",,Conduit
"3/4"" EMT conduit",,Conduit
3/4 CARFLEX,,Conduit
"2"" Carflex ",,Conduit
"11/4"" Emt Conduit x 10' Sticks",,Conduit
"200' 1/2"" EMT",,Conduit
"3/4"" ENT",,Conduit
1/2 EMT CMP CPL RAINTIGHT,,Conduit
PVC 400 4-IN-PVC-SCHED-40-COND,,Conduit
EGS EFC-50 *NEER 1/2EMT TO 14,,Conduit
1” PVC Sched 40,,Conduit
"EMT 3/4"" PULLING L",,Conduit
"4"" sch 40 pvc",,Conduit
"1/2"" pvc T.A'S",,Conduit
"4"" PVC Schedule 40 (20 foot s",,Conduit
3/4” red emt,,Conduit
"200' 1-1/2"" PVC Sch 40",,Conduit
LT FLEX UA 1-1/4,,Conduit
Panduit ST35-075-66GR PVC Ele,,Conduit
ELB GRC4001114 4IN GAL 11-1/4,,Conduit
emt conduit 1 1/2,,Conduit
4 GRC,,Conduit
3/4” Pvc Pipe Schl 40,,Conduit
"10' Sticks 1/2"" EMT (Total 200",,Conduit
1” Pvc Pipe Schl 40,,Conduit
"3/4"" PVC PIPE SCH 80",,Conduit
EMT 2-1/2,,Conduit
"3/4"" PVC T.A.'S",,Conduit
"IMC Conduit, 1/2"", Galvanized",,Conduit
"4"" FA pvc",,Conduit
"2 1/2"" CARFLEX",,Conduit
DWV PIPE,,Conduit
POW PS-1300-AS-1-1/2-EG PIPE C,,Conduit
1 “ Schedule 40 pvc conduit,,Conduit
EMT 1/2,,Conduit
"2-1/2"" x 4"" Galvanized Conduit",,Conduit
"2-1/2"" PVC SCH40",,Conduit
"1/2"" EMT FOR STAKES",,Conduit
"1-1/2"" Schedule 80 PVC",,Conduit
CS16 EMT 1,,Conduit
"Mid Flex Glow Rod Set, 15 Ft.",,Conduit
Schedule 80 1” PVC,,Conduit
"1/2"" PVC CONDUIT SCHED.40",,Conduit
"2"" sch 40 PVC",,Conduit
#1 ACC Steel Conduit and Pipe ,,Conduit
EMT COND 1/2,,Conduit
1“ pvc,,Conduit
"1.5"" schedule 80 pvc",,Conduit
"50' 1 1/4"" EMT",,Conduit
"2 1/2""  PVC SCH 40",,Conduit
"Orange EMT Conduit, 2"" Diamete",,Conduit
"[ENT] 3/4"", 300'",,Conduit
2 Inch Greenfield Flex Steel,,Conduit
4” Scd 40 Pvc,,Conduit
"WEATHERPROOF 3/4""EMT CONDULET ",,Conduit
"3"" PVC Conduit, 10', Schedule ",,Conduit
1/2 ENT TA,,Conduit
3/4 Emt conduit,,Conduit
3/4 ENT KWIKON,,Conduit
3-STEEL THINWALL CONDUIT,,Conduit
"[GRC/RMC] 3/4"", 10' Sticks",,Conduit
3/4 Emt,,Conduit
"2.5"" STL FLEX",,Conduit
1 1/2 emt,,Conduit
1-1/4”metal flex,,Conduit
"3/4"" sch 40 PVC",,Conduit
"3/4"" LIQUID TIGHT METAL FLEX",,Conduit
"4"" sched. 40 pvc conduit",,Conduit
FLEX COND 2-1/2,,Conduit
PVC heat gun,,Conduit
PVC 30D EL 3,,Conduit
RED EMT 3/4,,Conduit
EMT-FLEX CONT 2,,Conduit
"2"" PVC pipe sch 40",,Conduit
SQZ FLEX STR 2,,Conduit
EMT HNGR W/BOLT 3/4,,Conduit
ENT FLEX MA 3/4,,Conduit
1”Pvc Conduit,,Conduit
"[EMT] 3/4"" Conduit",,Conduit
EMT CMP COMM 1/2,,Conduit
"3/4"" GRC CONDUIT",,Conduit
3````     CONDUIT - PVC40,,Conduit
3/4 PVC PIPE,,Conduit
1-1/4 ENT,,Conduit
EMT CMP CON 1/2,,Conduit
PVC COND FA-4,,Conduit
"4"" Sch 40 PVC",,Conduit
1/2 metal LB Metal Conduit Bod,,Conduit
"1/2"" PVC PIPE",,Conduit
"3"" Conduit - Site PVC 40",,Conduit
"1"" Metal-Flex Conduit-Steel",,Conduit
Panduit ST35-075-66YL PVC Elec,,Conduit
AI CPS50  5IN CONCRETE PIPE SL,,Conduit
2 inch pvc schedule 80,,Conduit
1-1/2” emt conduit,,Conduit
"1-1/4"" PVC SCH 80 CONDUIT",,Conduit
"3""     CONDUIT - EMT",,Conduit
"1/2"" PVC Schedule 40",,Conduit
EMT CMP COPU 3/4,,Conduit
3” Emt Conduit,,Conduit
FLEX 16-2,,Conduit
XENTURY DEP 22021-084BO,,Conduit
1'' GRC OVER 237948,,Conduit
1-1/2 FLEX LIQ,,Conduit
"[GRC/RMC] 1/2"", 10' Sticks",,Conduit
Red Emt 1”,,Conduit
1 1/2 emt 30s,,Conduit
1 1/4” PVC FA,,Conduit
"Flexible Metal Conduit, 3/4""",,Conduit
4 IN PVC FA,,Conduit
"1"" PVC SCH40",,Conduit
"3/4"" AL flex",,Conduit
"3/4"" Carlon Carflex",,Conduit
PVC CONDUIT,,Conduit
"3/4"" mini's EMT",,Conduit
3/4 SCH 40 PVC,,Conduit
2 ½” emt ,,Conduit
"3/4""emt",,Conduit
3” pvc schl 40,,Conduit
3'' EMT INS BSHG,,Conduit
"1 1/4"" PVC PIPE",,Conduit
FLEXCON 1-1/4,,Conduit
3 IN. PVC SCH 40,,Conduit
"EMT Conduit, 3/4"", Steel, 10'",,Conduit
2 IN EMT CMP CPL,,Conduit
"3/4"" PVC CONDUIT, SCHEDULE 40",,Conduit
"Blue ENT, 1"", 750' Reel",,Conduit
4” Carflex,,Conduit
"EMT 3"" Pipe",,Conduit
"1 1/4"" PVC F/A",,Conduit
"1/2""  STL FLEX",,Conduit
2 IN FLEX NM,,Conduit
"1-1/4"" EMT Conduit",,Conduit
"4"" emt conduit",,Conduit
1 1/4 STEEL FLEX CONDUIT,,Conduit
"1"" FA pvc",,Conduit
EMT HNGR 1,,Conduit
Red/Orange Fluorescent Upside ,,Conduit
"1"" Carflex CONDUIT",,Conduit
3'' PVC,,Conduit
"SCH40 1"" PVC",,Conduit
"1"" pvc pipe sch. 40",,Conduit
"4"" x 3"" PVC Conduit Base Duct",,Conduit
"EMT 3"" CONDUIT",,Conduit
"3/4"" PVC Schedule 40",,Conduit
1-IN L/T FLEX PVC,,Conduit
1 1/2 pvc schedule 40,,Conduit
"2"" X 10' SCHEDULE 40 PVC",,Conduit
"3/4"" red EMT Conduit",,Conduit
"3/4"" PVC Sch. 80",,Conduit
PVC 36R EL 3,,Conduit
"Orange EMT Conduit, 2-1/2"" Di",,Conduit
"2000' Total 1-1/4"" pvc",,Conduit
1 1/2 in emt,,Conduit
ENT FLEX MA 1,,Conduit
"1-1/2"" GRC ",,Conduit
"EMT 2.5"" CONDUIT",,Conduit
1IN EMT PIPE,,Conduit
LT STR 3/4 CARFLEX,,Conduit
1 1/2 pvc pipe,,Conduit
SCH 80 3 IN. PVC,,Conduit
Carlon B120R or equivalent,,Conduit
"1.5"" sch 40 pvc 10'",,Conduit
3/4” ENT (smurf),,Conduit
"4"" EMT ",,Conduit
PVC COND 5,,Conduit
"1/2"" CARFLEX",,Conduit
LT FLEX 4,,Conduit
Site Primary Conduits,,Conduit
3'' PVC conduit,,Conduit
"3/4"" LIQUID METAL FLEXABLE CON",,Conduit
3/4```` Carflex,,Conduit
"1-1/2"" PVC FA",,Conduit
"Aluminum Flex, 1/2"",",,Conduit
"3/4"" EMT @ 3000'",,Conduit
"1-1/2"" METAL FLEX",,Conduit
PVC4100,,Conduit
"1"" Emt",,Conduit
XENTURY DEP,,Conduit
ENT KWIKON 1-1/2,,Conduit
"2"" PVC Sch 40 20' Sections",,Conduit
SMBS-H-15 PVC SHALLOW SLAB BO,,Conduit
Panduit ST35-075-66GR PVC Elec,,Conduit
"[PVC] 2"", Schedule 40, 20' St",,Conduit
"3/4"" PVC sch. 40",,Conduit
"6"" SCHEDULE 40 PVC",,Conduit
PVC PIPE 1,,Conduit
1Inch pvc,,Conduit
1” Pvc Schl 40,,Conduit
2-1/2IN EMT CPL,,Conduit
"[PVC] 6"", Schedule 40, 20' Sti",,Conduit
2” pvc achedule 40,,Conduit
"3 1/2"" Sch. 40 PVC 10' Pieces",,Conduit
"2"" PVC CONDUIT",,Conduit
SCH 40 3/4 PVC,,Conduit
"2"" emt mineralac",,Conduit
lt flex 3/4,,Conduit
014 519 20-PVC-80-1,,Conduit
3/4” PVC MA,,Conduit
LQT FLEX 3/4,,Conduit
3/4 IN. ALUMINUM CONDUIT 529,,Conduit
"[PVC] 6"", Schedule 40, 10' Sti",,Conduit
"REEL, 1"" CARFLEX LIQUIDTIGHT ",,Conduit
"3/4"" Schedule 40 PVC",,Conduit
flourescent ballast  for 2 F96,,Conduit
1-1/4 PVC COND,,Conduit
"[EMT] 2 1/2"", 10' Sticks",,Conduit
"3/4"" Steel Thinwall Conduit (",,Conduit
"1-1/2"" PVC MA",,Conduit
4” pvc conduit schl 40,,Conduit
Fluorescent Green Construction,,Conduit
"1"" PVC Sch.40 Conduit 10' Pipe",,Conduit
3/4” Emt Pipe,,Conduit
Gallons XL8-1 Black Liquid PVC,,Conduit
2” Emt,,Conduit
"[EMT] 2"", 10' Sticks",,Conduit
5 In. To 4 In. Pvc Slip Reduc,,Conduit
"1/2"" GRC ",,Conduit
1/2 SQZ FLEX,,Conduit
"1"" LiquidTight Conduit",,Conduit
"1"" carflex",,Conduit
2IN ALUM METAL FLEX,,Conduit
ENT KWIKON,,Conduit
PVC 22-1/2D 36R 3,,Conduit
3/8 FLEX,,Conduit
"1/2"" Metal Flex",,Conduit
1/2” emt conduit one hole str,,Conduit
"PVC 1 1/2"" SCH 40 COUNDUIT",,Conduit
[Metallic Flexible Conduit Co,,Conduit
3/4 ENT,,Conduit
Calbrite S61000MH00 Conduit H,,Conduit
"[ENT] 2"", 100'",,Conduit
"1"" aluminum flex",,Conduit
"3/4"" PVC CONDUIT SCHED. 40",,Conduit
2 “Emt Pipe,,Conduit
"3/4"" CONDUIT",,Conduit
"1"" PVC L.B.",,Conduit
2-1/2```` emt 22-1/2* bends,,Conduit
"1"" FLEX",,Conduit
"2"" Red EMT",,Conduit
"1-1/4"" Metal-Flex Conduit-Stee",,Conduit
"3"" GRC Weatherhead",,Conduit
"3/4"" Greenfield Flex",,Conduit
"2 1/2"" sch 40 PVC",,Conduit
"1 1/2"" EMT MINI'S",,Conduit
1 1/4 grc,,Conduit
15007-100 3/4 6/T FLEX PVC,,Conduit
Electrical Metallic Tube (EMT),,Conduit
1in blue ent,,Conduit
SCH RR/CRESCENT C/SCH PP,,Conduit
"1 1/4""  PVC SCH 40",,Conduit
"EMT Conduit, 3-1/2"", Steel, 10",,Conduit
"Yellow EMT Conduit, 1-1/2"" Dia",,Conduit
4” PVC,,Conduit
"3/4"" Flex",,Conduit
1 1/4 Pvc MA,,Conduit
"1-1/2"" PVC ",,Conduit
"1-1/4"" PVC CONDUIT, 10', SCHED",,Conduit
"1/2"" ultratite pvc conduit whi",,Conduit
"4""  PVC Conduit",,Conduit
4” emt ,,Conduit
"Master bundle of 1"" EMT",,Conduit
2” Pvc,,Conduit
"2"" PVC LB Condulet",,Conduit
"1/2"" pvc MA",,Conduit
sch 40 pvc 3/4,,Conduit
"3"" EMT 22's",,Conduit
"1"" pvc FA",,Conduit
2-1/2”       Schl 40   pvc  Fe,,Conduit
"3"" PVC Weatherhead",,Conduit
1/2-EMT,,Conduit
PVC034P3/4IN SCH40 PVC PIPE,,Conduit
3/4 Emt Red In Color,,Conduit
RYMCO - EMT 2-1/2IN,,Conduit
"1"" EMT PIPE",,Conduit
"4""EMT",,Conduit
EMT 350,,Conduit
1/2 carflex,,Conduit
FLEX ENT COND 3/4,,Conduit
FLEX STL 3/4,,Conduit
"Carlon 12007AA Blue ENT, 3/4"",",,Conduit
2 1/2 emt conduit,,Conduit
DYNA FLEX,,Conduit
PVC 22-1/2D 2,,Conduit
STR CARFLEX FTG 2,,Conduit
2'' EMT,,Conduit
"1 1/2"" GRC CONDUIT 10FT STICK",,Conduit
1/2-GALV; CONDUIT,,Conduit
Citrus Scent Heavy-Duty Cleani,,Conduit
3/4 EMT Steel Thinwall,,Conduit
LT STR FLEXCON 1-1/2,,Conduit
3/8 EMT,,Conduit
3M 165BK4A 7100169254 TEMFLEX ,,Conduit
3” PVC Pipe,,Conduit
"22.5 2"" EMT",,Conduit
4” LB EMT,,Conduit
"3/4"" x 2"" Galvanized Conduit ",,Conduit
ENT COND BLU 3/4,,Conduit
1/2” Carflex,,Conduit
"EMT 3/4"" CONDUIT",,Conduit
"1-1/2 ""  PVC SCH 40",,Conduit
"1"" PVC Coated GRC",,Conduit
"Kraloy 012011 ENT, Gray w/ Bl",,Conduit
"EMT CONDUIT, 1/2"", GALVANIZED ",,Conduit
"4"" PVC Conduit SQ 40",,Conduit
PVC COND 2-1/2,,Conduit
"3"" GRC Threaded Weatherheads",,Conduit
PVC PIPE 3/4,,Conduit
5620 TB 5620 2 INCH T&B EMT CO,,Conduit
"1/2""EMT CONDUIT",,Conduit
"1"" PVC  (50 sticks)",,Conduit
1-1/2 X 4-GALVANIZED CONDUIT N,,Conduit
"1-1/4"" PVC Conduit, 20'",,Conduit
FLEXCON 2,,Conduit
3 ALUM FLEX CONDUIT,,Conduit
"2 1/2"" PVC Sch 40",,Conduit
STR CARFLEX 2,,Conduit
40' 1 1/2'' Green Field Flex,,Conduit
GRC 4,,Conduit
"3"" PVC conduit",,Conduit
3” Schedule 40 Pvc,,Conduit
"3/4""X100'ALUM FLEX CONDUIT",,Conduit
"3"" PVC Base Spacer",,Conduit
"1/2"" EMT",,Conduit
"3/4"" fmc to emt transition",,Conduit
1/2”Carlon Flex,,Conduit
1'' ENT SNAP-ON MA,,Conduit
"Arlington EMT100 1"" push on pl",,Conduit
"3"" PVC Sweep",,Conduit
Anvil500 ft. Fluorescent Yello,,Conduit
"3"" To 2"" PVC Reducer Carlon E9",,Conduit
"1"" PVC CONDUIT SCHED. 40",,Conduit
1” Pvc Ma,,Conduit
"1"" PVC CONDUIT SCHEDULE 40",,Conduit
8/2 mc pvc jacket,,Conduit
EMT 3/4   223  1071474,,Conduit
Calbrite S62000MH00 CONDUIT MI,,Conduit
"3/4"" emt",,Conduit
"3/4""  FLEX AL",,Conduit
Square D BOLT ON 2” Load Cente,,Conduit
"1"" pvc lr",,Conduit
3/4```` Flex,,Conduit
"IMC Conduit, 1"", Galvanized S",,Conduit
"EMT 1""",,Conduit
3'' EMT  Plastic Throated Con,,Conduit
"EMT Conduit, 1-1/4"", Galvaniz",,Conduit
FLEXCON 1,,Conduit
2” Pvc Scd 80,,Conduit
"3/4"" CONDUIT - EMT",,Conduit
PVC 30080 3-IN-PVC-SCHED-80-CO,,Conduit
Appleton TWCC75 EMT Combinatio,,Conduit
2X50 LAYFLAT PVC DIS CAM HOSE,,Conduit
"REEL, 1"" CARFLEX LIQUIDTIGHT 5",,Conduit
"3"" PVC PIPE SCH 80",,Conduit
PVC BALL VLV,,Conduit
GRC RING 3,,Conduit
4in metal flex,,Conduit
4'' PIPE SLV,,Conduit
"1 1/2"" EMT CONDUIT",,Conduit
JUNO- HTEK4 LENTH? 20?,,Conduit
"3"" pvc sch 40",,Conduit
SQZ FLEX 2-1/2,,Conduit
4” emt conduit,,Conduit
"2"" x 8"" Galvanized Conduit Nip",,Conduit
1 1/2” pvc conduit Schedule 40,,Conduit
EMT 22-1/2D EL 2,,Conduit
Anvil 500 ft fluorescent yello,,Conduit
"3/4"" BLUE ENT",,Conduit
"2"" EMT Minnies",,Conduit
2/1/2 emt,,Conduit
EGS TCI-502 3/4 IN EMT SSCR CO,,Conduit
2” PVC SCEDULE 40,,Conduit
PIPE PVC400SCH80,,Conduit
3/4” Carlon Flex,,Conduit
"100 10' 4"" PVC schedule 40",,Conduit
3/4” RED EMT,,Conduit
"3/4"" EMT (Minis)",,Conduit
"1/2"" Flex Meatal conduit",,Conduit
"3/4"" Metal flexible conduit",,Conduit
3/4```` CONDUIT - PVC40   15,,Conduit
EMT 3,,Conduit
Arlington NMLT-5 ( carflex co,,Conduit
FLEX 13/4,,Conduit
PVC COND 3/4,,Conduit
3/4” Emt Conduits,,Conduit
LT FLEX 2,,Conduit
4” PVC Conduit,,Conduit
3-1/2” Emt Plastic Push On Bu,,Conduit
[Carflex NonMetallic Liquidtig,,Conduit
"[EMT] 3/4"" Conduit, Red",,Conduit
"[GRC/RMC] 1 1/4"", 10' Sticks",,Conduit
"[PVC] 1"", Schedule 80, 10' Sti",,Conduit
"Master bundle red 3/4"" EMT",,Conduit
1 1/2” PVC MA,,Conduit
"2"" PVC Conduit, 10', Schedule",,Conduit
"[PVC] 3/4"", Schedule 40, 10' ",,Conduit
1 1/2 NPT IRON C FORM 7 CNDT B,,Conduit
"1 1/4"" metal flex conduit",,Conduit
Appleton APP370IG Conduit Bod,,Conduit
"3/4"" sch40PVC",,Conduit
3” pvc sch 80 10’ sticks,,Conduit
"3"" x 4"" Galvanized Conduit Ni",,Conduit
"1"" flex",,Conduit
SVC ENT EL 3/4 W/CVR,,Conduit
1” Scd 40 Pvc,,Conduit
"Ft 3/4"" EMT Conduit",,Conduit
"3/4"" flexible metallic tubing ",,Conduit
3” Pvc Pipe,,Conduit
"[PVC] 3"", Schedule 40, 20' St",,Conduit
1” EMT RED,,Conduit
IPLD250-5 or equivalent,,Conduit
TRANSFER PVC FROM JXLTG TO FT ,,Conduit
247 1-1/2-EMT STL THINWALLCOND,,Conduit
EMT 1H STTRAP 1,,Conduit
"100' 3"" PVC Sch 40 10 foot lon",,Conduit
S1R FRPT 8 BASE 1 + 1 1/2 EMT,,Conduit
3/4 carflex,,Conduit
"4"" PVC SCHED 40 @ 10'",,Conduit
2” PVC SCH 40,,Conduit
3/4 steel flex,,Conduit
GRC 3,,Conduit
2 1/2 in pvc TA,,Conduit
"3"" PVC Coated GRC",,Conduit
"2"" PVC SCH 40 CONDUIT",,Conduit
EMT HNGR 4,,Conduit
Inverted Fluoresent Green Pain,,Conduit
"1-1/2"" PVC CONDUIT, SCHEDULE 4",,Conduit
"Flexible Steel Conduit, 3"", 25",,Conduit
SQZ FLEXCON 1-1/4,,Conduit
"200' 1"" EMT",,Conduit
¾” PVC,,Conduit
"4"" RMC Galvanized Conduit",,Conduit
"1"" EMT conduit",,Conduit
3/4 STEEL THINWALL CONDUIT,,Conduit
"3/4"" EMT CONDUITS",,Conduit
2” Pvc ma,,Conduit
Bridgeport® Knockout Conduit ,,Conduit
3M(TM) Temflex(TM) General Use,,Conduit
"1-1/4"" Carflex",,Conduit
2” Metal Flex,,Conduit
1/2 inch PVC,,Conduit
3/4 Carlon NM Flexible Liquid ,,Conduit
"1-1/4"" EMT THINWALL",,Conduit
"4"" metal flexible conduit",,Conduit
"2 1/2"" steel greenfield flex c",,Conduit
"1-1/2"" PVC Sch 40 20' Sections",,Conduit
3 IN EMT,,Conduit
"Flexible Steel Conduit, 2-1/2""",,Conduit
EMT COND 4,,Conduit
SCH 80- 1 IN PVC,,Conduit
LT STR FLEX 4,,Conduit
"4"" LL pvc condulet",,Conduit
"1-1/2"" PVC SCHEDULE 40",,Conduit
"1"" PVC Sch.40 Conduit",,Conduit
"3/4"" PVC FAs",,Conduit
3/4” EMT LR,,Conduit
EMT 3/4 ADJ,,Conduit
"1-1/4"" PVC (10' sticks)",,Conduit
1 Inch Pvc Pipe ,,Conduit
"1 1/2"" EMT EMT EMT THIN WALL O",,Conduit
Temflex 3/4 in. x 60 ft. 1700 ,,Conduit
PVC COND 4 CR OVER QTE,,Conduit
INS FOAM PIPE,,Conduit
"4"" pvc schedule 40",,Conduit
EMT SS CON 1/2,,Conduit
1 1/2” Pvc Ma,,Conduit
4 X CLOSE-GALVANIZED CONDUIT N,,Conduit
1/2 FLEX,,Conduit
PVC 22-1/2D EL 4,,Conduit
2 1/2 flex,,Conduit
4” PVC Sch40 Conduit,,Conduit
2 1/2 Greenfield Flex,,Conduit
"1"" Metal Flex Greenfield",,Conduit
EMT 30D EL 2,,Conduit
2' EMT conduit,,Conduit
"emt 4"" pipe",,Conduit
"2"" Flex st",,Conduit
"2-1/2"" PVC SCHEDULE 40",,Conduit
EMT CMP CPL 3,,Conduit
"[PVC] 4"", Schedule 40, 20' Sti",,Conduit
3M Temflex Vinyl Electrical Ta,,Conduit
1 1/4 CONDUIT - PVC40 - 20,,Conduit
"1/2"" METAL FLEX",,Conduit
PVC COND2,,Conduit
1in pvc pipe 10' total,,Conduit
1 1/2” Pvc Conduit,,Conduit
FLEX 1,,Conduit
3/4” EMT MINI’s,,Conduit
"1"" PVC Conduit, Schedule 40",,Conduit
WP3100C WP FLEXGUARD CVR,,Conduit
PVC-3/4 GENERIC VENDOR-PVCPA 3,,Conduit
FLEX-HONE,,Conduit
"3/4"" CARFLEX @ 100'",,Conduit
"[PVC] 2 1/2"", Schedule 40, 10'",,Conduit
"1/2"" FLEX ALUMINUM 100FT",,Conduit
"Gray ENT w/ Blue Stripe, 1-1/4",,Conduit
EMT150,,Conduit
Blue Ent 3/4” pipe,,Conduit
ENT MA 1 THRD,,Conduit
"[PVC] 3/4"", Schedule 40, 10' S",,Conduit
CONDUIT 1-1/2-EMT,,Conduit
3 ½” emt ,,Conduit
EMT 100 ARLINGTON,,Conduit
"EMT Conduit, 4"", Galvanized S",,Conduit
3-1/2” emt cnduit,,Conduit
3/8 FLEXCON,,Conduit
PVC 22-1/2D EL 3,,Conduit
"500' 4"" EMT",,Conduit
LB65 MT LB65-MT 2 EMT LB COND ,,Conduit
1 1/2 EMT SS,,Conduit
1/2```` Flex,,Conduit
"1"" pvc conduit",,Conduit
30’ Of 1” GRC,,Conduit
1/2 in. Flexible Metal Conduit,,Conduit
Dynaflex Ultra 10.1 oz. Brown ,,Conduit
3/4” PVC,,Conduit
"1 1/4"" pvc MA",,Conduit
"1"" pvc TA",,Conduit
Pvc Pipe Reducer 1 -1/4”To3/4”,,Conduit
Carlon None Metal Flexible Pvc,,Conduit
1 1/4 greenfield flex,,Conduit
"foot 1/2"" steel flex",,Conduit
"3/4"" carflex",,Conduit
3M 165RD4A 7100169492 TEMFLEX ,,Conduit
pvc conduit 1,,Conduit
"Boring 1-1/4"" conduit",,Conduit
"2"" PVC CONDUIT, 10', SCHEDULE ",,Conduit
3” PVC SCHED 40 FA,,Conduit
781 through thestudconduit sup,,Conduit
"6"" Concrete Pipe Sleev",,Conduit
2” PVC Conduit,,Conduit
FLEX LIQ TIGHT CONDUIT,,Conduit
"1"" PVC pipe",,Conduit
3-1/2 ”       Schl 40   pvc  C,,Conduit
EMT CMP COOUP 2,,Conduit
3/4 ” Pvc Ma,,Conduit
4” PVC x 10’  pipe,,Conduit
"3/4"" PVC Conduit (10 FT stick)",,Conduit
"1/2"" pvc",,Conduit
"3/4"" pvc",,Conduit
"1/2"" metal flexible conduit (g",,Conduit
"3/4"" pvc mineralacs",,Conduit
1/2'' emt,,Conduit
FLEX COND 2,,Conduit
10-35 ENT KWIKON,,Conduit
"3"" sch 40 PVC",,Conduit
"4"" EMT MINI's",,Conduit
"1/2"" SMURF FLEX PLASTIC 2 HOLE",,Conduit
SQZ FLEX STR 3/4,,Conduit
"bridgeport 4365-DC2""/EMT TO CA",,Conduit
"[PVC] 4"", Schedule 40, 10' Sti",,Conduit
ARLINGTON EMT100,,Conduit
1/2” emt,,Conduit
"3"" pvc weatherheads",,Conduit
"2""X 10' GRC CONDUIT",,Conduit
"1/2"" ENT BLUE SMURFS",,Conduit
"1"" CONDUIT EMT",,Conduit
"2.5"" EMT CONDUIT 10'",,Conduit
"3"" EMT 22",,Conduit
"5""  PVC x 10' long ",,Conduit
4” LL conduit boby AL with cov,,Conduit
1” Carlon Flex,,Conduit
"3"" schedule 80  PVC ",,Conduit
"1"" Conduit -PVC Sch 80",,Conduit
"3"" PVC FA",,Conduit
"emt 2"" coupling",,Exclude
OFFICE SUPPLIES-CLEANING,,Exclude
bug eye,,Exclude
core drill copper crush washer,,Exclude
200 amp Fused Nema 3R Disconne,,Exclude
TRUCK 270,,Exclude
2-gang duplex Receptacle Plat,,Exclude
020220 RIVER CITY,,Exclude
3/4 Knock Out Push Plug,,Exclude
1H STRAP 3,,Exclude
30 Amp Flush Mount Receptacle,,Exclude
KAST CONSTRUCTION,,Exclude
CVR ASSY 1/2,,Exclude
"3/4"" PVC couplings",,Exclude
BUTT CONN,,Exclude
HUBBELL P724W,,Exclude
BATTERY ADAPTER,,Exclude
HEALTH INSURANCE,,Exclude
Cases of water,,Exclude
"1 1/4"" one hole straps",,Exclude
750-2 UNITAP,,Exclude
male connectors for above SER ,,Exclude
COMMISSIONING,,Exclude
"Feet of 7/8"" Strut",,Exclude
quart of glue,,Exclude
"SAWZALL 5-PACK 6"" 14TPI MED ME",,Exclude
02/25/24 CAPITAL COLLECTIVE AT,,Exclude
"Universal Strut Strap, Diamete",,Exclude
ALCU 2COND LUG,,Exclude
SG spark ring,,Exclude
4 Inch Pvc Male,,Exclude
FRN-R-600 COOPER BUSSMANN INC,,Exclude
EAST LAWN MISC - S133339644,,Exclude
white nylon duplex receptacle ,,Exclude
"[Zip Ties] 10"" Black zip ties,",,Exclude
panama fee,,Exclude
01-22-23 VA DAYTONA-CP-OT,,Exclude
100 amp Led Lightbulbs (dayli,,Exclude
WB-TEE-VX-K,,Exclude
RAAC971 MASON BX,,Exclude
T075X000VPM-BK Panduit Cartrid,,Exclude
20A SP SW GRY,,Exclude
SURTAX 1% ON FIRST $5000,,Exclude
Ideal 30-673 Wirenut 73b Orang,,Exclude
SHOP -JEFFS TRUCK,,Exclude
3/8 Ground Screws,,Exclude
14 in. X 19 in. Rectangular St,,Exclude
"1/2"" connectors emt",,Exclude
3M Scotchlok insulated connect,,Exclude
"GROUND PIGTAILS 8""",,Exclude
REC HD PLUG 1,,Exclude
OFFICE -IT-PHONE CSES,,Exclude
BANDSAW BLD 24 TPI,,Exclude
2' Grounding Bushing,,Exclude
HIT-HY 200-R V3 Epoxy Adhesive,,Exclude
MS-OPS2H-WH,,Exclude
JG-100,,Exclude
120v weatherproof estop with e,,Exclude
BX3673P,,Exclude
Hubbel Kellems #07401017,,Exclude
3/8 SNAP LOCK,,Exclude
"1-1/4"" Push-On Insulating Plas",,Exclude
BOX BRKT - STD 50,,Exclude
DRONE COMPACT US CONTROLLER,,Exclude
WEATHER SHIEL,,Exclude
1 gallons pvc glue cans,,Exclude
11/24/24 FELICITY PERRY ADD ON,,Exclude
12-03-23 FELICITY,,Exclude
HOF ASG12X12X6NK PULL BOX 12.0,,Exclude
NSAV124M,,Exclude
1/4” All-Thread,,Exclude
SCISSOR 21007-357ER,,Exclude
1/2” Carflex straight Connecto,,Exclude
15 AMP 3 WAY SWITCH WHITE TOGG,,Exclude
K2A29U 6STR-250,,Exclude
"1 1/4"" TA",,Exclude
HUBBELL PFBRG3,,Exclude
3M red/yellow wire nuts,,Exclude
Strut End Caps 1 5/8”,,Exclude
HDX 33-39 GALLON TRASH BAGS,,Exclude
Type RH Pole / Tech Ltg RSP-1,,Exclude
CEIL PAN 3-1/2,,Exclude
3/4  CONN COMP EMT,,Exclude
"255-53-6583 PARKER, ALLEN",,Exclude
1200&5TH M RODRIGUEZ,,Exclude
"Hoffman A24R246 Enclosure, NEM",,Exclude
"HAGER GBI4312C 1/4"" X 3"" X 12""",,Exclude
15% CHARGE for 8 week delivery,,Exclude
"7/8"" strut",,Exclude
09/15/24 TYNDALL LODGING FACIL,,Exclude
REIBURSEMENT,,Exclude
raco 8752 blank cover,,Exclude
3/4” Steel Lock Ring,,Exclude
01/14/24 BLOX WATERFORD LAKE,,Exclude
41007,,Exclude
Furnish Concrete and Rebar for,,Exclude
12/29/24 SCHOOL PP,,Exclude
2 pole 25 Amp breaker,,Exclude
GROUND PIGTAILS,,Exclude
"3/8"" x 1-1/4"" Hex Head Bolts s",,Exclude
"4"" SQUARE 1 GANG MUD RING 1 1/",,Exclude
corridorinverter 2-W   LVM-250,,Exclude
"PANEL, LOUVER",,Exclude
AI LPCG503  1/2IN GRAY CORD CO,,Exclude
L6-30R RECT CVR RS 1/2,,Exclude
4354-4073,,Exclude
Wafer Screws,,Exclude
"10/32 x 3"" tapered phillips h",,Exclude
3/4” Lock Ring,,Exclude
"Hole Saw, 3-1/2""",,Exclude
6 in. Zinc-Plated Heavy-Duty B,,Exclude
"2"" Mineralac Strap",,Exclude
LT-13 LAMP SAT S11356,,Exclude
Metal Rivets,,Exclude
"1-1/4"" pvc male adapter",,Exclude
Pull string bucket,,Exclude
Type CB (Kitchen Ceiling Fan) ,,Exclude
SHOP SR-003  TRUCK 207,,Exclude
SCH40 1-1/2IN 45DEG ELBOW,,Exclude
"Box Support, Floor Mount, Heig",,Exclude
PARK PLACE,,Exclude
3rd QTR 2021,,Exclude
"3"" RIGID COUPLINGS",,Exclude
"1"" 2 screw conncector",,Exclude
Dottie ZAS100 Zamac Anchor,,Exclude
"1"" strutt strap",,Exclude
"Appleton 4SJDEK 4-11/16"" Squar",,Exclude
NEUSON TRASH PUMP# 3442427 (ST,,Exclude
CF 401K,,Exclude
20A TR WR GFCI,,Exclude
TY-RAP CABLE TIE,,Exclude
OFFICE -LAPTOPS,,Exclude
010A FRN-R-600 FUSETRON DUAL E,,Exclude
PANELBOARD PP 30 CIRCUITS 225,,Exclude
STRAP 3/4,,Exclude
21021-037AL01,,Exclude
wire pulling lube,,Exclude
PIPE CLAMP 1-1/2,,Exclude
1/O-14 AWG Insulated Tap Conne,,Exclude
955 KELLER ORL,,Exclude
FINAL BILL,,Exclude
PVC 1-1/2 TERMINAL ADAPTER,,Exclude
06-04-23 FELICITY,,Exclude
K12 CABLE CLIP,,Exclude
TR STANDARD DUPLEX WHITE 2O AM,,Exclude
"[Paint] Enamel, Clear, Matte",,Exclude
"1 1/4"" tap con",,Exclude
12X12X24 WIREWAY,,Exclude
1/4”x20 X 1 1/2” Screws,,Exclude
Penetrox,,Exclude
M8 FRT,,Exclude
1/17/2021 NEXTON,,Exclude
#3 Copper Black,,Exclude
09-17-23 ORLANDO REHAB,,Exclude
"1 1/2"" ko plugs",,Exclude
UI CLASS RK5 DUAL-ELEMENT,,Exclude
16 ft x 20 ft General Purpose ,,Exclude
WMGCLIPSM TRAY GROUNDING CLAMP,,Exclude
1 COUPLING - PVC,,Exclude
Leviton 84401-40 Decora Wallpl,,Exclude
"3"" EMT 45",,Exclude
TYPE D2 ROY 8122H-14-35 6IN RE,,Exclude
1/8” Drill Bits,,Exclude
1/2” by 18” SDS plus drill bit,,Exclude
Area 900 Lights,,Exclude
20' of 4'' Seal Tight Flex,,Exclude
REV ENTRY,,Exclude
SAW BLD 4-1/2,,Exclude
WO-4689 GLENRIDGE 7020,,Exclude
2” EMT Factory 90 Degree Bends,,Exclude
"1 1/4"" Unistrut Strap Univers",,Exclude
"[2 Pole Breaker] 50 Amps, 10 ",,Exclude
Area 800 In Wall LV,,Exclude
3986,,Exclude
"1/2"" EMT 1/2"" steel set screw ",,Exclude
9320734000,,Exclude
DIESEL 12/10,,Exclude
BOX EXT 2-1/2,,Exclude
1G TOG WALLPLT RED,,Exclude
15A duplex rec. decora white P,,Exclude
LOWELL KRULL,,Exclude
CHARGE/REC CREDIT 9/15,,Exclude
"Appleton 40D12 4"" Octagon Box",,Exclude
HE WILLIAMS PT 24 L90/940 (L7,,Exclude
05-14-23 SEMINARY LANE,,Exclude
2G BOX MT PLT BLANK,,Exclude
"3M MPP+4""x8"" Moldable Fire Ba",,Exclude
09-04-22 ASHLEY SQUARE,,Exclude
2 poles switch,,Exclude
1/4 x 10' threaded rod,,Exclude
1-1/2” Metal Flex Connector St,,Exclude
LLI-PS-DALI-075W-24V,,Exclude
"1"" LTFMC 90 Conn Stl (not mall",,Exclude
1G DUP CVR CLR,,Exclude
STRUT COUPLINGS,,Exclude
"Hex Bolt, 3/8-16 x 1, Fully Th",,Exclude
1/2 EMT-FLEX COUP,,Exclude
1.5” concrete pipe sleeves,,Exclude
09-18-22 FLAMINGO,,Exclude
TRIM BRD,,Exclude
6999 TANTALLON,,Exclude
4922,,Exclude
1/2  N/M Romex Connector,,Exclude
"1 1/2"" EMT SSS Coup",,Exclude
RG6 TV JACK,,Exclude
Edb3430 3 Pole 30amp 480v,,Exclude
PDS-CTSC-123 1200AMP CT,,Exclude
dewalt bandsaw blades (DW3983C,,Exclude
TYPE  ( A ) 2 X 4 -  EQUITY LI,,Exclude
04-16-23 OSPREY VILLAGE,,Exclude
09-04-22 GLENRIDGE HOMES,,Exclude
113A 36229 RAC 232 4SQBX2-1/8D,,Exclude
Arlinton 505010 AST MC connect,,Exclude
panel screw EATON Cover Screw:,,Exclude
22015-S02 CO1 EBP FA LABOR,,Exclude
TRUCK 217 CHARLES ROMEO,,Exclude
COND HNGR 3/8-1/2,,Exclude
ITEMS NOT ON PO,,Exclude
4 square extension rings 1 1/2,,Exclude
20 amp female chord caps,,Exclude
24-TPI BAND SAW BLADE,,Exclude
FRT 226  CR 006090,,Exclude
ROY-1004OB-E26-L UG FAN,,Exclude
Eaton 2-gang midsize white rec,,Exclude
05/19/24 ASTON UPTOWN ALTAMONT,,Exclude
"900' 4"" EMT 10' Sections",,Exclude
4SQ DUP BOX CVR,,Exclude
3/8 One Hole Straps,,Exclude
38AST 1/2,,Exclude
Gray 1-Gang Horizontal/Vertica,,Exclude
2P24IFB-CM-CH-RL-BED,,Exclude
Next Day Shipping,,Exclude
stainless quad plates,,Exclude
355 519 2-1417115,,Exclude
RACEWAY COVER P/FT0.04 INCH TH,,Exclude
HOTEL ANNUC,,Exclude
"3/8"" x 1"" Bolts",,Exclude
1/2 Straight Connector For No,,Exclude
07-30-23 KILTIE CAFE,,Exclude
SC HERS,,Exclude
"12"" x 12"" Unpainted wireway co",,Exclude
250a fuses FLN-R-250,,Exclude
HOSE MENDER M-F,,Exclude
RYAN WOOD,,Exclude
EBP PIECE WORK,,Exclude
Powers Fasteners 7415SD2-PWR 3,,Exclude
"11"" zip tie clear",,Exclude
11/03/24 MCA2 FT GORDON,,Exclude
FMX SQZ CONN 3/4,,Exclude
MA8684                        ,,Exclude
Change from Franklin Lightning,,Exclude
caddy PSF6C  roof conduit bloc,,Exclude
Dottie D60S 3-Piece Knockout S,,Exclude
10/25/2020 MARGARITAVILLE,,Exclude
115 plus 20 erico cadweld shot,,Exclude
AUG-24 CREDIT HEALTH INS,,Exclude
"9"" zip tie",,Exclude
SCH40 COUP 3/4,,Exclude
1G BUBBLE CVR,,Exclude
weather proof single gang blan,,Exclude
METRO NAPLES 22020-271AL03,,Exclude
0013259129C20151687D BHRETT JO,,Exclude
"1"" carflex straight connector",,Exclude
"1/2 "" 90 degree Flex Connector",,Exclude
1/2 flat washer,,Exclude
number books (1-45),,Exclude
1” Emt Connector Insulated  Se,,Exclude
CANE KNIFE,,Exclude
BACKGROUND CHECKS,,Exclude
"Decorator Duplex Receptacle, 2",,Exclude
OFFICE -4 COMPUTERS,,Exclude
"4""     COUPLING SS STL - EMT",,Exclude
07-16-23 VA DAYTONA-CP,,Exclude
GRN PAINT MKR,,Exclude
AI EMT100  1IN NM BUSHING,,Exclude
90 degree MC connectors,,Exclude
11-20-22 STILLWELL,,Exclude
1/2'' Nuts High Temp,,Exclude
"1 1/4"" x 5"" L Close nipples",,Exclude
CW03573 12 GA 2 COND LANDSCAPE,,Exclude
Ground Rod Clamp For 3/4 “ Gro,,Exclude
"4"" PVC Elbows Sweep 90 36"" Rad",,Exclude
WALL CN   EPWS-202,,Exclude
EGS C-1251-R NEER 1-1/4 DC 2SC,,Exclude
Wattstopper LMDC-100,,Exclude
AP121212P15H-CAV,,Exclude
6-15R BLACK,,Exclude
03-27-22 SEMINARY LANE,,Exclude
45-DEG ANGLE MOUNT WHT,,Exclude
PVC END CAP 4,,Exclude
Dottie WDK8 Wall Driller Kit 5,,Exclude
"3/4"" pvc male adap",,Exclude
"LED Exit-Single/Dbl Wet,Cold-",,Exclude
09-04-22 ROMNEY 2OF2,,Exclude
"SINGLE, NEMA L5-30R (TWIST-LOC",,Exclude
"3/4"" EMT Set Screw Coupling",,Exclude
3” Insulated Emt  Connector Se,,Exclude
Device Leviton 41084 FWF Snap ,,Exclude
GLAND CMP COUP 2,,Exclude
40' STORAGE CONTAINER (6-MONT,,Exclude
60X36X12 HOFF ENCL,,Exclude
053120 FLAMING,,Exclude
Micro scissor Lift 19 FT,,Exclude
CAN EZ20SB,,Exclude
90's M/C connector for # 10 m,,Exclude
"1/2"" flex 90 degree connector",,Exclude
Added Duct Detctors and Power ,,Exclude
"1/2"" Carflex NM Connector 90",,Exclude
 Nema L5 30R  Amp 120volt ,,Exclude
8x10 tarps  5 mil,,Exclude
Yellow Phase Tape,,Exclude
"Lot Gear per quote ""Q-2864227",,Exclude
3/4” Sealtite,,Exclude
AUTO SUPPLIES,,Exclude
Generator Service call,,Exclude
1 5/8 IN pre galv Unistrut 10 ,,Exclude
11/24/24 TYNDALL LODGING FACIL,,Exclude
ARBOR PILOT BIT,,Exclude
Zippitz Anchors,,Exclude
"6/32 x 2"" Philips head machine",,Exclude
"10 total 8"" Steel saw zall bla",,Exclude
Four Gang Decora Nylon White ,,Exclude
REIMBURSEMENT-TRUCK 244,,Exclude
"3"" Steel EMT compression coupl",,Exclude
CRC 18204 Upside Down Marking ,,Exclude
11 IN.ZIPTIES,,Exclude
DH261NGK6,,Exclude
GHM 7023,,Exclude
70 Amp Fuses type FRN-R-70,,Exclude
Rust-Oleum Sun Rise Red Paint,,Exclude
SHOP TS-2514,,Exclude
300 MCM AL SER 3 conductor plu,,Exclude
Square D QOB120 Breaker,,Exclude
romex staples,,Exclude
Appleton BLSG125 Sealing Lockn,,Exclude
"2"" flex  connector",,Exclude
"DRIP DIAPER 72"" X 96""",,Exclude
ARL FBS415,,Exclude
WO-4918 2P-120/240V-80A CB,,Exclude
GRND LOCKNUT 3-1/2,,Exclude
W/E 052420,,Exclude
1 1/4 IN ANGLE CONN,,Exclude
Husky 2-Tier Plastic 4-Wheeled,,Exclude
3784,,Exclude
"1/4""-20 x 1/2"" phillips head b",,Exclude
745502,,Exclude
3/4” emt insulated throat set ,,Exclude
SINGLE MC CONNECTORS.  (SNAP I,,Exclude
Arlington BE2 Ceiling Box Ext,,Exclude
W/O 3937,,Exclude
1” locknut,,Exclude
P-RING KO 1/2-3/4,,Exclude
UNISTRUT 10 FT DEEP,,Exclude
036A CME 150< CUT FEE,,Exclude
"9"" UCL-9-5-120D-930/40-WH",,Exclude
PERMIT MIDDLEBURG FSER,,Exclude
Dottie RMC8322 8-32 Machine Sc,,Exclude
3/6/2022 SENIOR LIVING,,Exclude
LQT  3/4,,Exclude
MC CONN 3/4,,Exclude
"1/2""  greenfield flex connecto",,Exclude
"15A, SINGLE POLE , DECORA SWIT",,Exclude
3/8 X 3/4 HEX HEAD TAP BOLTS Z,,Exclude
UC Lights- Alloy AL-01-01-9917,,Exclude
CEILING FLUSH MOUNT FLUSH-MOU,,Exclude
"3/4"" Car flex connectors",,Exclude
2778-1015 PU,,Exclude
Boxes 50 Pair Home Dept Shoe C,,Exclude
GLOVES XL,,Exclude
CABLE ZIP TIES,,Exclude
"Cable Tie, Standard, 11.1"" Lon",,Exclude
"4"" square combination box 2 1/",,Exclude
8X20 STOR  727385,,Exclude
Area 200 Panels,,Exclude
CHARLESTON DUPLICATE,,Exclude
KRP-C-800SP Fuses,,Exclude
4 inch Emt Female Adapter ,,Exclude
350 XXHW Aluminum Black,,Exclude
FIRE HOUSE SUBS-MARGARITAVILLE,,Exclude
"MC Connector 3/8"" / Single Sad",,Exclude
2pole 20A contactor 120V coil ,,Exclude
string  O lights 100’,,Exclude
TX REMEWA;,,Exclude
"Dottie WRT6158 1-5/8"" Drywall ",,Exclude
TRENCH SHOVEL,,Exclude
3039,,Exclude
19 - POLE,,Exclude
"2-1/2"" EMT COMPRESSION COUPLIN",,Exclude
PJ26W,,Exclude
"1/4"" rod couplings",,Exclude
11-27-22 ROMNEY 2OF2,,Exclude
19304-027 OQ,,Exclude
02-19-23 MCA2 FT GORDON-CP,,Exclude
VA-VT-4-40,,Exclude
"2"" PVC 90 degree elbow",,Exclude
OFFICE IT MOUSE/BAGS,,Exclude
MB GA STK COMMUNICATIONS,,Exclude
20A TR GFCI RECT,,Exclude
"[PVC Glue] Clear, Quart Carlon",,Exclude
#8 STR RED Cu,,Exclude
10K lull one week rental,,Exclude
milwaukee 48 20 8371 masonry/r,,Exclude
4-11/16 SQ BOX,,Exclude
"1/4"" Mini Drop Anchor 100PK",,Exclude
PUSHBUTTON FLUSH PLT,,Exclude
"EMT 3/4"" connectors",,Exclude
9330601610,,Exclude
90 DEG C 600V,,Exclude
8-HOM220-MINIATURE CIRCUIT BRE,,Exclude
"100A, 2P, 240v disconnect NEMA",,Exclude
10x 1 1/2” Hex Washer Head Sel,,Exclude
12 X 1-1/2 SCRW,,Exclude
3/4 NM LT STRAIGHT CONN.,,Exclude
OFFICE KEY BOARDS,,Exclude
W5 WAC-WS-W29118-30-BK,,Exclude
"2"" PVC Male Adpator ",,Exclude
"1/2"" EMT 1 hole strap",,Exclude
2-1/2 Rigid Lockrings,,Exclude
"3/4"" emt unistrut strap",,Exclude
1/4 in. x 3-3/4 in. Hex-Washer,,Exclude
UCF /OFFICE,,Exclude
04-23-23 PARK PLACE,,Exclude
SERVICE 3885,,Exclude
LOC,,Exclude
"1/4"" X 2"" DROP IN WEDGE ANCHOR",,Exclude
TCAP,,Exclude
01/03/21 FLEET LANDING,,Exclude
DYKE 2-7 AL 600V URD QUAD XLP,,Exclude
6K forklift (1-day rental),,Exclude
104 EMT COMP CONNECTION,,Exclude
11/08/2020 MARGARITAVILLE,,Exclude
304B2 NAIL PLT,,Exclude
3978-083,,Exclude
"1/4""x1"" washer",,Exclude
12-10-23 ECA,,Exclude
"1""-3/4"" threaded reducing bush",,Exclude
SPD SURGE SUPPRESSOR 120V,,Exclude
21014. - MCA2 FT GORDON,,Exclude
"1/4""  stainless steel spring n",,Exclude
4/0 AL HYPLUG,,Exclude
1G TOG SW CVR,,Exclude
Appleton AC400D AC/Flex Connec,,Exclude
OFFICE SCR PRO,,Exclude
liquid tape,,Exclude
1 1/4”Bang On Bushings,,Exclude
2 1/2 Plastic Bushing,,Exclude
SQDNC38S - PNLBD COVER N1 S 38,,Exclude
#600 MCM CU.  3- Port Polaris ,,Exclude
Device Box 2-Gang w/ Captive N,,Exclude
NUETRAL FOR NSG1M1 TO NDH1N1,,Exclude
"[1 Gang Bell Box] with 4 1/2"" ",,Exclude
HEX SCR 1/4,,Exclude
Pass & Seymour S122-W Switch/O,,Exclude
1 1/2'' Tap cons,,Exclude
CCTV Camera System,,Exclude
"2"" steel 90 degree flex connec",,Exclude
"1 1/2"" 1"" RED BUSHING",,Exclude
Tork 2001 photocontrol 2000w p,,Exclude
Type A2-2 Heads (ILP SAS-15L-U,,Exclude
"1/2"" Flat Washers",,Exclude
"2 1/2"" PVC FEMALE ADP.",,Exclude
2 pole Eaton stab in breaker B,,Exclude
CASH DISCOUNT TAKEN LATE,,Exclude
12-24-23 ATLANTIC COAST,,Exclude
09/22/24 SANDPIPER GLEN,,Exclude
"2""  6/32 machine screw",,Exclude
4SQ BOX 1/2,,Exclude
ko seals,,Exclude
11 1/2```` ZIP TIES,,Exclude
10” 12” Zip Ties,,Exclude
"8""x8""x72"" Gutter",,Exclude
Replacement Cord for SP-130 Fo,,Exclude
CREDIT FOR DOUBLE PAYMENT,,Exclude
8X40 OFFICE 728048,,Exclude
3709,,Exclude
1D1NXXXBC -7KVA SERIES J ENCA,,Exclude
2G RECT PLT W,,Exclude
3” Self Drilling Screws Teks W,,Exclude
cantex EZSL- blank / handy box,,Exclude
11/24/24 HOSTDIME,,Exclude
INTERLK KIT,,Exclude
2”PVC IMTERMEDIATE CHAIRS,,Exclude
"1"" X 12"" Ground Bushing",,Exclude
"4"", Square New Work Box With C",,Exclude
60 MINUTE 125-277 V SPSTWHITE,,Exclude
"Flex Connector, Straight, Insu",,Exclude
MARQUEE,,Exclude
DEM   DL-4805-4-WH-LED40-27-E,,Exclude
OZG IS-500 BEAM CLAMP,,Exclude
"PVC Fitting, 2-1/2"" PVC Coupli",,Exclude
2695,,Exclude
FIRE HOUSE SUBS-NEXTON,,Exclude
BOSCH4-Cutter Hammer Drill Bit,,Exclude
LOCKS,,Exclude
"#10 3"" long wood screws Philip",,Exclude
RACETRAC,,Exclude
"1-1/4"" EMT 15° Elbow",,Exclude
"4"" LFMC CONNECTORS STRAIGHT",,Exclude
CLEANING ST AUG,,Exclude
07-31-22 1200&5TH,,Exclude
"2 1/8"" deep handy box G19282",,Exclude
2449,,Exclude
19001-042 OQ,,Exclude
"1/2"" carflex 90",,Exclude
TP513 PRICE ADJUSTMENT,,Exclude
GRND ROD CLAMP 1/2 1,,Exclude
DECO OCC SENSOR,,Exclude
3619,,Exclude
GLENRIDGE HMS ORIG 335403455,,Exclude
Quad Outlet SS Plate #302 (SS8,,Exclude
80411 3G WALLPLT W,,Exclude
green electrical tap,,Exclude
BR20GRYTR,,Exclude
OFFICE CHAIRS,,Exclude
RND BX EXT,,Exclude
"Ideal 31-378 Pulling Lube, Ge",,Exclude
6” x  6” x 30” Electrical Encl,,Exclude
"Safety Switch, 800A, 3P, 600VA",,Exclude
P&S SS702   Stainless Steel Dr,,Exclude
07/28/24 MOXY HOTEL,,Exclude
5/8 drywall,,Exclude
"1/4""X11/4"" TAPCONS",,Exclude
40' CONT 4003,,Exclude
10/16/22 UNIVERSAL,,Exclude
“MTS-H-E1BWHC1”o 1200 Amperes,,Exclude
3972-007,,Exclude
NOV-24 LIFE INS,,Exclude
TRIM LABOR - 01,,Exclude
Hubbell S1R4SPDUPLEX Duplex Pl,,Exclude
Roll Mule tape 1250#,,Exclude
3/4” TO 1/2” REDUCING BUSHINGS,,Exclude
"[PVC Elbow] 2 1/2"", Schedule 4",,Exclude
"4"" Square Fixture Cover, Mud ",,Exclude
Shooting Boom Forklift JLG 604,,Exclude
40' TRICAM  042,,Exclude
03/24/24 ONE RIVERSIDE,,Exclude
6-32 SCR KIT,,Exclude
"2"" by 4"" by 8' Pressure Treate",,Exclude
Return Charge,,Exclude
3/8 MC CONN,,Exclude
REEL5,,Exclude
KIM  LTV83SS/NF/12L3KUV/PL   T,,Exclude
S2E GBL-LVTS2-45-MVD-830/40/5,,Exclude
"32"" X32 X 18"" NEMA 1 junction ",,Exclude
BUR GAR6429 2/0-250CU 3/8IPS,,Exclude
"Locking Single Receptacle, 20A",,Exclude
OFFICE SUPPLIES- DUAL HDMI ADA,,Exclude
Duck Tape (5 Role),,Exclude
"1"" pvc threaded cap",,Exclude
05/19/24 AMAZON,,Exclude
W/P In-Use Cover,,Exclude
TYPE R1E,,Exclude
"2"" PVC Conduit Coupling",,Exclude
rolls black electric tape,,Exclude
08-27-23 WATERFRONT,,Exclude
UG Splice Kit,,Exclude
6/32 x2 screws,,Exclude
Addendum 05,,Exclude
"1-1/4"" EMT COMP COUP STL",,Exclude
Black Duplex receptacle plates,,Exclude
FIRE TREATED PLYWD,,Exclude
FBRS415 CEIL BOX/BRCE,,Exclude
2397,,Exclude
RB HUB 1.25,,Exclude
3/8” X 12” eyebolt with machin,,Exclude
4/18/2021 ADDISON,,Exclude
"3 gang metal box deep 2 1/8"",",,Exclude
"Breaker, 25A, 2P, 120/240V, Ty",,Exclude
10/2 MC LITE,,Exclude
H-L1LC1,,Exclude
09/08/24 TYNDALL LODGING FACIL,,Exclude
"3/4"" emt steel compression con",,Exclude
"2"" rise four square tile rings",,Exclude
flat blank cover,,Exclude
SINGLE GANG WP BELL BOX COVERS,,Exclude
OFFICE CHAIRS-CHARLESTON,,Exclude
11/08/20 MARQUEE,,Exclude
JS-643 HEAT GUN,,Exclude
OVER PAYMENT,,Exclude
FLAT TIRE,,Exclude
3/4” ENT COUPLINGS,,Exclude
CANTEX 1 IN. 90 DEGREE BELL-EN,,Exclude
SA3182-Brushed Aluminum Carpet,,Exclude
"2"" EMT connectors",,Exclude
20 Cases of water,,Exclude
1” mule tape  1000’ long,,Exclude
19.5 GARDEN POST,,Exclude
OFFICE 2 PRINTER REFUND,,Exclude
"[1 Pole Breaker] 15 Amps, 10 ",,Exclude
BLACK RUBBER TAPE (ROLLS),,Exclude
"Eaton DH365NRK Safety Switch, ",,Exclude
"Cable Ties, 11.5-Inch, Black",,Exclude
3/8”x1 1/4”Fender Washers,,Exclude
GALV NIP 2-1/2,,Exclude
"RESI TOG SWITCH, 3 WAY, 15A 12",,Exclude
EXT BIT,,Exclude
RS Covers for L5-30R Devices,,Exclude
1G BOX 2-5/8 3KO 3/4,,Exclude
061420 MARGARITAVILLE,,Exclude
20A 3P 3VS41,,Exclude
"Liquidtight, Type: UA, 2"", Gra",,Exclude
1/0 TAP,,Exclude
BERMAN BRO-SCHOOL MM,,Exclude
"1/4"" tap cones hex head 1-1/4""",,Exclude
700 AUGUSTA PANAMA,,Exclude
02/04/24 KISSIMMEE SENIOR APTS,,Exclude
5970262,,Exclude
2 PORT POLARIS LUGS FOR 4/0,,Exclude
1036944 Powers PFM2101720 Dew,,Exclude
Hubbell SystemOne Covers S1CFC,,Exclude
50A/3P breaker per attached qu,,Exclude
07-24-22 GLENRIDGE WELLNESS,,Exclude
"1/4X20X3/4"" bolts",,Exclude
FORM 7 WEDGENUT 2-1/2,,Exclude
SQZ FMC 1-1/4,,Exclude
NSI Tork IT-350 Insulated Cab,,Exclude
OFFICE OUTERBOX CASES,,Exclude
600V/ 60A/ 1PH/ FUSED/ 3R Disc,,Exclude
Alex Fast Dry 5.5 oz. White Ac,,Exclude
3/8 in. Galvanized Anchor Shac,,Exclude
1 PVC END CAPS,,Exclude
A1 Fixture (4' Linear Suspende,,Exclude
5/16 X 1 1/2 IN Zinc Plated H,,Exclude
START UP FOR KD2500 GEN,,Exclude
1-1/4” Steel Set Connectors W/,,Exclude
RENEWAL FOR HR & RECRUITER,,Exclude
CONTAINER-STEEL-40'-2 PREMIUM ,,Exclude
1901002-116,,Exclude
Hess PUCK XT TAP M18X1,,Exclude
OIL-WIPERS-DEF,,Exclude
HellermannTyton  T30LL9M4,,Exclude
12 sol green,,Exclude
"1 1/4"" RIGID COUPLING",,Exclude
11 PIN RELAY SOCKET,,Exclude
05-14-23 UNION TERMINAL,,Exclude
"[PVC Terminal Adapter] 4"", Mal",,Exclude
SE43119021001 60A 2P A/C DISC,,Exclude
3/8 16IN DROP IN ANCHORS STL P,,Exclude
Caddy CS812 3/4-1/2 conduit st,,Exclude
22014-018HD CANCELLED,,Exclude
3/4 carflex straights,,Exclude
Polly Jet Line,,Exclude
20A RELAT SPST,,Exclude
HARD HAT FB WHT,,Exclude
TYPE GX-DF BST WLEZXTEU2RGEM-C,,Exclude
Stepladder Safety and Instruct,,Exclude
SUB LABOR,,Exclude
"1"" GRC Couplings",,Exclude
Burndy Mechanical connectors 2,,Exclude
1G remodel plastic box,,Exclude
10k shooting boom forklift,,Exclude
1-5/8 SCRW,,Exclude
3/4 CLAMP W/BOLT,,Exclude
"[MC] 10-2C w/ GND, Brown/Gree",,Exclude
"4 sq EXT rings 1/2 & 3/4"" KO's",,Exclude
04-24-22 BEAVER PHASE 1,,Exclude
"5/8"" rod clamps",,Exclude
2-Pole Single Throw Toggle Sw,,Exclude
03/17/24 ONE RIVERSIDE,,Exclude
Sharpie Perm Markers (Normal) ,,Exclude
13X24X12 ELEC CVR,,Exclude
09-03-23 FT JACKSON RECEPT-CP,,Exclude
ABB CARLON A243F,,Exclude
TYNDALL LODGE 21015-305AL01,,Exclude
4628,,Exclude
"3"" LOCKNUT FOR TA",,Exclude
2” Fiber Bushing,,Exclude
100 amp N3R Disconnect fussed,,Exclude
SER Staples 1/0-4/0 1000 from,,Exclude
Weatherproof Light box,,Exclude
DP3 POW-R-LINE3X,,Exclude
Romex Connectors 1/2” Screw Ty,,Exclude
Docking Drawer Blade - 1514-11,,Exclude
"Dottie TBC44 1/4"" Toggle Bolt ",,Exclude
sq washer,,Exclude
JG-100 NICK,,Exclude
"Appleton 333D Switch Box, Gang",,Exclude
MACH BOLT,,Exclude
RS17CC BOX CVR,,Exclude
09-03-23 UNION TERMINAL,,Exclude
"4"" EMT Elbow, 90°",,Exclude
M2 SHUNT TRIP/ENCL/3100L,,Exclude
10/13/24 UNIVERSAL PROJECT 905,,Exclude
BRZ HUB 1,,Exclude
CO-02 Voice Evac Materials,,Exclude
1/4 X 1 RND COMBO,,Exclude
N5-20R DUP RECT,,Exclude
"Underground Box With Cover, Tr",,Exclude
12/3 Rommex,,Exclude
20amp Single Pole Breakers to ,,Exclude
RECIP BLD 12,,Exclude
"Coupling, Size: 3/4"", Material",,Exclude
SHOP JS-903,,Exclude
RETURN 735269,,Exclude
CUT BRFP  1IN FILLER PLATE FOR,,Exclude
"3/16"" sds masonry bit",,Exclude
04-09-23 SANDPIPER,,Exclude
BUS NON-30 BUSS ONE TIME FUSE,,Exclude
1/4 X 1-/4 FNDWASH,,Exclude
TS-1490 SHOP,,Exclude
04-16-23 ADDISON,,Exclude
Eaton BRLW handle lockoffs,,Exclude
"1691 1/2"" Knockout Plug",,Exclude
"3"" PVC Female Terminal Adapte",,Exclude
01-29-23 ROMNEY,,Exclude
1 IN. RIGID PIPE,,Exclude
ARNV FLOOR BOX,,Exclude
15a GFCI - TR/WR White,,Exclude
06/02/24 DATA COURT STUDENT AP,,Exclude
10-01-23 ASTON UPTOWN,,Exclude
02/18/24 UNION TERMINAL WAREHO,,Exclude
ANCHORS,,Exclude
BUS DEV GANNETT FLEMMING/BE&K,,Exclude
previous invoice Sandpiper Gle,,Exclude
TRAVEL CAR REFUND,,Exclude
"[Mechanical Lug] For 250 MCM, ",,Exclude
COR#2 HC and ILU BDA Testing,,Exclude
"3/4"" Galvanized Coupling",,Exclude
Hubble S1SP Floor Box Trim Kit,,Exclude
LIBRARY SCONCE 9W E26 A19 LED,,Exclude
1” EMT steel set screw connect,,Exclude
TSGB16 CADDY,,Exclude
04/07/24 529 KING STREET HOTEL,,Exclude
sleeves of black tape,,Exclude
"[MC] 8/3 w/ GND, Black/Red/Whi",,Exclude
01-07-24 SEMINARY,,Exclude
FUSE REJECTION KIT CLASS R,,Exclude
OFFICE -PUBLIX-XMAS,,Exclude
"3/4"" hub for square D disconn",,Exclude
DISC 45-115 1 IN DIA WELD MAT,,Exclude
"Decora 3-Way Switch, 20A, 120/",,Exclude
SDS Plus Setting Tool - PT An,,Exclude
KEN NAQUIN - PANEL,,Exclude
"Aluminum Universal Terminal, 2",,Exclude
Draft Seal Triple Gang MDSK3G,,Exclude
"1 1/2"" PVC connector",,Exclude
handy box blank cover,,Exclude
SC heavy equipment surcharge,,Exclude
"1/2"" 90 degree flex conn",,Exclude
"2"" STRT STL FLEX CONN",,Exclude
IDEAL 30-072 WIRE CONNECTORS (,,Exclude
"3"" threaded nipples 3"" long",,Exclude
Husky 2 in. x 15 ft. Tow Strap,,Exclude
"3/4"" LT STRAIN RELIEF CONN FOR",,Exclude
NSI IPLDS500-12 POLARIS STACK ,,Exclude
"1/2"" flex connector non metall",,Exclude
4SQ BOX R1,,Exclude
FLIGHT LIGHT 81020 PHOTOCELL,,Exclude
"10"" x 10"" x 24"" Gutter Steel n",,Exclude
WIPER FLD,,Exclude
23007-S02 CO-06 - Material fro,,Exclude
MIL 7/16,,Exclude
40 CONT 1006,,Exclude
"BUSHING INSERTS 1/2"" ARLINGTON",,Exclude
01/14/24 WATERFRONT PHASE II,,Exclude
13 Amp Corded 7-1/4 in. Circul,,Exclude
3/4 LB CV/GASK,,Exclude
Honeywell Fire Alarm Control S,,Exclude
"3/4"" PVC SCHED 40 COUP",,Exclude
"1/4 BOLTS 1 1/4""",,Exclude
01/21/24 ONE RIVERSIDE,,Exclude
JAMES LIVINGSTON,,Exclude
2611,,Exclude
750 KCMIL Orange,,Exclude
38 AST MC Connectors,,Exclude
F4PPT-SD pigtail,,Exclude
"35 3/8"" COMPACT MILWAUKEE BAND",,Exclude
CALIBER COLLISON,,Exclude
SHOP INV 10687,,Exclude
12-03-23 SEMINARY LANE,,Exclude
TYPE BR BREAKER 30A/1 POLE 12,,Exclude
Leviton 80401-W Decora Wallpla,,Exclude
"Knockout Seal, Snap"" Steel, 3/",,Exclude
carflex Connectors 3/4”,,Exclude
"1-1/2"" X 3"" nail plates",,Exclude
2337 KEPT MAT - NOT USED SVC,,Exclude
1H COND STRAP 3/8,,Exclude
07/21/24 908 SWEET BERRIES,,Exclude
RTP-VE,,Exclude
N36 Non-Concrete Lid (Oldcastl,,Exclude
8X40 756596,,Exclude
IMPLEMENTATION SERVICE-CONSULT,,Exclude
2/6/2022 FT JACKSON RECEPTION,,Exclude
"1/2"" EMT Connector",,Exclude
TS-883 LADDER,,Exclude
4” two piece unistrut straps,,Exclude
2 gang dryer faceplate,,Exclude
Eaton Wiring Strain Relief Wa,,Exclude
"THEP TP594 1-7/8D UTILITY BOX,",,Exclude
HEX NUT 8-32 MACH SCR,,Exclude
"S1R4PTFIT 4"" Poke Through & S1",,Exclude
6 in. Round Valve Box and Cove,,Exclude
MALE PIG TAILS,,Exclude
CR 9315390741,,Exclude
3/8 X 1’ Bolts,,Exclude
Hubbell-Raco 295 4IN ROUND CEI,,Exclude
OFFICE CASES,,Exclude
8-32 phillips tapered head,,Exclude
OFFICE SUPPLIES/JANITORIAL,,Exclude
8X1/2 WAFHD SCR,,Exclude
600-3 2SIDE UINTAP,,Exclude
5-Gallon Bucket of Grey Fire R,,Exclude
LED-30097 SL,,Exclude
4-11/16 1DEV CVR R1-1/4,,Exclude
"1"" TERMINAL ADAPTER",,Exclude
OFFICE- SCR PRO/CSES,,Exclude
20A P2 PLT 2/4/6G,,Exclude
5 in. Diamond Premium Wet Core,,Exclude
S1R6CVR-GRY,,Exclude
RND WP CEIL CVR 5,,Exclude
Water tank,,Exclude
90D FLEXCON 1-1/4,,Exclude
Husky42 Gal. Heavy Duty Clean-,,Exclude
1/2 FMC 90 CONN,,Exclude
941 1QTR 2020,,Exclude
Jonard UST-500 Universal Cabl,,Exclude
"1-1/4"" Threaded Plastic Bushin",,Exclude
POWERFOAM,,Exclude
3M 35-RED-3/4X66FT,,Exclude
"4-11/16"" 2 gang mud ring 5/8"" ",,Exclude
30A twist lock receptacle,,Exclude
SERVICE  WO 4823,,Exclude
CUT BRP120AF 67C9002G06 BR COM,,Exclude
TRACK TRENCHER,,Exclude
SHIPPING-WAREHOUSE,,Exclude
2023 MEMBERSHIP FEES,,Exclude
white electric tape,,Exclude
Milwaukee Blade Pulley Tire Zo,,Exclude
2-Gang Duplex Faceplate White ,,Exclude
FLAT BAR,,Exclude
Green Pigtails For 4sq. Boxes,,Exclude
COOPER CROUSE-HINDS DIVISION 3,,Exclude
4 barrel polaris taps for #4aw,,Exclude
LT UA 3/4,,Exclude
SQD QOB330,,Exclude
"Cover frame, X Series, 1 gang,",,Exclude
209 519 10-165GY4A,,Exclude
FORKLIFT TIRES,,Exclude
"3/4"" Plastic Bang -On Bushings",,Exclude
TIE ROD  -ALIGN,,Exclude
DEC 2022 - CRITICAL,,Exclude
08-06-23 ADDISON,,Exclude
Returned Submittal Notes,,Exclude
standard white colored LED lig,,Exclude
"Cantex 4"" x 4"" x 4"" PVC Juncti",,Exclude
2849,,Exclude
nVent Caddy MPLS Mounting Bra,,Exclude
"18"" UCL-18-9-120D-930/40-WH",,Exclude
1/4 X 1-1/4 SCRW,,Exclude
hubbell GFT20W outlets,,Exclude
"1"" emt one hole straps",,Exclude
Hubbell-Raco 7232RAC Switch/O,,Exclude
SHIPPING-OFFICE,,Exclude
"4"" flex connector straight",,Exclude
1G BOX 18CU W/ BRKT,,Exclude
Buckets Of Jetliner,,Exclude
175 Amp 250v blade style fuses,,Exclude
Carlon round cover E365C,,Exclude
UNITAP 2PORT,,Exclude
12/3 CR,,Exclude
"8' x 40"" office/ storage cont",,Exclude
"2 gang 3/4"" rise plaster rings",,Exclude
RFBA24C4ext Floorbox Extension,,Exclude
TYNDALL LODGING XFINITY,,Exclude
DF26 VCO-TV1222AI,,Exclude
09/01/24 ECA,,Exclude
"3"" pipe ground clamps",,Exclude
cases drinking water.,,Exclude
20 amp White weather resistant,,Exclude
4 gang decor white plates - RW,,Exclude
CADDY® CAT HP J-Hook Assembled,,Exclude
2 1/2 IN PLASTIC BSHNG,,Exclude
3/0 POLARIS TAP ILSO PBTS-2-3/,,Exclude
40' CONT 4715014,,Exclude
CLUBROOM ISLAND 1 LIGHT SMALL ,,Exclude
40ft Storage Connex 5227,,Exclude
32 ct AA energizer batteries,,Exclude
"24"" x 24"" x 8"" N! j box with ",,Exclude
3092,,Exclude
ADVANCE AUTO LOCKSMITH,,Exclude
"3/8"" one hole mc cable straps",,Exclude
TAPE 165 PURPLE,,Exclude
plastic round ceiling blank p,,Exclude
03-12-23 GLENRIDGE HOMES,,Exclude
09-11-22 VA JAX,,Exclude
CFL/LED,,Exclude
46 - FLR BOX - CVR,,Exclude
"[PVC Terminal Adapter] 1"", Fe",,Exclude
Buckets HILTI CFS-S SIL SL Fir,,Exclude
9/26/2021 NEXTON,,Exclude
"3/4"" 1 hole Clips",,Exclude
"TAMPER RES.DUPLEX REC.15A, HU",,Exclude
"Caddy 1"" EMT bang on straps",,Exclude
TYPE F2 WGT LESW-15-30K-P-WH ,,Exclude
Sta-Kon® Vinyl-Insulated Fork ,,Exclude
DIESEL  010ER,,Exclude
COUPL 2,,Exclude
"Power Limited Tray Cable, 1 Tr",,Exclude
5 COMP SPINNER REEL,,Exclude
BOX 2-1/8 KO 1/2-3/4,,Exclude
Ideal # 30-3470 ( 3 boxes of  ,,Exclude
TYPE ID5 AFX ALS160614LAJUDSN ,,Exclude
1” pvc bushing,,Exclude
"Eaton DG223NRB Safety Switch,",,Exclude
2” lock nuts                  ,,Exclude
"[NEMA 1 J-Box] w/ No KOs, 6"" x",,Exclude
STRAP CONN 3/4,,Exclude
100 ft 12 gauge extension cord,,Exclude
AIR HOSE WHIP CHECK,,Exclude
1 IN ABGLE CONN,,Exclude
orange phase tape cheap,,Exclude
Type X14 (Exterior),,Exclude
OFFICE PROT SCR,,Exclude
06/02/24 529 KING STREET HOTEL,,Exclude
"[EMT Strut Strap] 1"", 1 Hole",,Exclude
2097-TRW  GFCI Receptacle,,Exclude
EZB2060R,,Exclude
1/2 KO SEAL,,Exclude
"Dewalt PFM2217171  1/4"" x 1/4""",,Exclude
OFFICE MAT,,Exclude
PRINCE RD,,Exclude
"4"" Square Box, Drawn, Metallic",,Exclude
"1/2"" sealtight connectors 90's",,Exclude
MMM3939 - DUCT TAPE - 2IN X 6,,Exclude
Jul-20,,Exclude
POST BASE 1.625,,Exclude
3221,,Exclude
HUBBELL GFTWRST20/ (RW57300) W,,Exclude
NYSTROM,,Exclude
"TOPAZ ELECTRIC 265TZ 1-1/2"" Rg",,Exclude
1/4 LOCKWASH,,Exclude
1000 5th Floor Hall Hot Check,,Exclude
02-19-23 WOODFIELD,,Exclude
PNLBD INT NQ 400A MLO 30CKT 1,,Exclude
ARAUCOPLY,,Exclude
"4"" X 1-1/2"" J box 1/2"" & 3/4"" ",,Exclude
"3/8"" ONE HOLE STRAP",,Exclude
3241,,Exclude
"1/4"" drill bits HS steel",,Exclude
EBP Piecework,,Exclude
Angle grinder chain saw Disc,,Exclude
LED,,Exclude
2P-120/240V-15A CB,,Exclude
"Spec Seal 7 X 7 X 1/8"" Putty ",,Exclude
TYPE N1-FLANGE WGT-LPNG-RMK-1,,Exclude
"2"" LOCKNUTS",,Exclude
4SQ MUD RING SGLDEV R 5/8,,Exclude
THHQL2120 - 2P20A,,Exclude
09-03-23 GLENRIDGE 7039,,Exclude
M3 LAUNDRY CHG,,Exclude
5/8 HAMMER BIT,,Exclude
60' MANLIFT ARTICULATED,,Exclude
5/8 acorns 2/0,,Exclude
15A GFCI WP Duplex Recpt Hubb,,Exclude
UNIVERSAL INSPECTION FEE,,Exclude
4670,,Exclude
LOG RO-120-48-30K-10X60-UMAS-S,,Exclude
INDUSTRIAL DIV,,Exclude
nVent Caddy FXC20 MC/AC and Sh,,Exclude
LEV 688-W CLOCK HANGER RCPT-NM,,Exclude
OFFICE-FIRE SAFE,,Exclude
#4 ring terminals for cooper ,,Exclude
Flat Hanger Screw Installation,,Exclude
TYPE BR BREAKER 40A/2 POLE 120,,Exclude
Justrite 7150110 Can for Flamm,,Exclude
"1/4""x20 nut",,Exclude
06/02/24 METROPOLITAN NAPLES,,Exclude
"feet 1/2"" seal tight",,Exclude
"1"" Bond bushing",,Exclude
GRND BAR 1/4 X 4,,Exclude
Firecaulk,,Exclude
TYPE ID7 TRI-VPF4-4FR-MIN10-4,,Exclude
Cj6,,Exclude
OIL CHANGE - BRAKE FLUSH,,Exclude
2G WP BOX 7KO 3/4,,Exclude
12-04-22 SILLWELL,,Exclude
ANYWHERE DATABASE,,Exclude
"Leviton 1222-2W Toggle Switch,",,Exclude
Coring,,Exclude
15A 3P 15A 1P 20A 2P CB,,Exclude
12/27/2020 RESIDENCE INN,,Exclude
"2"" 90 degree liuqidtight conne",,Exclude
Heavy Duty Deck Scrub Brush,,Exclude
"5/8"" by 10' Cu clad ground rod",,Exclude
ISIDRO REYES,,Exclude
"MA45PS hole saw arbor 7/16"" sh",,Exclude
RXC R143MTB 19621 -> 1/4 X 3 M,,Exclude
250 SPLIT BOLT,,Exclude
B432A 4SQ NAIL ON BOX 2-5/8,,Exclude
VOSC,,Exclude
02/18/24 MANOR AT WEST RIVER,,Exclude
2800,,Exclude
2-1/2 Rigid Metal Conduit,,Exclude
30 GAL SPILL KIT,,Exclude
05/19/24 TYNDALL ZONE 1 F35 FL,,Exclude
PVC 45D EL 4,,Exclude
02/02/25 GARY SMITH,,Exclude
1/2” Romex Connectors,,Exclude
Hubbell-Kellems HBL5869VY VAL,,Exclude
.5 STRP 25,,Exclude
4\0 THHN COPPER BROWN,,Wire
# 12  AWG CU THWN Green Provi,,Wire
4/0 aluminum triplex,,Wire
#250 XHHW Aluminum Ground,,Wire
# 2  AWG AL ORANGE THWN or XXH,,Wire
30-33' ELECT SCISSOR #10566316,,Wire
Cat6E White Cable- 6CMP234BW C,,Wire
#18 FIRE ALARM WIRE RED non sh,,Wire
250 MCM Xhhw Aluminum,,Wire
600 KCMIL XHHW AL PER DETAIL,,Wire
1000’ #2-4w MC Cable,,Wire
SEQUEL CAT5E,,Wire
#8 White THHN CU,,Wire
12/2 mc anti short bushing (re,,Wire
THHN-300-STR-YEL-CU,,Wire
#4 AWG XHHW ALUMINUM GREEN,,Wire
Cerrowire 500 ft. 12 Gauge Bla,,Wire
300 MCM xhhw AL,,Wire
2500' roll #14 awg purple thh,,Wire
Large Cable Cuff PRO,,Wire
"[THHN Wire] Green, 1 AWG, Copp",,Wire
#12 solid copper THHN White/Bl,,Wire
5/12/24 ACCT SERVICES,,Wire
"[THHN Wire] Brown, 3 AWG, Copp",,Wire
"Diesel Locomotive Cable, 4/0 A",,Wire
Hospital Grade #12/2C W/GROUND,,Wire
4/0 XHHW-2 STR COMPACT AL WR b,,Wire
6-2 nmb romex,,Wire
Green # 10 THHN Stranded,,Wire
MC-CABLE-12/3-1000 FT REEL,,Wire
14/2 Romex,,Wire
"18/3 Cable Black, White, Gree",,Wire
#10 SOL BR/GY W BR STRIPE,,Wire
Pre Terminated Blue Cat5E 20',,Wire
#2 AWG Red,,Wire
COP THHN1/0STRORN-CUT THHN 1/0,,Wire
# 2 cu thhn black (3 cuts at 1,,Wire
133BO THHN-8-STR-RED-CUT REEL,,Wire
#350MCM THHN/T90 Cu BLUE,,Wire
300 KCMIL XHHW AL,,Wire
1/2” Snap In Romex Conn Single,,Wire
2/0 xhhw al,,Wire
THHN 1/2 STR,,Wire
#4 XHHW Aluminum B/R/BLU/W,,Wire
12/2 mc w/ground,,Wire
Legrand-Wiremold AV3ATCBK AV3 ,,Wire
#4 red thhn cu,,Wire
"#6 - THHN, CU, STR - GREEN",,Wire
THHN10 SOL YEL 500RL THHN-10-Y,,Wire
#12 Awg THHN GREEN copper Soli,,Wire
CADW GTC162L CABLE TO GRD ROD ,,Wire
"[THHN Wire] Orange, 4/0 AWG, C",,Wire
10/2 UF CABLE,,Wire
thhn #6awg cu black,,Wire
"12-2 MC Cable  (1,000 reels on",,Wire
CAT6 JACK,,Wire
# 2 AWG CU THWN Green Provide ,,Wire
THHN #12 STR WHITE,,Wire
#1 XHHW Aluminum Green,,Wire
"[THHN Wire] Brown, 350 MCM, Al",,Wire
300 MCM XHHW-2 AL (BLUE),,Wire
1/2” black romex bushing / gro,,Wire
NM CABLE CONN 1/2,,Wire
1/0 AWG THHN BLACK,,Wire
THHN8 STR,,Wire
"12 AWG Insulated Pigtail, 7-1/",,Wire
#12 Awg Solid Thhn  Black,,Wire
12/2 MC SOLBLK-WHT,,Wire
1000' spool 12/2 NMB,,Wire
"Plastic, nail on cable stando",,Wire
"[THHN Wire] White, 8 AWG, Cop",,Wire
# 4 awg GREEN xhhw Aluminum ,,Wire
23 AWG Solid 4-Pair CAT6A CMP ,,Wire
GALV WIRE 1/16,,Wire
# 8 awg Solid  Red  THHN,,Wire
#10 THHN CU SOLID WIRE BLACK  ,,Wire
WIREMOLD WH20GB512,,Wire
720' 500 MCM XHHW Alu Wire Bla,,Wire
cable stacker,,Wire
ROMEX CONN 3/8,,Wire
#4 THHN Orange Copper,,Wire
#6 Thhn Orange,,Wire
#1 AWG Copper,,Wire
# 10 awg Solid Green THHN ,,Wire
Ideal # 30-3471 ( # 12 awg  Bl,,Wire
10/3 MC Cable 250' Spools,,Wire
2500' Roll Of Green Wire THHN,,Wire
#6 STR THW  Brown (500' Spools,,Wire
wire lube,,Wire
#3/0 STRANDED GREEN THHN WIRE,,Wire
Feet of #3/0 STR THWN Green (B,,Wire
6/3 rubber coated mc cable,,Wire
2/14/2021 NINE AT COLUMBIA,,Wire
XHHW MCM 4/0,,Wire
THHN 3 STR RED,,Wire
#6 AWG THHN/THWN Copper,,Wire
500 Al Red XHHW,,Wire
THHN 2STR GRN,,Wire
"Security Cable, 3/8 in, 15 ft,",,Wire
10 AWG THHN/THWN-2 Solid Coppe,,Wire
XHHW-1/0 BLK STR,,Wire
#12/4C W/GR SOL MC BLK-WHT RED,,Wire
#8 THHN black CU wire,,Wire
4/0 Bare Copper Stranded,,Wire
8/2 ROMEX  M2,,Wire
3/12/23 LISSETTE THOMPSON,,Wire
THHN STR 500,,Wire
#10 THHN Black stranded,,Wire
XHHW MC 600,,Wire
"3,000'      12-2 Romex Wire",,Wire
thhn 10 stranded white,,Wire
# 4  AWG CU YELLOW THWN or XX,,Wire
THHN-500-BLK-37STR-CU,,Wire
"1000' total 3/8"" static wire ",,Wire
THHN 2 SOL,,Wire
2/0-14 AWG ADR21,,Wire
"1/0 AWG THHN, Stranded, Copper",,Wire
#6 Red THHN STR - (1000' SPOOL,,Wire
"1/16"" aircraft cable (AC1/16-5",,Wire
"[Bare Copper Wire] 2 AWG, Str",,Wire
#8 Black THHN Copper Stranded ,,Wire
14/2 LNDSCP CABLE,,Wire
12 SOLID WHT THHN,,Wire
THROUGH CABLE 3/0 TO 3/4 GROU,,Wire
"3/4"" romex conn",,Wire
#4 XHHW AL-Green,,Wire
#1 THHN Copper Wire,,Wire
860' 1/0 Alu XHHW Wire (Green),,Wire
4/0 hxxw,,Wire
Feet #12 THHN CU STR Pink,,Wire
1/0 Copper THHN,,Wire
#6 WIRE THHN BROWN,,Wire
"[NM-B Wire] 12/3, Yellow, 500'",,Wire
500' Spools of #12 STR CU (Whi,,Wire
#12 black solid,,Wire
185' 300 MCM XHHW Alu Wire Whi,,Wire
12/2 Mc Cable,,Wire
10/3 Romex,,Wire
"[THHN Wire] Orange, 3 AWG, Cop",,Wire
50' 3/0 Copper Wire Bare (Tota,,Wire
AL-LS Cable,,Wire
12/2 MC With isolated ground,,Wire
#4 Bare Wire,,Wire
"THHN Wire, bleu, 10 AWG, Coppe",,Wire
8-2 UF Cable ,,Wire
"8-2 MC cable brown ,Gray,Green",,Wire
10/2 NM-B ROMEX,,Wire
#12 Green Wire SOLID,,Wire
WEATHERPROOF WIRECONN 62 GRY/R,,Wire
# 10 awg THHN Solid Red,,Wire
2/0 AWG xhhw Stranded Aluminum,,Wire
#12 THHN White,,Wire
 #1/0AL STR THW,,Wire
60' 3/0 bare copper wire,,Wire
"[XHHW Wire] Green, 3/0 AWG, AL",,Wire
WIC. THHN 4 STR BLK MR,,Wire
CRESTRON LSZH CABLE 2C-22 SHIE,,Wire
#1 Black AL THHN Wire,,Wire
Wire THHN 12 stranded green,,Wire
#12 Solid THHN Copper Red,,Wire
Feet 6/3 NM Romex (500 Spools),,Wire
4/0 copper thhn,,Wire
COP THHN300STRBRN-CUT MASTER C,,Wire
# 4 awg Bare solid Copper ,,Wire
#12 THHN SOLID COPPER THHN WIR,,Wire
#4 xhhw Alum. Green,,Wire
COP THHN4/0STRWHT-CUT THHN-4/0,,Wire
Green #10 Cu Wire Solid,,Wire
master lock cable  (15')  (G5,,Wire
Zinc die-cast MC feeder cable ,,Wire
"4-4-4-6 AL SER Cable (Blk, Re",,Wire
830' 500 MCM XHHW Alu Wire Red,,Wire
#12 orange solid wire THHN,,Wire
400 MCM XHHW-2 AL (BLACK),,Wire
ROMEX 12/2 W/GRD 1000' REEL 12,,Wire
18 Awg - 3 Cond Low Voltage Wi,,Wire
"10 AWG THHN Solid Copper, Oran",,Wire
THHN/THWN-2 37 STR 600V 90DEG,,Wire
#8 Thhn red copper,,Wire
THHN 1 STR WHT,,Wire
THHN 10  STR,,Wire
#4/0 THWN WIRE,,Wire
#1 Copper Wire ,,Wire
#4 THHN/T90 Cu GREEN,,Wire
1/2” BLACK PLASTIC ROMEX CONNE,,Wire
2500 spools of  # 10 awg Red T,,Wire
CAT6,,Wire
250 xhhw al wire,,Wire
CADweld mold from 4/0 to Busba,,Wire
14/3 CU MC Cable,,Wire
ft - 500 kcmil THWN Alum,,Wire
SIEM1 3TA1JG750 WIRE CONN,,Wire
"[Ethernet Wire] Cat 6, Riser ",,Wire
#2 Banded 5-Wire Female Tail,,Wire
COP THHN12STRRED2500RL THHN-12,,Wire
#10/5C so cord,,Wire
"[THHN Wire] Black, 4/0 AWG, Co",,Wire
#2 AWG ALUMINUM THHN GREEN,,Wire
THHN/THWN-2 600V ALUM COND YEL,,Wire
500 XHHW ALUM WHITE,,Wire
XHHW 350 AL,,Wire
# 10 Thhn white,,Wire
# 6 XHHW-2 AL GREEN,,Wire
#12 red stranded thhn,,Wire
# 12 awg white  THHN Solid ,,Wire
#12 THWN White Stranded,,Wire
Ideal 77 Wire Lube 5 Gallon B,,Wire
12' ceiling grid wire #12,,Wire
#12 THHN CU SOLID WIRE RED  - ,,Wire
CMT4-HSG.12.BT.11'.1C6WIRE,,Wire
14-2 (1 TSP) F/A MC Cable (Bla,,Wire
350 MCM XHHW-2 AL (RED),,Wire
1/0 AL XHHW-2  red,,Wire
225' 400 MCM XHHW Alu Wire Bla,,Wire
ft 500 kcmil AL XHHW,,Wire
2/0 Cu THHN Black,,Wire
"[NM-B Wire] 10/3, Orange, 250'",,Wire
#6 awg Xhhw GREEN aluminum,,Wire
#12 THHN SOLID RED 2500' REELS,,Wire
1/0 green THHN wire CU,,Wire
2500 spools of  # 12 awg Red T,,Wire
12/2 HCFA SOL,,Wire
BUR C11HD4/0DB GRD CL 1/2-1 DB,,Wire
250 MCM THHN/THWN-2 STRANDED,,Wire
M3-4 14/2 ROMEX,,Wire
2500 spools of  # 12 awg YELLO,,Wire
"12 AWG THHN Str Brown, 1000'",,Wire
1000' 12/2 mc Blk/white,,Wire
12 AWG Solid Grounding Pigtail,,Wire
#12 THHN STTANDRED GREEN,,Wire
300 MCM XHHW AL,,Wire
#6 THWN CU,,Wire
180' 1/0 Alum Wire XHHW Red or,,Wire
14/2 romex 1000' reels,,Wire
12/2 MC Reel (Red color),,Wire
250 KCMIL XHHW Aluminum,,Wire
# 4  AWG CU GREY THWN or XXHW,,Wire
XHHW 2 AL 600 MC,,Wire
wire THHN 10 Red sol,,Wire
"[SER Cable] Aluminum, 3/0-3/0-",,Wire
2/0 THHN Copper - Blue,,Wire
WIRE THHN 8 WHITE STRANDED 1 C,,Wire
3/0 SER Cable 3C+G Alu,,Wire
6 - 2/0 AWG 600-Volt 2-Port po,,Wire
#1 AWG WHITE THHN CU WIRES,,Wire
XHHW ALUMINUM -2 STRANDED 250 ,,Wire
wire romex 12/2 ground,,Wire
THHN 10 SOL BRN 006421 229940,,Wire
DIESEL 12/28,,Wire
#2 XHHW Aluminum B/R/BLU/W,,Wire
2/0 THHN/THWN-2 STRANDED,,Wire
LOT WIREMOLDCOMPANY,,Wire
14/2 - 12/2 ANTI SHORT BUSH,,Wire
#6 Green THHN Wire,,Wire
THHN 10 SOL BL-WH,,Wire
12/4 ROMEX - 250,,Wire
Feet #1 XHHW AL Black,,Wire
900'  3/0 XHHW Alu Wire Green,,Wire
Single Man Drivable Lift #1045,,Wire
ft. 400KCMIL XHHW AL Wire,,Wire
8/14/2022,,Wire
THHN 8 STR ORG,,Wire
4 AWG XHHW-2 Stranded Copper B,,Wire
Feet solid #12 White,,Wire
"[THHN Wire] Green, 6 AWG, Copp",,Wire
#2 thhn black,,Wire
Feet #400 THWN Aluminum (Black,,Wire
1/0 THHN Cooper Wire Black,,Wire
"[THHN Wire] Black, 4/0 AWG, C",,Wire
200' 2/0 XHHW Alu Wire Black,,Wire
XHHW 4/0 STR GRN,,Wire
Ilsco GBL-250 6 AWG-250 MCM Al,,Wire
12 Awg Stranded  Blue,,Wire
white so cord 12/2,,Wire
#4 STR THHN Red (500' Spools),,Wire
THHN 6 STR GRN - FEDEX,,Wire
#12 THHN White Solid Reel,,Wire
XHHW 1 REC'D,,Wire
#4/0-4/0-4/0ground ALUM CONDUC,,Wire
1/0 Copper thhn,,Wire
#12 Red Thhn Solid,,Wire
Feet #1 Aluminum THWN (White),,Wire
"10 AWG THHN Stranded Copper, B",,Wire
"8/2 Romex 1,000' Spools",,Wire
3/0 al xhhw,,Wire
12/2 LNDSCP LTG,,Wire
wire soap QT bottles,,Wire
 #4CU STR THW YELLOW (1000' S,,Wire
#10 Black - SOLID (2500' & 1 X,,Wire
12/2 Double Barrel MC Connecto,,Wire
Wire Belden 9841,,Wire
# 10  AWG CU THWN Orange Prov,,Wire
2C #14 stranded unshielded,,Wire
Wire THHN 12 stranded white,,Wire
16/2 STR DIMMER CABLE,,Wire
170' 350 MCM Alu XHHW Wire (Bl,,Wire
Rs485 genertor cable,,Wire
"[THWN/2 Wire] Black, 14 AWG, ",,Wire
400kcm AL wire XHHW White,,Wire
M3-4 12/2 ROMEX,,Wire
# 10  AWG CU THWN Green Provid,,Wire
#6 THHN stranded Green,,Wire
#10 Str.cu Green,,Wire
6 AWG Stranded Blue Southwire ,,Wire
12/2 UF ROMEX,,Wire
300 Kcmil BLUE AL THWN or XXHW,,Wire
#250 AL XHHW,,Wire
 #400AL STR THWN ,,Wire
2500' ROLL of White #12 THHN ,,Wire
3Phase 4/0-4/0-4/0-4/0-2 AL MC,,Wire
#4 THHN CU black wire,,Wire
Wiremold RC7ATCAB Poke-Thru D,,Wire
#6 Green THHN,,Wire
#4 solid bare cu wire,,Wire
THHN250STRYEL-CUT,,Wire
#6 thhn,,Wire
12/2 LANSCP WIRE,,Wire
#12 thhn green (2500' spool),,Wire
10/3 Mc Cable,,Wire
2/0 Cu THHN White,,Wire
XHHW1GRN 21007-271,,Wire
#12 THHN CU WIRE BLACK,,Wire
#6 AWG XHHW ALUMINUM GREEN,,Wire
#10 thhn stranded green,,Wire
COP THHN1STRGRY-CUT MASTER CUT,,Wire
#10 THHN CU GREEN,,Wire
#12 THHN SOL Cu YELLOW,,Wire
"[THHN Wire] Red, 2/0 AWG, Copp",,Wire
#1/0 THWN WIRE,,Wire
14/2 PVC Fire Alarm NP Unshiel,,Wire
COP THHN1STRBLK-CUT THHN-1-STR,,Wire
#4 THHN AL GREEN,,Wire
# 4awg GREEN Copper wire,,Wire
# 16 THHN stranded Purple,,Wire
14/2 SOLID UNSHIELDED FPLP WHI,,Wire
4/0-3C SER cable reduced size ,,Wire
Cadweld Cable to Cable T's fo,,Wire
1/0 bare copper wire,,Wire
Burndy BIT-250 1/0 awg- 250 kc,,Wire
#10 THHN STR SPOOL - BLUE,,Wire
4/0-4/0-4/0-#1 Aluminum SER Ca,,Wire
"10 AWG THHN SOLID COPPER, BLAC",,Wire
"2/0 , 2/0, 2/0, xhhw, al wire",,Wire
#12 Green solid wire THHN,,Wire
18-2 wire,,Wire
Feet #10 THHN CU Solid White,,Wire
Trim and Unit Wire Piece Work,,Wire
#2/2/2/4 Alum URD Cable,,Wire
600 XHHW---AL (SEE PAPRALLEL T,,Wire
# 1  AWG ORANGE AL THWN or XXH,,Wire
WIRE 22028-126,,Wire
THHN 750 MC STR,,Wire
"[THHN Wire] 6 AWG, Copper, Str",,Wire
12-4 NP FIRE ALARM CABLE,,Wire
XHHW #2 AL green,,Wire
THHN 6-3 STR,,Wire
10 AWG THHN/THWN Solid Copper,,Wire
#12 white stranded thhn 2500' ,,Wire
#1 cu green ground wire,,Wire
12/4 MC AL BN-O-Y-GY,,Wire
#12 green thhn,,Wire
MC ALU 12/2 SOL COIT,,Wire
#12 AWG GRAY CU WIRE (2500' S,,Wire
10 AWG 19 Stranded Purple 500 ,,Wire
"12"" CABLE RUNWAY",,Wire
NSJ5EB24 - JACK NSJ CAT5E 8POS,,Wire
feet of #8 THHN CU White,,Wire
990' 400 MCM Alu XHHW Wire (Bl,,Wire
#3/0 AL XHHW,,Wire
# 3 AWG CU THWN Green Provide ,,Wire
"[XHHW Wire] Black, 300 MCM AWG",,Wire
#350 XHHW Aluminum Ground,,Wire
XHHW 300 STR GRN,,Wire
"#12 THHN White,",,Wire
10 AWG THHN STRANDED WHITE,,Wire
"12/4 mc, Blk, Red,Blue,Wht,Gre",,Wire
250' 12/2 MC LITE CABLE,,Wire
#10 THHN SOLID RED 2500' REELS,,Wire
WIRE 12/2 12/3,,Wire
THHN 6  STR BLU,,Wire
#6 green ground cooper wire re,,Wire
"12/4 w/Ground, MC, Aluminum Ar",,Wire
#1 XHHW-2 AL (GREEN),,Wire
"18 AWG, RG-6/U, CL2/CATV, Non-",,Wire
AFC QL-75KON MC/AC/FM Cable Co,,Wire
Feet Belden 9841 Cable,,Wire
WIC ROMEX 12/2 W/GRD 250C,,Wire
16/2 pink and purple wire,,Wire
40' full office Conex #1004598,,Wire
2500ft roll #10 THHN white w/b,,Wire
Everbilt #10 x 3 in. Phillips ,,Wire
350 mcm XHHW Aluminum ,,Wire
#12 STR THHN Green (500' Spool,,Wire
THHN350 S/B XHHW350,,Wire
"[THWN/2 Wire] Brown, 8 AWG, Co",,Wire
#12 STR THHN Purple (500' Spoo,,Wire
#4 Cu THHN White,,Wire
Orange 4/0 Alum,,Wire
#6thhn str.cu.,,Wire
4/0 awg  90 degree Rated  XHH,,Wire
"Green, 6 AWG, ALUM Stranded, 3",,Wire
2 AWG XHHW-2 Stranded Aluminum,,Wire
XHHW 2 STR,,Wire
"16 AWG MTW Stranded Copper, Pu",,Wire
#12 THHN CU solid wire Orange,,Wire
80' #250 KCMIL XHHW ALUM red w,,Wire
MC CABLE,,Wire
12-2 ROMEX,,Wire
6/2 Romex  (2 x 1000' & 1 X 50,,Wire
Caddy #CJ6 Cable Support,,Wire
Feet #250 XHHW AL Blue,,Wire
3000ft 12/2 MC (Black),,Wire
4/0 CEIL BX W/NAILS,,Wire
"[THHN Wire] Yellow, 10 AWG, C",,Wire
Feet of #12 THHN CU Solid (Whi,,Wire
40' Brown XHHW Alu Wire 500 M,,Wire
Work per CO#10 Approval,,Wire
RED #12 THHN,,Wire
"[Fire Alarm Cable] 18/2, Shiel",,Wire
Feet of #250 Xhhw AL Orange,,Wire
# 12 awg Solid GREEN  ,,Wire
XHHW 600 MCM BLU,,Wire
"BAG OF 4 1/8"" CABLE LOCKS   AM",,Wire
15' cables to lock ladders,,Wire
Wattstopper LMCT-100-2 WIRELE,,Wire
of Each Color from the wire b,,Wire
#2 Wire XHHW-2 / RW90 - Alumi,,Wire
"Bare Copper, SD, 4 AWG, 7 STR,",,Wire
NM-B - 6/2 Stranded Copper,,Wire
THHN 6 STR YEL,,Wire
THHNW 6 STR B LK,,Wire
"[THWN/2 Wire] Black, 14 AWG, C",,Wire
2-9/16” NM (romex) protector p,,Wire
#4 THHN STR Cu GREY,,Wire
10/3 Romex (1000' REELS),,Wire
3/0 Brown THHN CU,,Wire
2500ft roll #12 THHN white w/b,,Wire
THHN 6 BRN STR,,Wire
Feet of #8 THHN CU Stranded (B,,Wire
1/0 AWG SER Single phase (1000,,Wire
#4 Alum Green XHHW,,Wire
FEET #12 GREEN,,Wire
COP RMX142WG1000RL NM-B-14/2-C,,Wire
3/0 AWG STR OFFSET AL/CU HYPLU,,Wire
#4 cu thhn green,,Wire
THHN #8 RED,,Wire
TRENCHER CABLE,,Wire
Black #10 CU Wire Solid,,Wire
"MC Luminary Cable, Steel, Cop",,Wire
#300 Kcmil THHN Black CU,,Wire
12 thhn cu green 2500' reels,,Wire
"[THHN Wire] Red, 350 MCM, Alum",,Wire
THHN-6-STR-GRN-CU,,Wire
300 kCMIL Bare Stranded Copper,,Wire
Appleton STSR100 1 In Wire Mes,,Wire
12/2 NM 250,,Wire
#12 RED STRANDED THHN,,Wire
#350 KCMIL Alum XHHW,,Wire
#12 thhn white,,Wire
"[THHN Wire] Blue, 1/0 AWG, Cop",,Wire
POSI-Tech ASPO-4000 4/0 Pin A,,Wire
#3 AWG GREEN THWN OR XHHW PROV,,Wire
THHN 12 STR WHT/RED,,Wire
"2C #18 stranded, shielded",,Wire
"[THHN Wire] Brown, 500 MCM, Al",,Wire
250 mcm Aluminum XHHW,,Wire
900' 400 MCM XHHW Alu Wire Red,,Wire
600 KCMIL Al THWN black,,Wire
3/0 AWG SER Single phase (1000,,Wire
9320395468 THHN 4/0,,Wire
12/2 MC SOLID BROWN And GRAY,,Wire
"4 AWG THHN Stranded Copper, Ye",,Wire
THHN 6 RED,,Wire
2500 spools of  # 10 awg Blue ,,Wire
#14 STR THHN-THWN  Pink (1000',,Wire
#12 Solid THHN Blue (2500' Spo,,Wire
14/2 FPLR RED JKT,,Wire
4/0 AWG XHHW Alu,,Wire
205 391034 500'REEL LNDSCPWIRE,,Wire
Furnish MV Cable,,Wire
THHN 600 MCM YELLOW CU STRANDE,,Wire
THHN-10-WHITE/RED-SOL-CU-2500S,,Wire
4 wire 2/0 al mc,,Wire
HWC 82760 1PR 18AWG T/C O/S P,,Wire
40K' 16/2 Blue F/A Wire FPLP,,Wire
#12 White Solid Wire,,Wire
2500 spools of # 10 awg Green,,Wire
"3/4"" black bushing romex conne",,Wire
#6 THHN Orange Copper,,Wire
"[Fire Alarm Cable] 16/2, Unshi",,Wire
10/2 CU MC Cable Solid,,Wire
#600 STRANDED BLACK XHHW WIRE,,Wire
"2 AWG THHN Stranded Copper, Gr",,Wire
#10 thhn green solid,,Wire
2500 reel of # 12 awg Solid Gr,,Wire
4- Cuts #1 XHHW AL,,Wire
#10 Fork terminals,,Wire
9/12/2021 LEGACY,,Wire
THHN #8 GREEN,,Wire
#10 THHN red,,Wire
10/3 ROMEX SOL,,Wire
400 MCM XHHW-2 AL (BLUE),,Wire
4/0 Green THHN Copper,,Wire
10AWG 58119601,,Wire
"[XHHW Wire] Yellow, 2 AWG, Alu",,Wire
KEG/BUCKET INSULATED ROMEX STA,,Wire
THHN 6  STR,,Wire
Tri-Net 080-RJ45-S-C5 Cat5e R,,Wire
HEX SCR #10 1-1/2,,Wire
14 AWG THHN STRANDED RED/WHT T,,Wire
# 12 awg THHN Solid GREEN (250,,Wire
cj6 Colorado  cable support,,Wire
THHN 10 SOL,,Wire
wire cuts if that applies for ,,Wire
10 awg yellow wire packs,,Wire
Bus Drop Cable Support Grip: ,,Wire
4/0 MCM THHN CU,,Wire
2500' Brown THHN Wire #10,,Wire
#6 XHHW ALUMINUM,,Wire
206 519 MC ALUM 12/2 SOL REEL,,Wire
black coax cable,,Wire
XHHW 2 600 MC,,Wire
WIRE MKR BK A-Z 0-15,,Wire
# 4 AL green xhhw,,Wire
#10 Solid THHN WHITE (2500' Sp,,Wire
#3 Gauge Direct Burial Cable F,,Wire
#8 Green THHN Copper Stranded ,,Wire
250 Roll Number 6 Bare Wire,,Wire
8-2 NM-B Romex (1000' FOOT SPO,,Wire
500' 250 MCM Alu XHHW Wire (Re,,Wire
COP THHN10SOLRED2500RL,,Wire
CAT 6 Cable (1000' REELS),,Wire
COP THHN10SOLWHT2500RL THHN-10,,Wire
#12 thhn black,,Wire
6-3 romex 1000' reel,,Wire
750 Kcmil aluminum XHHW,,Wire
RG6 CATV WIRE,,Wire
# 6awg GREEN Aluminum XHHW ,,Wire
"12-2 MC Cable (Black,White,Gre",,Wire
#12 Solid THHN Yellow (2500' S,,Wire
300 XHHW-2 Stranded Aluminum B,,Wire
"[THHN Wire] Green, 12 AWG, Co",,Wire
COP THHN12STRGRN2500RL THHN-12,,Wire
2C #18 stranded shielded,,Wire
4/0 Black THHN copper,,Wire
8 AWG THHN/THWN-2 Stranded Cop,,Wire
# 8awg GREEN Copper wire,,Wire
8/3 Romex Wire,,Wire
# 1 GREEN Aluminum XHHW ,,Wire
500 MCM XHHW CU,,Wire
#2 aluminum wire,,Wire
1 gal wire lube,,Wire
#8 THHN BLK,,Wire
FEET #12 THHN BROWN,,Wire
2/0 Wire XHHW-2 / RW90 - Alum,,Wire
THROUGH CABLE 3/0 TO 3/4 GROUN,,Wire
THHN 6 STR BLU,,Wire
4/0 awg XHHW Aluminum,,Wire
2/0 green cu thhn,,Wire
2/0-2/0-2/0-1 AL SER Cable (Bl,,Wire
XHHW 3/0 GRN,,Wire
#12 Copper Stranded White,,Wire
"[THHN Wire] Yellow, 500 MCM, A",,Wire
07/14/254,,Wire
3/0 AWG WHITE AL THWN or XXHW.,,Wire
#6 Thhn Yellow,,Wire
# 10 Thhn red,,Wire
1 AWG THHN COPPER STRANDED,,Wire
#10 thhn solid blue,,Wire
#3 red thhn,,Wire
Feet #12 THHN CU Solid Red,,Wire
"[THHN Wire] Yellow, 2 AWG, Cop",,Wire
CAT5E PATCH CORD 150,,Wire
#8 STR THHN Blue (2500' Spools,,Wire
THHN 500 RED,,Wire
20' STORAGE CONNEX #1011282,,Wire
Wiremold WD10W350-60 31/2IND ,,Wire
3/0 Green THHN CU wire,,Wire
 #1CU STR THWN,,Wire
OFFICE- CABLES,,Wire
10 AWG THHN/THWN-2 Stranded Co,,Wire
#6 THWN CU GREEN,,Wire
350KCMIL XHHW AL,,Wire
10 AWG THHN GRN Stranded Coppe,,Wire
XHHW 250,,Wire
250 STR CABLE SPLICE,,Wire
2500' roll #12 awg green thhn,,Wire
2000' #12 Gray/ 500' spools,,Wire
#1 THHN YELLOW,,Wire
#10 thhn orange  stranded,,Wire
"10 WHT THHN Solid Copper, Whit",,Wire
#10 X 2-1/2 SCRW,,Wire
THHN 12 SOL W,,Wire
#1 AWG XHHW ALU Black,,Wire
XHHW 6 GRN OQ,,Wire
MC Alum 12/2 Black Cu.,,Wire
4/0 bare copper,,Wire
#1 XHHW AL PER DETAIL,,Wire
#6 thhn str cu,,Wire
THHN 12 STR WHT/BLK,,Wire
EGS C750 CABLE CONN,,Wire
14/2 UNSHIELDED FPLR GREEN JAC,,Wire
#4 THHN CU wire black,,Wire
14 Awg Stranded  Purpule,,Wire
 black 10 stranded,,Wire
Ideal 30-654 14 to 6 AWG Winge,,Wire
"THHN Wire White, 10 AWG, Coppe",,Wire
# 6  AWG CU THWN Brown Provid,,Wire
#8 THHN White Stranded 1000' r,,Wire
BLUE #12 THHN - STRANDED,,Wire
CAT21HP J-HOOK CABLE,,Wire
WIRE ENCL,,Wire
# 8 thhn cu green stranded,,Wire
200' - #4 alum wire green,,Wire
THHN/THWN-2 600V ALUM COND BRW,,Wire
784' 250 MCM Alu XHHW Wire (Wh,,Wire
500ft roll #12 THHN Blue,,Wire
#10 Stranded - Red (1 X 2500' ,,Wire
ethernet cable,,Wire
"[NM-B Wire] 8/2, Black, 1000'",,Wire
#4 Copper Thwn Grey,,Wire
2/14/2021 NEXTON,,Wire
22 to 10 AWG Winged Wire Conne,,Wire
1/2 EMT - 14/2 COUP,,Wire
THHN 3 STR BLK,,Wire
CAT6A PLENUM BLU,,Wire
CAT5E PATCH CORD 25,,Wire
"10 awg thhn stranded copper, b",,Wire
C&I C-3-88scw 8x8x36 n1 wirewa,,Wire
#12 THHN Stranded Green,,Wire
THHN 2 STR YEL,,Wire
#12 THHN WHITE COPPER WIRE,,Wire
#4 xhhw al ,,Wire
THHN 1/0 STR WHT,,Wire
2/0 SER aluminum cable w/ grou,,Wire
4AWG SPLICE,,Wire
# 12 Thhn red,,Wire
THHN 4 GRN,,Wire
"[THWN/2 Wire] Blue, 14 AWG, C",,Wire
THHN-4/0-STR-GRY-CU,,Wire
10/3 Romex 1000' spool,,Wire
"[THHN Wire] Blue, 750 MCM, Al",,Wire
"12/2 Mc Black,white,green",,Wire
COP RMX122WG1000RL NM-B-12/2-C,,Wire
HellermannTyton T50R0C2 Cable ,,Wire
ALW XHHW350STRWHT-CUT ALW XHHW,,Wire
JASON TERHUNE #16018838,,Wire
#6 Green THHN copper wire,,Wire
300' 350 MCM XHHW Alu Wire Whi,,Wire
250 MC Cable 4C Black/Red/Blue,,Wire
WIRE BASKET SIDE MOUNT CI 1/4,,Wire
#12 Wire solid white THHN,,Wire
"[THHN Wire] Blue, 4/0 AWG, Cop",,Wire
Hubbell-Raco 993 12 AWG Insula,,Wire
10 AWG THHN/THWN SOLID COPPER,,Wire
LG WIRE CONN,,Wire
"12-2 MC CABLE BLACK, WHITE, GR",,Wire
3/0 MCM XHHW-2 AL (GREEN),,Wire
THHN 12 SOL W/B,,Wire
4/0  2 port polaris,,Wire
8/2C Non-Metallic Cable NM-B /,,Wire
Romex Stacker (cable Stacker ),,Wire
"[XHHW Wire] Black, 1/0 AWG, Al",,Wire
# 10  AWG CU THWN Yellow Prov,,Wire
500ft roll #12 THHN White,,Wire
"[THHN Wire] White, 3 AWG, Copp",,Wire
4/0 SER Single Phase ,,Wire
#10 Thhn  Green  stranded,,Wire
9324507662 CR THHN 8-10,,Wire
150' 500 MCM Alu XHHW Wire (Wh,,Wire
500' Red #8 Copper Wire,,Wire
250 xhhw  AL  Gray,,Wire
THHN 3 STR GREEN,,Wire
THHN 2 STR BRN,,Wire
"8""X8""X24"" NEMA 3R wire way",,Wire
"10/3 Romex  (1,000' Reels)",,Wire
BLACK #10 THHN SOLID COOPER WI,,Wire
Green 1/0AWG Copper Wire THHN,,Wire
"EACH WITH 12"" OF WIRE AND CONN",,Wire
Brady 151633 Panel Cable Lock,,Wire
"12 AWG THHN SOLID COPPER, BLAC",,Wire
XHHW 400,,Wire
XHHW 1 STR GRN,,Wire
Feet #2/0 THWN Copper (Green),,Wire
"MC Luminary Cable, 16-2 (TPJ) ",,Wire
XHHW 4/0 STR GRY,,Wire
4/0 THHN RED WIRE,,Wire
12-2 mc cable blk/wht/grn,,Wire
#8 THHN STR Cu GREEN,,Wire
SER 4-4/0 2/0,,Wire
"[XHHW Wire] Black, 1/0 AWG, Al",,Wire
890-MC 3/8 one hole 14/2 & 12/,,Wire
12/2 hospital grade MC,,Wire
"[THHN Wire] Yellow, 6 AWG, Cop",,Wire
"250 MCM   XHHW, Aluminum Cond",,Wire
Wire THHN-6-RED-SOL-1000' REEL,,Wire
XHHW 6,,Wire
#12 THHN Grey Solid,,Wire
4x 500' rolls #12 thhn solid b,,Wire
300 Wire XHHW-2 / RW90 - Alum,,Wire
"[XHHW Wire] Blue, 2/0 AWG, Alu",,Wire
4/0-4/0-4/0-2/0 SER,,Wire
12-3 MC CABLE (BUYOUT),,Wire
# 1 copper thhn,,Wire
12/25LISSETTE THOMPSON OFFICE,,Wire
"12/2 Aluminum Armored Cable, S",,Wire
2500' Roll #10 Yellow THHN wi,,Wire
#8 White THHN wire two 500 FT,,Wire
#12 AWG ORANGE CU WIRE (2500' ,,Wire
"12/3 MC Cable Brown, Orange, Y",,Wire
Pre Terminated BlueCat5E 60' ,,Wire
THHN 10 STR GRY,,Wire
green 12 stranded,,Wire
CADDY CER4 CABLE SUPPORT,,Wire
#8 STR THHN Brown (1000' Spool,,Wire
12-3 MC cable High Voltage co,,Wire
"[NM-B Wire] 10/3, Orange, 100'",,Wire
500 MCM THHN Copper ,,Wire
18-3 TSTAT WIRE,,Wire
THHN-3/0-GRN-19STR-CU,,Wire
#3 THHN CU (RED),,Wire
#2 AWG COPPER WIRE GREEN,,Wire
# 12 AWG STRANDED green,,Wire
COP THHN4STRRED500RL THHN-4-RE,,Wire
#6 cu thhn green,,Wire
Pre Terminated Blue Cat5E 80',,Wire
"[THHN Wire] White, 10 AWG, Cop",,Wire
16/2 LUM 12/2 SOL,,Wire
F-WIRE AML LS-CABLE-110,,Wire
WIC. THHN 1/0 STR BLK MR,,Wire
THHN CU 1,,Wire
"[THWN/2 Wire] Green, 1/0 AWG, ",,Wire
#2 aluminum thhn black,,Wire
#4/0/3C SER Cable reduced siz,,Wire
12/2 Aluminum Armored HFC Cabl,,Wire
Ideal 42-301 Ideal 42-301 Wire,,Wire
"[NM-B Wire] 6/3, Black, 500'",,Wire
cadweld mold #3/0 cable to St,,Wire
2500ft roll #10 THHN White w/b,,Wire
"12/2 w/Ground, MC, Aluminum A",,Wire
#8 blue thhn cu wire str,,Wire
Orange Cat5E 50' Pre-Terminate,,Wire
#1/0 AWG THHN/THWN Copper,,Wire
"[THHN Wire] Blue, 350 MCM, Co",,Wire
#12 White THHN 2500' SOLID,,Wire
#1/0/3C SER Cable reduced siz,,Wire
XHHW 2 AL 1/0 STR,,Wire
WO3709 AS2 12/4-2/1 ANTI SHRT,,Wire
2/0 AWG BROWN AL THWN or XXHW.,,Wire
THHN 1/0 STR,,Wire
12/2 W/GRND MC CABLE CU,,Wire
12-2 MC CABLE BLACK/WHITE/GREE,,Wire
THHN 14 STR WHT,,Wire
# 10 awg GRN THHN STRANDED gre,,Wire
250 mcm Copper wire,,Wire
# 14 awg  Solid Purple ,,Wire
Belden 9841 Data Cable,,Wire
18/6 Stranded OAS CL2P (Plenu,,Wire
#12 solid Black THHN 500' reel,,Wire
THHN-10-ORN-SOL-CU-2500S/R,,Wire
Green 3/0 THHN CU (ft),,Wire
2/0 AL MC  cable black red wh,,Wire
9/14/2021 ROMNEY,,Wire
"[XHHW Wire] White, 2 AWG, Alum",,Wire
12/2 REBILL,,Wire
200' - 250 alum wire orange,,Wire
"3M SI-1 Cable Stacker, Nail-On",,Wire
XHHW 500 MCM RED,,Wire
12/3 Wg Romex,,Wire
#12 THHN Blue Stranded 2500' r,,Wire
#12 Awg Solid Thhn  White,,Wire
THHN (10) BLACK Solid,,Wire
WIRE THHN 8 SOL WHITE,,Wire
#10 THHN stranded orange,,Wire
"2-9/16"" NM (Romex) Protector P",,Wire
Southwire P40073-1A SY 18/4C S,,Wire
1/0 AWG SER single Phase (1000,,Wire
#8 THHN BLACK,,Wire
"[XHHW Wire] Green, 10 AWG, Co",,Wire
3/14/2021 STAFF ZONE,,Wire
2500' #12 stranded thhn black,,Wire
"1 AWG THHN/THWN-2 Stranded, C",,Wire
XHHW 2 AL 4 STR,,Wire
#4 WIRE CU,,Wire
14/2 blue F/A Wire,,Wire
THHN-12-GRN-SOL-CU-500S/R,,Wire
12/2 DIMMER WIRE,,Wire
8/3 Romex Wire 1000' spools,,Wire
THHN 10 STR S/B SOL,,Wire
# 4 thhn cu black stranded,,Wire
6/3 MC Cable,,Wire
General Cable 5133299E 4 Pair ,,Wire
8-2 MC Cable,,Wire
#10 THHN stranded Black,,Wire
Ideal 30-3407 12 AWG Grounding,,Wire
#10 Yellow - SOLID (2500' SPO,,Wire
#10 Solid THHN GREEN (2500' Sp,,Wire
"[NM-B Wire] 6/3, Black, 95'",,Wire
#16 thhn blue stranded,,Wire
3/0 AWG GREEN AL THWN or XXHW.,,Wire
THHN-10-ORG-19STR-CU-500,,Wire
240' 4/0 XHHW Alu Wire Green,,Wire
"[THHN Wire] Bare, 4 AWG, Coppe",,Wire
"[XHHW Wire] Orange, 250 MCM AW",,Wire
THHN 12 STR BLU,,Wire
Wire Thermo 18/2 WHT,,Wire
XHHW 750 MC BLK,,Wire
"12 AWG THHN Str Gray, 1000'",,Wire
#10 Red THHN Copper Solid - 25,,Wire
COP THHN2STRWHT-CUT THHN-2-WHT,,Wire
ALW XHHW250STRBLU-CUT ALW XHHW,,Wire
4/0 AWG Aluminum XHHW,,Wire
2 BARE CU STRANDED,,Wire
"[THHN Wire] Gray, 6 AWG, Coppe",,Wire
#6 THHN green,,Wire
800' - 1/0 Alu Wire Green (MET,,Wire
#10 Thhn White CU ,,Wire
2500 spools of  # 12 awg Black,,Wire
4/0 bare CU,,Wire
#12 thhn cu white 500ft,,Wire
#10 White THHN Wire,,Wire
"Romex 12-2, 1000 Ft Reel",,Wire
"4 AWG THHN Stranded Copper, Re",,Wire
#12 THHN CU solid wire brown,,Wire
12AWG THHN Cu. Stranded Green,,Wire
#6 THHN COPPER GREEN,,Wire
18 Ga. THHN Solid Black 500’ R,,Wire
#4 white thhn cu,,Wire
Vendor Wire Cut Charge,,Wire
#12 STR THHN Pink (500' Spools,,Wire
#8 THHN Green Stranded Wire (5,,Wire
wire 12 sol green,,Wire
Small Waterproof Wire Connecto,,Wire
"[THWN/2 Wire] Red, 12 AWG, Cop",,Wire
"[NM-B Wire] 8/2, Black, ",,Wire
12/2 HEALTH CARE MC,,Wire
CABLE-SHACKLE,,Wire
4/0 male Pig Tails,,Wire
Arlington NM94 NM Cable Conne,,Wire
"[NM-B Wire] 10/2, Orange, 500'",,Wire
400 MCM XHHW-2 AL (RED),,Wire
THHN 12 SOL WHT,,Wire
#10 THHN Black Stranded 2500' ,,Wire
#10 X 2-1/2 SCR,,Wire
#2 Alum XHHW,,Wire
#2 AL XHHW,,Wire
"[Custom Feeder] (3) 4/0 AWG, T",,Wire
910' 400 MCM Alu XHHW Wire (Bl,,Wire
M8 10/3 ROMEX,,Wire
"1 AWG THHN Stranded, Copper, B",,Wire
40' CONT 7676162 12/23-6/8,,Wire
NM 12/2 CU SOLID  BLACK - 1000,,Wire
250 Mcm Xhhw Aluminum,,Wire
Ideal 30-452J 18 to 8 AWG Wing,,Wire
CABLE SLIDE LOCK W/CLASP 10-P,,Wire
THHN 350 MCM S/B XHHW,,Wire
4/0  bare copper,,Wire
"[THWN/2 Wire] White, 6 AWG, Co",,Wire
#12 THHN BLACK COPPER WIRE ,,Wire
thhn #6awg cu red,,Wire
14/2 SOL NS FPLR RED,,Wire
1C 4/0 CU 15KV 220 NLEPR (Lead,,Wire
1/0 Gray THHN CU,,Wire
10-3 MC CABLE,,Wire
12 thhn Red,,Wire
#250 THHN/T90 CU (WHITE),,Wire
AFC 1504G42-00 12/2 HCF Steel ,,Wire
#3 black thhn,,Wire
#2 CU THHN,,Wire
12-2 NM-B ROMEX,,Wire
ERICO PROD GTC182L MOLDCABLE ,,Wire
L401 AML LS-CABLE-110 110' 1/,,Wire
12 awg brown with grey wire co,,Wire
2/0 copper THHN 300' x 3,,Wire
STRING   LS-CABLE-500,,Wire
CAT6 RISER WHITE POP,,Wire
18/6 cable. Prysmian Carol 18 ,,Wire
12 AWG Solid Grounding Wire wi,,Wire
12 GRN THHN/THWN-2 Stranded Co,,Wire
#8/2C W/GROUND STR CABLE MC - ,,Wire
Feet #2/0 THWN Copper (Brown),,Wire
"3/8"" Armored Cable / Flex Conn",,Wire
720' 2/0 XHHW Alu Wire Green,,Wire
# 4 Awg GREEN  Aluminum XHHW,,Wire
Cable Crimps 7x7 GAC Or 3mm   ,,Wire
6awg Copper,,Wire
500 alum xhhw,,Wire
feet #12 orange  thhn thwn wir,,Wire
#350MCM THHN/T90 Cu GREEN,,Wire
#6 AWG THHN GREEN STRANDED COP,,Wire
500 MCM THHN CU,,Wire
18/3 belden cable unsheilded,,Wire
green #8 thhn CU,,Wire
250mcm Copper THHN,,Wire
"SOUTHWIRE 4 11/16"" 5/8' RISE P",,Wire
cable stacker (Ideal BPSTCKR),,Wire
4/0 xhhw al wire,,Wire
"[THWN/2 Wire] Orange, 10 AWG, ",,Wire
12/4-2/1 ANTI SHORT BUSH,,Wire
#3 cu thhn green,,Wire
#12/3C W/GROUND &0-10V Dimming,,Wire
2 Awg Xhhw-2 Stranded Aluminum,,Wire
1/0 THWN CU,,Wire
1430' 500 MCM XHHW Alu Wire Wh,,Wire
XHHW 500MCM,,Wire
370' 500 MCM Alu XHHW Wire (Re,,Wire
#12 thhn red stranded,,Wire
#10 THHN Red Stranded 2500' ro,,Wire
#1 xhhw al wire,,Wire
THHN 4 YEL,,Wire
THHN CU 8,,Wire
10 AWG THHN Stranded Black 500,,Wire
300' 700 MCM Alu XHHW Wire (Wh,,Wire
#1 AWG BLACK THHN CU WIRES,,Wire
"[NM-B Wire] 12/3, Yellow, 100",,Wire
#2 XHHW-2 AL (GREEN),,Wire
THERMOSTAT WIRE,,Wire
1 pair #14 awg solid FPLR,,Wire
COP THHN12SOLWHT500RL THHN-12-,,Wire
14 Awg Stranded  Orange,,Wire
#4 THHN CU Green,,Wire
THHN 6  STR BLK,,Wire
 #400AL STR THW ,,Wire
"[THHN Wire] Orange, 500 MCM, A",,Wire
XHHW 2 AL 350 MC,,Wire
N/M Romex 14/2,,Wire
#12 Gray THHN 2500' SOLID,,Wire
600 MCM XHHW-2 AL (WHITE),,Wire
THHN-6-BLK-19STR-CU-2500R,,Wire
"10/2 Romex 1,000' Spools",,Wire
#4 THHN CU wire str blue,,Wire
12-2 MC CABLE (BUYOUT),,Wire
Feet #1 XHHW AL White,,Wire
#1 Al Xhhw Black,,Wire
"Water Resistant Coax Cable, RG",,Wire
240' 350 MCM XHHW Alu Wire Bla,,Wire
10-2 MC Cable,,Wire
14/3 NM-B ROMEX,,Wire
MC 16/2-12/2 BR/GY,,Wire
"[THHN Wire] Orange, 250 MCM, A",,Wire
#6 Thhn white copper,,Wire
Feet solid #12 Red,,Wire
NMB 12/2,,Wire
"[THHN Wire] Yellow, 2/0 AWG, A",,Wire
THHN STR 3,,Wire
2/0-2/0-2/0-1 AL SER Cable (B,,Wire
"8 AWG THHN Stranded Copper, Gr",,Wire
#4 THHN CU BROWN,,Wire
#12 Thhn Gray,,Wire
"[THWN/2 Wire] Brown, 14 AWG, C",,Wire
3/0 CU THHN Black,,Wire
#8 thhn str.cu. Black,,Wire
600AL THWN Grey,,Wire
Gripple cables ( UG2-CN-S3/8G-,,Wire
GRX-PCBL-46L-500 CTRL CABLE 50,,Wire
14-2 nmb romex 1000,,Wire
6-3 NM-B Romex (1000 FOOT SPOO,,Wire
2/0 thhn brown cu,,Wire
3/0 THHN CU,,Wire
250KCM BLUE THHN CUPPER,,Wire
BRKT SUPP CABLE,,Wire
1/0 AL XHHW-2 black,,Wire
CAT5E CABLE,,Wire
300 mcm Aluminum XHHW,,Wire
250 Ft. 14 /2 Solid Romex SIMp,,Wire
"3/4"" romex conn.",,Wire
14-2 Solid THHN F/A MC Cable (,,Wire
Wire THHN-10-WHT-SOL-2500' REE,,Wire
#1 thhn brown,,Wire
8/3 mc cable,,Wire
#10 Solid THHN-THWN  Brown (25,,Wire
XHHW 6 STR GRN REC'D,,Wire
#10 THHN Stranded White Wire,,Wire
4/0 THHN ALUMINUM,,Wire
AML LS-CABLE-110 - 110' SPOOL,,Wire
XHHW 600 STR WHT,,Wire
12 thhn solid black,,Wire
#10 Solid THHN Copper White/B,,Wire
XHHW 500 STR YEL,,Wire
4 Pair 22 AWG CMR CAT6a,,Wire
Genesis 50781101 4 Pair 24 AWG,,Wire
Mc Anti Short For 12/2 & 12/3 ,,Wire
1300' 500 MCM XHHW Alu Wire Re,,Wire
3/0 Bare Copper Wire,,Wire
40' Connex/Office Combo #10045,,Wire
3/0 THHN CU Green wire,,Wire
40' - #2 Alu Wire Green (HP2),,Wire
MC/CABLE 12/3,,Wire
COST TRANSFER - 10 THHN SOL RE,,Wire
12awg stranded cooper wire red,,Wire
2/0-4/0 WIRE,,Wire
"Ground Pig Tail #10, 8""L",,Wire
150 THHN-8-STR-GRY-CU THHN-8-,,Wire
#12 THHN CU GREEN,,Wire
16-14 AWG Blue Butt Splice Wir,,Wire
600AL THWN Green,,Wire
#1 AWG THHN RED ALUMINUM WIRE,,Wire
12/2 wire uf,,Wire
12/2 CU Rubber Coated MC Cable,,Wire
#3 THHN CU GREEN WIRE,,Wire
